ID,教科書,教科書コード,学年,ファイル単元,大単元,大単元タイトル,単元名,教科書ページ,ページ開始,ページ終了,PDF順,PDFページ,表内順,英語,日本語,重要語,重要語フラグ,注記,英日_問題,英日_答え,日英_問題,日英_答え,元PDF,読みの目安,読み確認メモ,v6正本英語,検索用基本形,変化形・別表記,v6正本日本語,語句構造,複数語フラグ,v7確認状態
1,ニューホライズン,NH,1,Pr,プレステップ,プレステップ,プレステップ2 アルファベットと英語のきまり,,,,1,1,1,Sunday,日曜日,☆,1,,Sunday,日曜日,日曜日,Sunday,01.26NH1_KeyWords_Pr_英日_問題.pdf,サンデイ,,Sunday,Sunday,,日曜日,単語,0,原本保持
2,ニューホライズン,NH,1,Pr,プレステップ,プレステップ,プレステップ2 アルファベットと英語のきまり,,,,1,1,2,two,"2, 2つの",☆,1,,two,"2, 2つの","2, 2つの",two,01.26NH1_KeyWords_Pr_英日_問題.pdf,トゥー,,two,two,,"2, 2つの",単語,0,原本保持
3,ニューホライズン,NH,1,Pr,プレステップ,プレステップ,プレステップ2 アルファベットと英語のきまり,,,,1,1,3,Monday,月曜日,☆,1,,Monday,月曜日,月曜日,Monday,01.26NH1_KeyWords_Pr_英日_問題.pdf,マンデイ,,Monday,Monday,,月曜日,単語,0,原本保持
4,ニューホライズン,NH,1,Pr,プレステップ,プレステップ,プレステップ2 アルファベットと英語のきまり,,,,1,1,4,three,"3, 3つの",☆,1,,three,"3, 3つの","3, 3つの",three,01.26NH1_KeyWords_Pr_英日_問題.pdf,スリー,,three,three,,"3, 3つの",単語,0,原本保持
5,ニューホライズン,NH,1,Pr,プレステップ,プレステップ,プレステップ2 アルファベットと英語のきまり,,,,1,1,5,Tuesday,火曜日,☆,1,,Tuesday,火曜日,火曜日,Tuesday,01.26NH1_KeyWords_Pr_英日_問題.pdf,チューズデイ,,Tuesday,Tuesday,,火曜日,単語,0,原本保持
6,ニューホライズン,NH,1,Pr,プレステップ,プレステップ,プレステップ2 アルファベットと英語のきまり,,,,1,1,6,Japanese,日本語,☆,1,,Japanese,日本語,日本語,Japanese,01.26NH1_KeyWords_Pr_英日_問題.pdf,ジャパニーズ,,Japanese,Japanese,,日本語,単語,0,原本保持
7,ニューホライズン,NH,1,Pr,プレステップ,プレステップ,プレステップ2 アルファベットと英語のきまり,,,,1,1,7,I,私は,☆,1,,I,私は,私は,I,01.26NH1_KeyWords_Pr_英日_問題.pdf,アイ,,I,I,,私は,単語,0,原本保持
8,ニューホライズン,NH,1,Pr,プレステップ,プレステップ,プレステップ2 アルファベットと英語のきまり,,,,1,1,8,English,英語,☆,1,確認追加:PDFのI / English行から補正,English,英語,英語,English,01.26NH1_KeyWords_Pr_英日_問題.pdf,イングリッシュ,,English,English,,英語,単語,0,原本保持
9,ニューホライズン,NH,1,Pr,プレステップ,プレステップ,プレステップ2 アルファベットと英語のきまり,,,,1,1,9,you,あなたは,☆,1,,you,あなたは,あなたは,you,01.26NH1_KeyWords_Pr_英日_問題.pdf,ユー,,you,you,,あなたは,単語,0,原本保持
10,ニューホライズン,NH,1,Pr,プレステップ,プレステップ,プレステップ2 アルファベットと英語のきまり,,,,1,1,10,soccer,サッカー,☆,1,,soccer,サッカー,サッカー,soccer,01.26NH1_KeyWords_Pr_英日_問題.pdf,サッカー,,soccer,soccer,,サッカー,単語,0,原本保持
11,ニューホライズン,NH,1,Pr,プレステップ,プレステップ,プレステップ2 アルファベットと英語のきまり,,,,1,1,11,like,~が好き,☆,1,,like,~が好き,~が好き,like,01.26NH1_KeyWords_Pr_英日_問題.pdf,ライク,,like,like,,~が好き,単語,0,原本保持
12,ニューホライズン,NH,1,Pr,プレステップ,プレステップ,プレステップ2 アルファベットと英語のきまり,,,,1,1,12,baseball,野球,☆,1,,baseball,野球,野球,baseball,01.26NH1_KeyWords_Pr_英日_問題.pdf,ベースボール,,baseball,baseball,,野球,単語,0,原本保持
13,ニューホライズン,NH,1,Pr,プレステップ,プレステップ,プレステップ2 アルファベットと英語のきまり,,,,1,1,13,study,~を勉強する,☆,1,,study,~を勉強する,~を勉強する,study,01.26NH1_KeyWords_Pr_英日_問題.pdf,スタディ,,study,study,,~を勉強する,単語,0,原本保持
14,ニューホライズン,NH,1,Pr,プレステップ,プレステップ,プレステップ2 アルファベットと英語のきまり,,,,1,1,14,bike,自転車,☆,1,,bike,自転車,自転車,bike,01.26NH1_KeyWords_Pr_英日_問題.pdf,バイク,,bike,bike,,自転車,単語,0,原本保持
15,ニューホライズン,NH,1,Pr,プレステップ,プレステップ,プレステップ2 アルファベットと英語のきまり,,,,1,1,15,have,~を持っている[飼っている],☆,1,,have,~を持っている[飼っている],~を持っている[飼っている],have,01.26NH1_KeyWords_Pr_英日_問題.pdf,ハブ,,have,have,,~を持っている[飼っている],単語,0,原本保持
16,ニューホライズン,NH,1,Pr,プレステップ,プレステップ,プレステップ2 アルファベットと英語のきまり,,,,1,1,16,car,自動車,☆,1,,car,自動車,自動車,car,01.26NH1_KeyWords_Pr_英日_問題.pdf,カー,,car,car,,自動車,単語,0,原本保持
17,ニューホライズン,NH,1,Pr,プレステップ,プレステップ,プレステップ2 アルファベットと英語のきまり,,,,1,1,17,one,"1, 1つの",☆,1,,one,"1, 1つの","1, 1つの",one,01.26NH1_KeyWords_Pr_英日_問題.pdf,ワン,,one,one,,"1, 1つの",単語,0,原本保持
18,ニューホライズン,NH,1,Pr,プレステップ,プレステップ,"プレステップ3 複数形とa, my, thisなど",,,,1,1,18,"a, an",1つの[単数形の名詞につく],☆,1,,"a, an",1つの[単数形の名詞につく],1つの[単数形の名詞につく],"a, an",01.26NH1_KeyWords_Pr_英日_問題.pdf,ア、アン,,"a, an","a, an",,1つの[単数形の名詞につく],複数語,1,原本保持
19,ニューホライズン,NH,1,Pr,プレステップ,プレステップ,"プレステップ3 複数形とa, my, thisなど",,,,1,1,19,cat,ネコ,☆,1,,cat,ネコ,ネコ,cat,01.26NH1_KeyWords_Pr_英日_問題.pdf,キャット,,cat,cat,,ネコ,単語,0,原本保持
20,ニューホライズン,NH,1,Pr,プレステップ,プレステップ,"プレステップ3 複数形とa, my, thisなど",,,,1,1,20,my,私の,☆,1,,my,私の,私の,my,01.26NH1_KeyWords_Pr_英日_問題.pdf,マイ,,my,my,,私の,単語,0,原本保持
21,ニューホライズン,NH,1,Pr,プレステップ,プレステップ,"プレステップ3 複数形とa, my, thisなど",,,,1,1,21,pen,ペン,☆,1,,pen,ペン,ペン,pen,01.26NH1_KeyWords_Pr_英日_問題.pdf,ペン,,pen,pen,,ペン,単語,0,原本保持
22,ニューホライズン,NH,1,Pr,プレステップ,プレステップ,"プレステップ3 複数形とa, my, thisなど",,,,1,1,22,this,"この, これは",☆,1,,this,"この, これは","この, これは",this,01.26NH1_KeyWords_Pr_英日_問題.pdf,ディス,,this,this,,"この, これは",単語,0,原本保持
23,ニューホライズン,NH,1,Pr,プレステップ,プレステップ,"プレステップ3 複数形とa, my, thisなど",,,,1,1,23,book,本,☆,1,,book,本,本,book,01.26NH1_KeyWords_Pr_英日_問題.pdf,ブック,,book,book,,本,単語,0,原本保持
24,ニューホライズン,NH,1,Pr,プレステップ,プレステップ,"プレステップ3 複数形とa, my, thisなど",,,,1,1,24,that,"あの, あれは",☆,1,,that,"あの, あれは","あの, あれは",that,01.26NH1_KeyWords_Pr_英日_問題.pdf,ザット,,that,that,,"あの, あれは",単語,0,原本保持
25,ニューホライズン,NH,1,Pr,プレステップ,プレステップ,"プレステップ3 複数形とa, my, thisなど",,,,1,1,25,bag,かばん,☆,1,,bag,かばん,かばん,bag,01.26NH1_KeyWords_Pr_英日_問題.pdf,バッグ,,bag,bag,,かばん,単語,0,原本保持
26,ニューホライズン,NH,1,Pr,プレステップ,プレステップ,"プレステップ3 複数形とa, my, thisなど",,,,1,1,26,some,いくつかの,☆,1,,some,いくつかの,いくつかの,some,01.26NH1_KeyWords_Pr_英日_問題.pdf,サム,,some,some,,いくつかの,単語,0,原本保持
27,ニューホライズン,NH,1,Pr,プレステップ,プレステップ,"プレステップ3 複数形とa, my, thisなど",,,,1,1,27,big,大きい,☆,1,,big,大きい,大きい,big,01.26NH1_KeyWords_Pr_英日_問題.pdf,ビッグ,,big,big,,大きい,単語,0,原本保持
28,ニューホライズン,NH,1,Pr,プレステップ,プレステップ,"プレステップ3 複数形とa, my, thisなど",,,,1,1,28,many,[数えられる名詞の複数形につけて] たくさんの,☆,1,,many,[数えられる名詞の複数形につけて] たくさんの,[数えられる名詞の複数形につけて] たくさんの,many,01.26NH1_KeyWords_Pr_英日_問題.pdf,メニー,,many,many,,[数えられる名詞の複数形につけて] たくさんの,単語,0,原本保持
29,ニューホライズン,NH,1,Pr,プレステップ,プレステップ,"プレステップ3 複数形とa, my, thisなど",,,,1,1,29,new,新しい,☆,1,,new,新しい,新しい,new,01.26NH1_KeyWords_Pr_英日_問題.pdf,ニュー,,new,new,,新しい,単語,0,原本保持
30,ニューホライズン,NH,1,Pr,プレステップ,プレステップ,"プレステップ3 複数形とa, my, thisなど",,,,1,1,30,dog,イヌ,☆,1,,dog,イヌ,イヌ,dog,01.26NH1_KeyWords_Pr_英日_問題.pdf,ドッグ,,dog,dog,,イヌ,単語,0,原本保持
31,ニューホライズン,NH,1,Pr,プレステップ,プレステップ,"プレステップ3 複数形とa, my, thisなど",,,,1,1,31,old,古い,☆,1,,old,古い,古い,old,01.26NH1_KeyWords_Pr_英日_問題.pdf,オールド,,old,old,,古い,単語,0,原本保持
32,ニューホライズン,NH,1,Pr,プレステップ,プレステップ,プレステップ4 だれが何をどうする,,,,1,1,32,we,私たちは,☆,1,,we,私たちは,私たちは,we,01.26NH1_KeyWords_Pr_英日_問題.pdf,ウィー,,we,we,,私たちは,単語,0,原本保持
33,ニューホライズン,NH,1,Pr,プレステップ,プレステップ,プレステップ4 だれが何をどうする,,,,1,1,33,play,~をする,☆,1,,play,~をする,~をする,play,01.26NH1_KeyWords_Pr_英日_問題.pdf,プレイ,,play,play,,~をする,単語,0,原本保持
34,ニューホライズン,NH,1,Pr,プレステップ,プレステップ,プレステップ4 だれが何をどうする,,,,1,1,34,they,"彼らは, それらは",☆,1,,they,"彼らは, それらは","彼らは, それらは",they,01.26NH1_KeyWords_Pr_英日_問題.pdf,ゼイ,,they,they,,"彼らは, それらは",単語,0,原本保持
35,ニューホライズン,NH,1,Pr,プレステップ,プレステップ,プレステップ4 だれが何をどうする,,,,1,1,35,clean,~をそうじする,☆,1,,clean,~をそうじする,~をそうじする,clean,01.26NH1_KeyWords_Pr_英日_問題.pdf,クリーン,,clean,clean,,~をそうじする,単語,0,原本保持
36,ニューホライズン,NH,1,Pr,プレステップ,プレステップ,プレステップ4 だれが何をどうする,,,,1,1,36,run,走る,☆,1,,run,走る,走る,run,01.26NH1_KeyWords_Pr_英日_問題.pdf,ラン,,run,run,,走る,単語,0,原本保持
37,ニューホライズン,NH,1,Pr,プレステップ,プレステップ,プレステップ4 だれが何をどうする,,,,1,1,37,make,~を作る,☆,1,,make,~を作る,~を作る,make,01.26NH1_KeyWords_Pr_英日_問題.pdf,メイク,,make,make,,~を作る,単語,0,原本保持
38,ニューホライズン,NH,1,Pr,プレステップ,プレステップ,プレステップ4 だれが何をどうする,,,,1,1,38,swim,泳ぐ,☆,1,,swim,泳ぐ,泳ぐ,swim,01.26NH1_KeyWords_Pr_英日_問題.pdf,スイム,,swim,swim,,泳ぐ,単語,0,原本保持
39,ニューホライズン,NH,1,Pr,プレステップ,プレステップ,プレステップ4 だれが何をどうする,,,,1,1,39,eat,~を食べる,☆,1,,eat,~を食べる,~を食べる,eat,01.26NH1_KeyWords_Pr_英日_問題.pdf,イート,,eat,eat,,~を食べる,単語,0,原本保持
40,ニューホライズン,NH,1,Pr,プレステップ,プレステップ,プレステップ4 だれが何をどうする,,,,1,1,40,speak,~を話す,☆,1,,speak,~を話す,~を話す,speak,01.26NH1_KeyWords_Pr_英日_問題.pdf,スピーク,,speak,speak,,~を話す,単語,0,原本保持
41,ニューホライズン,NH,1,Pr,プレステップ,プレステップ,プレステップ4 だれが何をどうする,,,,1,1,41,room,部屋,☆,1,,room,部屋,部屋,room,01.26NH1_KeyWords_Pr_英日_問題.pdf,ルーム,,room,room,,部屋,単語,0,原本保持
42,ニューホライズン,NH,1,Pr,プレステップ,プレステップ,プレステップ5 どこで(前置詞1),,,,1,1,42,in,~の中に,☆,1,,in,~の中に,~の中に,in,01.26NH1_KeyWords_Pr_英日_問題.pdf,イン,,in,in,,~の中に,単語,0,原本保持
43,ニューホライズン,NH,1,Pr,プレステップ,プレステップ,プレステップ5 どこで(前置詞1),,,,1,1,43,go to ~,~に行く,☆,1,,go to ~,~に行く,~に行く,go to ~,01.26NH1_KeyWords_Pr_英日_問題.pdf,ゴウ トゥ ～,,go to ~,go to ~,,~に行く,表現,1,原本保持
44,ニューホライズン,NH,1,Pr,プレステップ,プレステップ,プレステップ5 どこで(前置詞1),,,,1,1,44,on,~の上に,☆,1,,on,~の上に,~の上に,on,01.26NH1_KeyWords_Pr_英日_問題.pdf,オン,,on,on,,~の上に,単語,0,原本保持
45,ニューホライズン,NH,1,Pr,プレステップ,プレステップ,プレステップ5 どこで(前置詞1),,,,1,1,45,here,ここで,☆,1,,here,ここで,ここで,here,01.26NH1_KeyWords_Pr_英日_問題.pdf,ヒア,,here,here,,ここで,単語,0,原本保持
46,ニューホライズン,NH,1,Pr,プレステップ,プレステップ,プレステップ5 どこで(前置詞1),,,,1,1,46,at,~で,☆,1,,at,~で,~で,at,01.26NH1_KeyWords_Pr_英日_問題.pdf,アット,,at,at,,~で,単語,0,原本保持
47,ニューホライズン,NH,1,Pr,プレステップ,プレステップ,プレステップ5 どこで(前置詞1),,,,1,1,47,there,そこで,☆,1,,there,そこで,そこで,there,01.26NH1_KeyWords_Pr_英日_問題.pdf,ゼア,,there,there,,そこで,単語,0,原本保持
48,ニューホライズン,NH,1,Pr,プレステップ,プレステップ,プレステップ5 どこで(前置詞1),,,,1,1,48,by,[交通手段]で,☆,1,,by,[交通手段]で,[交通手段]で,by,01.26NH1_KeyWords_Pr_英日_問題.pdf,バイ,,by,by,,[交通手段]で,単語,0,原本保持
49,ニューホライズン,NH,1,Pr,プレステップ,プレステップ,プレステップ5 どこで(前置詞1),,,,1,1,49,park,公園,☆,1,,park,公園,公園,park,01.26NH1_KeyWords_Pr_英日_問題.pdf,パーク,,park,park,,公園,単語,0,原本保持
50,ニューホライズン,NH,1,Pr,プレステップ,プレステップ,プレステップ5 どこで(前置詞1),,,,1,1,50,with,~といっしょに,☆,1,,with,~といっしょに,~といっしょに,with,01.26NH1_KeyWords_Pr_英日_問題.pdf,ウィズ,,with,with,,~といっしょに,単語,0,原本保持
51,ニューホライズン,NH,1,Pr,プレステップ,プレステップ,プレステップ5 どこで(前置詞1),,,,1,1,51,school,学校,☆,1,,school,学校,学校,school,01.26NH1_KeyWords_Pr_英日_問題.pdf,スクール,,school,school,,学校,単語,0,原本保持
52,ニューホライズン,NH,1,Pr,プレステップ,プレステップ,プレステップ5 どこで(前置詞1),,,,1,1,52,meet,~に会う,☆,1,,meet,~に会う,~に会う,meet,01.26NH1_KeyWords_Pr_英日_問題.pdf,ミート,,meet,meet,,~に会う,単語,0,原本保持
53,ニューホライズン,NH,1,Pr,プレステップ,プレステップ,プレステップ5 どこで(前置詞1),,,,1,1,53,library,図書館,☆,1,,library,図書館,図書館,library,01.26NH1_KeyWords_Pr_英日_問題.pdf,ライブラリー,,library,library,,図書館,単語,0,原本保持
54,ニューホライズン,NH,1,Pr,プレステップ,,プレステップ6 いつ(前置詞2),,,,1,2,54,in,"[年, 月, 季節]に",☆,1,,in,"[年, 月, 季節]に","[年, 月, 季節]に",in,01.26NH1_KeyWords_Pr_英日_問題.pdf,イン,,in,in,,"[年, 月, 季節]に",単語,0,原本保持
55,ニューホライズン,NH,1,Pr,プレステップ,,プレステップ6 いつ(前置詞2),,,,1,2,55,Saturday,土曜日,☆,1,,Saturday,土曜日,土曜日,Saturday,01.26NH1_KeyWords_Pr_英日_問題.pdf,サタデイ,,Saturday,Saturday,,土曜日,単語,0,原本保持
56,ニューホライズン,NH,1,Pr,プレステップ,,プレステップ6 いつ(前置詞2),,,,1,2,56,on,"[日, 曜日]に",☆,1,,on,"[日, 曜日]に","[日, 曜日]に",on,01.26NH1_KeyWords_Pr_英日_問題.pdf,オン,,on,on,,"[日, 曜日]に",単語,0,原本保持
57,ニューホライズン,NH,1,Pr,プレステップ,,プレステップ6 いつ(前置詞2),,,,1,2,57,every,毎~,☆,1,,every,毎~,毎~,every,01.26NH1_KeyWords_Pr_英日_問題.pdf,エブリ,,every,every,,毎~,単語,0,原本保持
58,ニューホライズン,NH,1,Pr,プレステップ,,プレステップ6 いつ(前置詞2),,,,1,2,58,at,[時刻]に,☆,1,,at,[時刻]に,[時刻]に,at,01.26NH1_KeyWords_Pr_英日_問題.pdf,アット,,at,at,,[時刻]に,単語,0,原本保持
59,ニューホライズン,NH,1,Pr,プレステップ,,プレステップ6 いつ(前置詞2),,,,1,2,59,April,4月,☆,1,,April,4月,4月,April,01.26NH1_KeyWords_Pr_英日_問題.pdf,エイプリル,,April,April,,4月,単語,0,原本保持
60,ニューホライズン,NH,1,Pr,プレステップ,,プレステップ6 いつ(前置詞2),,,,1,2,60,Wednesday,水曜日,☆,1,,Wednesday,水曜日,水曜日,Wednesday,01.26NH1_KeyWords_Pr_英日_問題.pdf,ウェンズデイ,,Wednesday,Wednesday,,水曜日,単語,0,原本保持
61,ニューホライズン,NH,1,Pr,プレステップ,,プレステップ6 いつ(前置詞2),,,,1,2,61,July,7月,☆,1,,July,7月,7月,July,01.26NH1_KeyWords_Pr_英日_問題.pdf,ジュライ,,July,July,,7月,単語,0,原本保持
62,ニューホライズン,NH,1,Pr,プレステップ,,プレステップ6 いつ(前置詞2),,,,1,2,62,Thursday,木曜日,☆,1,,Thursday,木曜日,木曜日,Thursday,01.26NH1_KeyWords_Pr_英日_問題.pdf,サーズデイ,,Thursday,Thursday,,木曜日,単語,0,原本保持
63,ニューホライズン,NH,1,Pr,プレステップ,,プレステップ6 いつ(前置詞2),,,,1,2,63,summer,夏,☆,1,,summer,夏,夏,summer,01.26NH1_KeyWords_Pr_英日_問題.pdf,サマー,,summer,summer,,夏,単語,0,原本保持
64,ニューホライズン,NH,1,Pr,プレステップ,,プレステップ6 いつ(前置詞2),,,,1,2,64,Friday,金曜日,☆,1,,Friday,金曜日,金曜日,Friday,01.26NH1_KeyWords_Pr_英日_問題.pdf,フライデイ,,Friday,Friday,,金曜日,単語,0,原本保持
65,ニューホライズン,NH,1,Pr,プレステップ,,プレステップ6 いつ(前置詞2),,,,1,2,65,winter,冬,☆,1,,winter,冬,冬,winter,01.26NH1_KeyWords_Pr_英日_問題.pdf,ウィンター,,winter,winter,,冬,単語,0,原本保持
66,ニューホライズン,NH,1,Pr,プレステップ,,プレステップ7 be動詞,,,,1,2,66,am-are-is,~です(be動詞),☆,1,,am-are-is,~です(be動詞),~です(be動詞),am-are-is,01.26NH1_KeyWords_Pr_英日_問題.pdf,アム・アー・イズ,,am-are-is,am-are-is,,~です(be動詞),単語,0,原本保持
67,ニューホライズン,NH,1,Pr,プレステップ,,プレステップ7 be動詞,,,,1,2,67,brother,"兄, 弟, 兄弟",☆,1,,brother,"兄, 弟, 兄弟","兄, 弟, 兄弟",brother,01.26NH1_KeyWords_Pr_英日_問題.pdf,ブラザー,,brother,brother,,"兄, 弟, 兄弟",単語,0,原本保持
68,ニューホライズン,NH,1,Pr,プレステップ,,プレステップ7 be動詞,,,,1,2,68,he,彼は,☆,1,,he,彼は,彼は,he,01.26NH1_KeyWords_Pr_英日_問題.pdf,ヒー,,he,he,,彼は,単語,0,原本保持
69,ニューホライズン,NH,1,Pr,プレステップ,,プレステップ7 be動詞,,,,1,2,69,sister,"姉, 妹, 姉妹",☆,1,,sister,"姉, 妹, 姉妹","姉, 妹, 姉妹",sister,01.26NH1_KeyWords_Pr_英日_問題.pdf,シスター,,sister,sister,,"姉, 妹, 姉妹",単語,0,原本保持
70,ニューホライズン,NH,1,Pr,プレステップ,,プレステップ7 be動詞,,,,1,2,70,she,彼女は,☆,1,,she,彼女は,彼女は,she,01.26NH1_KeyWords_Pr_英日_問題.pdf,シー,,she,she,,彼女は,単語,0,原本保持
71,ニューホライズン,NH,1,Pr,プレステップ,,プレステップ7 be動詞,,,,1,2,71,friend,友だち,☆,1,,friend,友だち,友だち,friend,01.26NH1_KeyWords_Pr_英日_問題.pdf,フレンド,,friend,friend,,友だち,単語,0,原本保持
72,ニューホライズン,NH,1,Pr,プレステップ,,プレステップ7 be動詞,,,,1,2,72,teacher,先生,☆,1,,teacher,先生,先生,teacher,01.26NH1_KeyWords_Pr_英日_問題.pdf,ティーチャー,,teacher,teacher,,先生,単語,0,原本保持
73,ニューホライズン,NH,1,Pr,プレステップ,,プレステップ7 be動詞,,,,1,2,73,busy,いそがしい,☆,1,,busy,いそがしい,いそがしい,busy,01.26NH1_KeyWords_Pr_英日_問題.pdf,ビジー,,busy,busy,,いそがしい,単語,0,原本保持
74,ニューホライズン,NH,1,Pr,プレステップ,,プレステップ7 be動詞,,,,1,2,74,father,"父, お父さん",☆,1,,father,"父, お父さん","父, お父さん",father,01.26NH1_KeyWords_Pr_英日_問題.pdf,ファーザー,,father,father,,"父, お父さん",単語,0,原本保持
75,ニューホライズン,NH,1,Pr,プレステップ,,プレステップ7 be動詞,,,,1,2,75,free,ひまな,☆,1,,free,ひまな,ひまな,free,01.26NH1_KeyWords_Pr_英日_問題.pdf,フリー,,free,free,,ひまな,単語,0,原本保持
76,ニューホライズン,NH,1,Pr,プレステップ,,プレステップ7 be動詞,,,,1,2,76,mother,"母, お母さん",☆,1,,mother,"母, お母さん","母, お母さん",mother,01.26NH1_KeyWords_Pr_英日_問題.pdf,マザー,,mother,mother,,"母, お母さん",単語,0,原本保持
77,ニューホライズン,NH,1,Pr,プレステップ,,プレステップ7 be動詞,,,,1,2,77,these,"これらは, これらの",☆,1,,these,"これらは, これらの","これらは, これらの",these,01.26NH1_KeyWords_Pr_英日_問題.pdf,ジーズ,,these,these,,"これらは, これらの",単語,0,原本保持
78,ニューホライズン,NH,1,Pr,プレステップ,,プレステップ8 一般動詞,,,,1,2,78,read,~を読む,☆,1,,read,~を読む,~を読む,read,01.26NH1_KeyWords_Pr_英日_問題.pdf,リード,,read,read,,~を読む,単語,0,原本保持
79,ニューホライズン,NH,1,Pr,プレステップ,,プレステップ8 一般動詞,,,,1,2,79,lunch,昼食,☆,1,,lunch,昼食,昼食,lunch,01.26NH1_KeyWords_Pr_英日_問題.pdf,ランチ,,lunch,lunch,,昼食,単語,0,原本保持
80,ニューホライズン,NH,1,Pr,プレステップ,,プレステップ8 一般動詞,,,,1,2,80,use,~を使う,☆,1,,use,~を使う,~を使う,use,01.26NH1_KeyWords_Pr_英日_問題.pdf,ユーズ,,use,use,,~を使う,単語,0,原本保持
81,ニューホライズン,NH,1,Pr,プレステップ,,プレステップ8 一般動詞,,,,1,2,81,dinner,夕食,☆,1,,dinner,夕食,夕食,dinner,01.26NH1_KeyWords_Pr_英日_問題.pdf,ディナー,,dinner,dinner,,夕食,単語,0,原本保持
82,ニューホライズン,NH,1,Pr,プレステップ,,プレステップ8 一般動詞,,,,1,2,82,watch,~を見る,☆,1,,watch,~を見る,~を見る,watch,01.26NH1_KeyWords_Pr_英日_問題.pdf,ウォッチ,,watch,watch,,~を見る,単語,0,原本保持
83,ニューホライズン,NH,1,Pr,プレステップ,,プレステップ8 一般動詞,,,,1,2,83,tennis,テニス,☆,1,,tennis,テニス,テニス,tennis,01.26NH1_KeyWords_Pr_英日_問題.pdf,テニス,,tennis,tennis,,テニス,単語,0,原本保持
84,ニューホライズン,NH,1,Pr,プレステップ,,プレステップ8 一般動詞,,,,1,2,84,know,~を知っている,☆,1,,know,~を知っている,~を知っている,know,01.26NH1_KeyWords_Pr_英日_問題.pdf,ノウ,,know,know,,~を知っている,単語,0,原本保持
85,ニューホライズン,NH,1,Pr,プレステップ,,プレステップ8 一般動詞,,,,1,2,85,boy,"男の子, 少年",☆,1,,boy,"男の子, 少年","男の子, 少年",boy,01.26NH1_KeyWords_Pr_英日_問題.pdf,ボーイ,,boy,boy,,"男の子, 少年",単語,0,原本保持
86,ニューホライズン,NH,1,Pr,プレステップ,,プレステップ8 一般動詞,,,,1,2,86,his,彼の,☆,1,,his,彼の,彼の,his,01.26NH1_KeyWords_Pr_英日_問題.pdf,ヒズ,,his,his,,彼の,単語,0,原本保持
87,ニューホライズン,NH,1,Pr,プレステップ,,プレステップ8 一般動詞,,,,1,2,87,girl,"女の子, 少女",☆,1,,girl,"女の子, 少女","女の子, 少女",girl,01.26NH1_KeyWords_Pr_英日_問題.pdf,ガール,,girl,girl,,"女の子, 少女",単語,0,原本保持
88,ニューホライズン,NH,1,Pr,プレステップ,,プレステップ8 一般動詞,,,,1,2,88,her,彼女の,☆,1,,her,彼女の,彼女の,her,01.26NH1_KeyWords_Pr_英日_問題.pdf,ハー,,her,her,,彼女の,単語,0,原本保持
89,ニューホライズン,NH,1,Pr,プレステップ,,プレステップ8 一般動詞,,,,1,2,89,after,~のあとに,☆,1,,after,~のあとに,~のあとに,after,01.26NH1_KeyWords_Pr_英日_問題.pdf,アフター,,after,after,,~のあとに,単語,0,原本保持
90,ニューホライズン,NH,1,Pr,プレステップ,,プレステップ9 can,,,,1,2,90,can,~できる,☆,1,,can,~できる,~できる,can,01.26NH1_KeyWords_Pr_英日_問題.pdf,キャン,,can,can,,~できる,単語,0,原本保持
91,ニューホライズン,NH,1,Pr,プレステップ,,プレステップ9 can,,,,1,2,91,computer,コンピュータ,☆,1,,computer,コンピュータ,コンピュータ,computer,01.26NH1_KeyWords_Pr_英日_問題.pdf,コンピューター,,computer,computer,,コンピュータ,単語,0,原本保持
92,ニューホライズン,NH,1,Pr,プレステップ,,プレステップ9 can,,,,1,2,92,can't[cannot],~できない,☆,1,,can't[cannot],~できない,~できない,can't[cannot],01.26NH1_KeyWords_Pr_英日_問題.pdf,キャント（キャノット）,,can't[cannot],can't[cannot],,~できない,単語,0,原本保持
93,ニューホライズン,NH,1,Pr,プレステップ,,プレステップ9 can,,,,1,2,93,homework,宿題,☆,1,,homework,宿題,宿題,homework,01.26NH1_KeyWords_Pr_英日_問題.pdf,ホームワーク,,homework,homework,,宿題,単語,0,原本保持
94,ニューホライズン,NH,1,Pr,プレステップ,,プレステップ9 can,,,,1,2,94,buy,~を買う,☆,1,,buy,~を買う,~を買う,buy,01.26NH1_KeyWords_Pr_英日_問題.pdf,バイ,,buy,buy,,~を買う,単語,0,原本保持
95,ニューホライズン,NH,1,Pr,プレステップ,,プレステップ9 can,,,,1,2,95,piano,ピアノ,☆,1,,piano,ピアノ,ピアノ,piano,01.26NH1_KeyWords_Pr_英日_問題.pdf,ピアノ,,piano,piano,,ピアノ,単語,0,原本保持
96,ニューホライズン,NH,1,Pr,プレステップ,,プレステップ9 can,,,,1,2,96,write,~を書く,☆,1,,write,~を書く,~を書く,write,01.26NH1_KeyWords_Pr_英日_問題.pdf,ライト,,write,write,,~を書く,単語,0,原本保持
97,ニューホライズン,NH,1,Pr,プレステップ,,プレステップ9 can,,,,1,2,97,guitar,ギター,☆,1,,guitar,ギター,ギター,guitar,01.26NH1_KeyWords_Pr_英日_問題.pdf,ギター,,guitar,guitar,,ギター,単語,0,原本保持
98,ニューホライズン,NH,1,Pr,プレステップ,,プレステップ9 can,,,,1,2,98,do,(宿題などを)する,☆,1,,do,(宿題などを)する,(宿題などを)する,do,01.26NH1_KeyWords_Pr_英日_問題.pdf,ドゥ,,do,do,,(宿題などを)する,単語,0,原本保持
99,ニューホライズン,NH,1,Pr,プレステップ,,プレステップ9 can,,,,1,2,99,well,じょうずに,☆,1,,well,じょうずに,じょうずに,well,01.26NH1_KeyWords_Pr_英日_問題.pdf,ウェル,,well,well,,じょうずに,単語,0,原本保持
100,ニューホライズン,NH,1,Pr,プレステップ,,プレステップ9 can,,,,1,2,100,video game,テレビゲーム,☆,1,,video game,テレビゲーム,テレビゲーム,video game,01.26NH1_KeyWords_Pr_英日_問題.pdf,ビデオ ゲーム,,video game,video game,,テレビゲーム,複数語,1,原本保持
101,ニューホライズン,NH,1,Pr,プレステップ,,プレステップ9 can,,,,1,2,101,today,今日(は),☆,1,,today,今日(は),今日(は),today,01.26NH1_KeyWords_Pr_英日_問題.pdf,トゥデイ,,today,today,,今日(は),単語,0,原本保持
102,ニューホライズン,NH,1,U0,Nice,To Meet You Unit0,Unit0 Nice To Meet You / 英語の音と文字,P6～P9,6,9,2,1,1,want,~がほしい,☆,1,,want,~がほしい,~がほしい,want,02.26NH1_KeyWords_U0_英日_問題.pdf,ウォント,,want,want,,~がほしい,単語,0,原本保持
103,ニューホライズン,NH,1,U0,Nice,To Meet You Unit0,Unit0 Nice To Meet You / 英語の音と文字,P6～P9,6,9,2,1,2,hot,"熱い, 暑い",☆,1,,hot,"熱い, 暑い","熱い, 暑い",hot,02.26NH1_KeyWords_U0_英日_問題.pdf,ホット,,hot,hot,,"熱い, 暑い",単語,0,原本保持
104,ニューホライズン,NH,1,U0,Nice,To Meet You Unit0,Unit0 Nice To Meet You / 英語の音と文字,P6～P9,6,9,2,1,3,name,名前,☆,1,,name,名前,名前,name,02.26NH1_KeyWords_U0_英日_問題.pdf,ネーム,,name,name,,名前,単語,0,原本保持
105,ニューホライズン,NH,1,U0,Nice,To Meet You Unit0,Unit0 Nice To Meet You / 英語の音と文字,P6～P9,6,9,2,1,4,jump,とぶ,,0,,jump,とぶ,とぶ,jump,02.26NH1_KeyWords_U0_英日_問題.pdf,ジャンプ,,jump,jump,,とぶ,単語,0,原本保持
106,ニューホライズン,NH,1,U0,Nice,To Meet You Unit0,Unit0 Nice To Meet You / 英語の音と文字,P6～P9,6,9,2,1,5,morning,"朝, 午前",☆,1,,morning,"朝, 午前","朝, 午前",morning,02.26NH1_KeyWords_U0_英日_問題.pdf,モーニング,,morning,morning,,"朝, 午前",単語,0,原本保持
107,ニューホライズン,NH,1,U0,Nice,To Meet You Unit0,Unit0 Nice To Meet You / 英語の音と文字,P6～P9,6,9,2,1,6,cut,切る,,0,,cut,切る,切る,cut,02.26NH1_KeyWords_U0_英日_問題.pdf,カット,,cut,cut,,切る,単語,0,原本保持
108,ニューホライズン,NH,1,U0,Nice,To Meet You Unit0,Unit0 Nice To Meet You / 英語の音と文字,P6～P9,6,9,2,1,7,nice,"すてきな, よい",☆,1,,nice,"すてきな, よい","すてきな, よい",nice,02.26NH1_KeyWords_U0_英日_問題.pdf,ナイス,,nice,nice,,"すてきな, よい",単語,0,原本保持
109,ニューホライズン,NH,1,U0,Nice,To Meet You Unit0,Unit0 Nice To Meet You / 英語の音と文字,P6～P9,6,9,2,1,8,uniform,"制服, ユニフォーム",,0,,uniform,"制服, ユニフォーム","制服, ユニフォーム",uniform,02.26NH1_KeyWords_U0_英日_問題.pdf,ユニフォーム,,uniform,uniform,,"制服, ユニフォーム",単語,0,原本保持
110,ニューホライズン,NH,1,U0,Nice,To Meet You Unit0,Unit0 Nice To Meet You / 英語の音と文字,P6～P9,6,9,2,1,9,good,よい,☆,1,,good,よい,よい,good,02.26NH1_KeyWords_U0_英日_問題.pdf,グッド,,good,good,,よい,単語,0,原本保持
111,ニューホライズン,NH,1,U0,Nice,To Meet You Unit0,Unit0 Nice To Meet You / 英語の音と文字,P6～P9,6,9,2,1,10,umbrella,傘,,0,,umbrella,傘,傘,umbrella,02.26NH1_KeyWords_U0_英日_問題.pdf,アムブレラ,,umbrella,umbrella,,傘,単語,0,原本保持
112,ニューホライズン,NH,1,U0,Nice,To Meet You Unit0,Unit0 Nice To Meet You / 英語の音と文字,P6～P9,6,9,2,1,11,Nice to meet you.,はじめまして。,☆,1,,Nice to meet you.,はじめまして。,はじめまして。,Nice to meet you.,02.26NH1_KeyWords_U0_英日_問題.pdf,ナイス トゥ ミート ユー,,Nice to meet you.,Nice to meet you.,,はじめまして。,複数語,1,原本保持
113,ニューホライズン,NH,1,U0,Nice,To Meet You Unit0,Unit0 Nice To Meet You / 英語の音と文字,P6～P9,6,9,2,1,12,sun,太陽,,0,,sun,太陽,太陽,sun,02.26NH1_KeyWords_U0_英日_問題.pdf,サン,,sun,sun,,太陽,単語,0,原本保持
114,ニューホライズン,NH,1,U0,Nice,To Meet You Unit0,Unit0 Nice To Meet You / 英語の音と文字,P6～P9,6,9,2,1,13,Good morning.,おはようございます。,☆,1,,Good morning.,おはようございます。,おはようございます。,Good morning.,02.26NH1_KeyWords_U0_英日_問題.pdf,グッド モーニング,,Good morning.,Good morning.,,おはようございます。,複数語,1,原本保持
115,ニューホライズン,NH,1,U0,Nice,To Meet You Unit0,Unit0 Nice To Meet You / 英語の音と文字,P6～P9,6,9,2,1,14,rabbit,ウサギ,,0,,rabbit,ウサギ,ウサギ,rabbit,02.26NH1_KeyWords_U0_英日_問題.pdf,ラビット,,rabbit,rabbit,,ウサギ,単語,0,原本保持
116,ニューホライズン,NH,1,U0,Nice,To Meet You Unit0,Unit0 Nice To Meet You / 英語の音と文字,P6～P9,6,9,2,1,15,tree,"木, 樹木",☆,1,,tree,"木, 樹木","木, 樹木",tree,02.26NH1_KeyWords_U0_英日_問題.pdf,ツリー,,tree,tree,,"木, 樹木",単語,0,原本保持
117,ニューホライズン,NH,1,U0,Nice,To Meet You Unit0,Unit0 Nice To Meet You / 英語の音と文字,P6～P9,6,9,2,1,16,ocean,"大洋, 海",,0,,ocean,"大洋, 海","大洋, 海",ocean,02.26NH1_KeyWords_U0_英日_問題.pdf,オーシャン,,ocean,ocean,,"大洋, 海",単語,0,原本保持
118,ニューホライズン,NH,1,U0,Nice,To Meet You Unit0,Unit0 Nice To Meet You / 英語の音と文字,P6～P9,6,9,2,1,17,ten,10,☆,1,,ten,10,10,ten,02.26NH1_KeyWords_U0_英日_問題.pdf,テン,,ten,ten,,10,単語,0,原本保持
119,ニューホライズン,NH,1,U0,Nice,To Meet You Unit0,Unit0 Nice To Meet You / 英語の音と文字,P6～P9,6,9,2,1,18,monkey,サル,,0,,monkey,サル,サル,monkey,02.26NH1_KeyWords_U0_英日_問題.pdf,モンキー,,monkey,monkey,,サル,単語,0,原本保持
120,ニューホライズン,NH,1,U0,Nice,To Meet You Unit0,Unit0 Nice To Meet You / 英語の音と文字,P6～P9,6,9,2,1,19,milk,牛乳,☆,1,,milk,牛乳,牛乳,milk,02.26NH1_KeyWords_U0_英日_問題.pdf,ミルク,,milk,milk,,牛乳,単語,0,原本保持
121,ニューホライズン,NH,1,U0,Nice,To Meet You Unit0,Unit0 Nice To Meet You / 英語の音と文字,P6～P9,6,9,2,1,20,horse,ウマ,,0,,horse,ウマ,ウマ,horse,02.26NH1_KeyWords_U0_英日_問題.pdf,ホース,,horse,horse,,ウマ,単語,0,原本保持
122,ニューホライズン,NH,1,U0,Nice,To Meet You Unit0,Unit0 Nice To Meet You / 英語の音と文字,P6～P9,6,9,2,1,21,map,地図,☆,1,,map,地図,地図,map,02.26NH1_KeyWords_U0_英日_問題.pdf,マップ,,map,map,,地図,単語,0,原本保持
123,ニューホライズン,NH,1,U0,Nice,To Meet You Unit0,Unit0 Nice To Meet You / 英語の音と文字,P6～P9,6,9,2,1,22,hat,(ふちのある)帽子,,0,,hat,(ふちのある)帽子,(ふちのある)帽子,hat,02.26NH1_KeyWords_U0_英日_問題.pdf,ハット,,hat,hat,,(ふちのある)帽子,単語,0,原本保持
124,ニューホライズン,NH,1,U0,Nice,To Meet You Unit0,Unit0 Nice To Meet You / 英語の音と文字,P6～P9,6,9,2,1,23,flower,花,☆,1,,flower,花,花,flower,02.26NH1_KeyWords_U0_英日_問題.pdf,フラワー,,flower,flower,,花,単語,0,原本保持
125,ニューホライズン,NH,1,U0,Nice,To Meet You Unit0,Unit0 Nice To Meet You / 英語の音と文字,P6～P9,6,9,2,1,24,gym,体育館,,0,,gym,体育館,体育館,gym,02.26NH1_KeyWords_U0_英日_問題.pdf,ジム,,gym,gym,,体育館,単語,0,原本保持
126,ニューホライズン,NH,1,U0,Nice,To Meet You Unit0,Unit0 Nice To Meet You / 英語の音と文字,P6～P9,6,9,2,1,25,evening,"夕方, 晩",☆,1,,evening,"夕方, 晩","夕方, 晩",evening,02.26NH1_KeyWords_U0_英日_問題.pdf,イブニング,,evening,evening,,"夕方, 晩",単語,0,原本保持
127,ニューホライズン,NH,1,U0,Nice,To Meet You Unit0,Unit0 Nice To Meet You / 英語の音と文字,P6～P9,6,9,2,1,26,gorilla,ゴリラ,,0,,gorilla,ゴリラ,ゴリラ,gorilla,02.26NH1_KeyWords_U0_英日_問題.pdf,ゴリラ,,gorilla,gorilla,,ゴリラ,単語,0,原本保持
128,ニューホライズン,NH,1,U0,Nice,To Meet You Unit0,Unit0 Nice To Meet You / 英語の音と文字,P6～P9,6,9,2,1,27,egg,卵,☆,1,,egg,卵,卵,egg,02.26NH1_KeyWords_U0_英日_問題.pdf,エッグ,,egg,egg,,卵,単語,0,原本保持
129,ニューホライズン,NH,1,U0,Nice,To Meet You Unit0,Unit0 Nice To Meet You / 英語の音と文字,P6～P9,6,9,2,1,28,fox,キツネ,,0,,fox,キツネ,キツネ,fox,02.26NH1_KeyWords_U0_英日_問題.pdf,フォックス,,fox,fox,,キツネ,単語,0,原本保持
130,ニューホライズン,NH,1,U0,Nice,To Meet You Unit0,Unit0 Nice To Meet You / 英語の音と文字,P6～P9,6,9,2,1,29,dog,イヌ,☆,1,,dog,イヌ,イヌ,dog,02.26NH1_KeyWords_U0_英日_問題.pdf,ドッグ,,dog,dog,,イヌ,単語,0,原本保持
131,ニューホライズン,NH,1,U0,Nice,To Meet You Unit0,Unit0 Nice To Meet You / 英語の音と文字,P6～P9,6,9,2,1,30,fan,"扇, 扇風機",,0,,fan,"扇, 扇風機","扇, 扇風機",fan,02.26NH1_KeyWords_U0_英日_問題.pdf,ファン,,fan,fan,,"扇, 扇風機",単語,0,原本保持
132,ニューホライズン,NH,1,U0,Nice,To Meet You Unit0,Unit0 Nice To Meet You / 英語の音と文字,P6～P9,6,9,2,1,31,desk,机,☆,1,,desk,机,机,desk,02.26NH1_KeyWords_U0_英日_問題.pdf,デスク,,desk,desk,,机,単語,0,原本保持
133,ニューホライズン,NH,1,U0,Nice,To Meet You Unit0,Unit0 Nice To Meet You / 英語の音と文字,P6～P9,6,9,2,1,32,cup,カップ,,0,,cup,カップ,カップ,cup,02.26NH1_KeyWords_U0_英日_問題.pdf,カップ,,cup,cup,,カップ,単語,0,原本保持
134,ニューホライズン,NH,1,U0,Nice,To Meet You Unit0,Unit0 Nice To Meet You / 英語の音と文字,P6～P9,6,9,2,1,33,city,市,☆,1,,city,市,市,city,02.26NH1_KeyWords_U0_英日_問題.pdf,シティ,,city,city,,市,単語,0,原本保持
135,ニューホライズン,NH,1,U0,Nice,To Meet You Unit0,Unit0 Nice To Meet You / 英語の音と文字,P6～P9,6,9,2,1,34,cap,"(ふちがない, ひさしのついた)帽子",,0,,cap,"(ふちがない, ひさしのついた)帽子","(ふちがない, ひさしのついた)帽子",cap,02.26NH1_KeyWords_U0_英日_問題.pdf,カップ,,cap,cap,,"(ふちがない, ひさしのついた)帽子",単語,0,原本保持
136,ニューホライズン,NH,1,U0,Nice,To Meet You Unit0,Unit0 Nice To Meet You / 英語の音と文字,P6～P9,6,9,2,1,35,box,箱,☆,1,,box,箱,箱,box,02.26NH1_KeyWords_U0_英日_問題.pdf,バクス,,box,box,,箱,単語,0,原本保持
137,ニューホライズン,NH,1,U0,Nice,To Meet You Unit0,Unit0 Nice To Meet You / 英語の音と文字,P6～P9,6,9,2,1,36,red,"赤, 赤い",,0,,red,"赤, 赤い","赤, 赤い",red,02.26NH1_KeyWords_U0_英日_問題.pdf,レッド,,red,red,,"赤, 赤い",単語,0,原本保持
138,ニューホライズン,NH,1,U0,Nice,To Meet You Unit0,Unit0 Nice To Meet You / 英語の音と文字,P6～P9,6,9,2,1,37,bed,ベッド,☆,1,,bed,ベッド,ベッド,bed,02.26NH1_KeyWords_U0_英日_問題.pdf,ベッド,,bed,bed,,ベッド,単語,0,原本保持
139,ニューホライズン,NH,1,U0,Nice,To Meet You Unit0,Unit0 Nice To Meet You / 英語の音と文字,P6～P9,6,9,2,1,38,P.E.,体育,,0,,P.E.,体育,体育,P.E.,02.26NH1_KeyWords_U0_英日_問題.pdf,ピー イー,,P.E.,P.E.,,体育,単語,0,原本保持
140,ニューホライズン,NH,1,U0,Nice,To Meet You Unit0,Unit0 Nice To Meet You / 英語の音と文字,P6～P9,6,9,2,1,39,apple,リンゴ,☆,1,,apple,リンゴ,リンゴ,apple,02.26NH1_KeyWords_U0_英日_問題.pdf,アップル,,apple,apple,,リンゴ,単語,0,原本保持
141,ニューホライズン,NH,1,U1,Unit1,"Hello, Everyone!",Unit1 Part1,P11～P13,11,13,3,1,1,I'm,I amの短縮形,☆,1,,I'm,I amの短縮形,I amの短縮形,I'm,03.26NH1_KeyWords_U1_英日_問題.pdf,アイム,,I'm,I'm,,I amの短縮形,短縮形,0,原本保持
142,ニューホライズン,NH,1,U1,Unit1,"Hello, Everyone!",Unit1 Part1,P11～P13,11,13,3,1,2,me,私を[に],☆,1,,me,私を[に],私を[に],me,03.26NH1_KeyWords_U1_英日_問題.pdf,ミー,,me,me,,私を[に],単語,0,原本保持
143,ニューホライズン,NH,1,U1,Unit1,"Hello, Everyone!",Unit1 Part1,P11～P13,11,13,3,1,3,you're,you areの短縮形,☆,1,,you're,you areの短縮形,you areの短縮形,you're,03.26NH1_KeyWords_U1_英日_問題.pdf,ユア,,you're,you're,,you areの短縮形,短縮形,0,原本保持
144,ニューホライズン,NH,1,U1,Unit1,"Hello, Everyone!",Unit1 Part1,P11～P13,11,13,3,1,4,A and B,AとB,☆,1,,A and B,AとB,AとB,A and B,03.26NH1_KeyWords_U1_英日_問題.pdf,エイ アンド ビー,,A and B,A and B,,AとB,複数語,1,原本保持
145,ニューホライズン,NH,1,U1,Unit1,"Hello, Everyone!",Unit1 Part1,P11～P13,11,13,3,1,5,love,~が大好きである,☆,1,,love,~が大好きである,~が大好きである,love,03.26NH1_KeyWords_U1_英日_問題.pdf,ラブ,,love,love,,~が大好きである,単語,0,原本保持
146,ニューホライズン,NH,1,U1,Unit1,"Hello, Everyone!",Unit1 Part1,P11～P13,11,13,3,1,6,Call me ~.,私を~と呼んでください。,☆,1,,Call me ~.,私を~と呼んでください。,私を~と呼んでください。,Call me ~.,03.26NH1_KeyWords_U1_英日_問題.pdf,コール ミー ～,,Call me ~.,Call me ~.,,私を~と呼んでください。,表現,1,原本保持
147,ニューホライズン,NH,1,U1,Unit1,"Hello, Everyone!",Unit1 Part1,P11～P13,11,13,3,1,7,call,"呼ぶ, 名づける",☆,1,,call,"呼ぶ, 名づける","呼ぶ, 名づける",call,03.26NH1_KeyWords_U1_英日_問題.pdf,コール,,call,call,,"呼ぶ, 名づける",単語,0,原本保持
148,ニューホライズン,NH,1,U1,Unit1,"Hello, Everyone!",Unit1 Part1,P11～P13,11,13,3,1,8,join,"~に加わる, 参加する",,0,,join,"~に加わる, 参加する","~に加わる, 参加する",join,03.26NH1_KeyWords_U1_英日_問題.pdf,ジョイン,,join,join,,"~に加わる, 参加する",単語,0,原本保持
149,ニューホライズン,NH,1,U1,Unit1,"Hello, Everyone!",Unit1 Part1,P11～P13,11,13,3,1,9,club,"クラブ, 部",☆,1,,club,"クラブ, 部","クラブ, 部",club,03.26NH1_KeyWords_U1_英日_問題.pdf,クラブ,,club,club,,"クラブ, 部",単語,0,原本保持
150,ニューホライズン,NH,1,U1,Unit1,"Hello, Everyone!",Unit1 Part1,P11～P13,11,13,3,1,10,sweet,甘い菓子,,0,,sweet,甘い菓子,甘い菓子,sweet,03.26NH1_KeyWords_U1_英日_問題.pdf,スウィト,,sweet,sweet,,甘い菓子,単語,0,原本保持
151,ニューホライズン,NH,1,U1,Unit1,"Hello, Everyone!",Unit1 Part1,P11～P13,11,13,3,1,11,Japanese,日本の,☆,1,,Japanese,日本の,日本の,Japanese,03.26NH1_KeyWords_U1_英日_問題.pdf,ジャパニーズ,,Japanese,Japanese,,日本の,単語,0,原本保持
152,ニューホライズン,NH,1,U1,Unit1,"Hello, Everyone!",Unit1 Part1,P11～P13,11,13,3,1,12,number,数字,,0,,number,数字,数字,number,03.26NH1_KeyWords_U1_英日_問題.pdf,ナムバー,,number,number,,数字,単語,0,原本保持
153,ニューホライズン,NH,1,U1,Unit1,"Hello, Everyone!",Unit1 Part1,P11～P13,11,13,3,1,13,from ~,"~から, ~出身の",☆,1,,from ~,"~から, ~出身の","~から, ~出身の",from ~,03.26NH1_KeyWords_U1_英日_問題.pdf,フロム ～,,from ~,from ~,,"~から, ~出身の",表現,1,原本保持
154,ニューホライズン,NH,1,U1,Unit1,"Hello, Everyone!",Unit1 Part1,P11～P13,11,13,3,1,14,"~, too",~もまた,,0,,"~, too",~もまた,~もまた,"~, too",03.26NH1_KeyWords_U1_英日_問題.pdf,～、トゥー,,"~, too","~, too",,~もまた,表現,1,原本保持
155,ニューホライズン,NH,1,U1,Unit1,"Hello, Everyone!",Unit1 Part1,P11～P13,11,13,3,1,15,want to ~,~したい,☆,1,,want to ~,~したい,~したい,want to ~,03.26NH1_KeyWords_U1_英日_問題.pdf,ウォント トゥ ～,,want to ~,want to ~,,~したい,表現,1,原本保持
156,ニューホライズン,NH,1,U1,Unit1,"Hello, Everyone!",Unit1 Part1,P11～P13,11,13,3,1,16,everyone,みなさん,,0,,everyone,みなさん,みなさん,everyone,03.26NH1_KeyWords_U1_英日_問題.pdf,エブリワン,,everyone,everyone,,みなさん,単語,0,原本保持
157,ニューホライズン,NH,1,U1,Unit1,"Hello, Everyone!",Unit1 Part1,P11～P13,11,13,3,1,17,the,その,☆,1,,the,その,その,the,03.26NH1_KeyWords_U1_英日_問題.pdf,ザ,,the,the,,その,単語,0,原本保持
158,ニューホライズン,NH,1,U1,Unit1,"Hello, Everyone!",Unit1 Part1,P11～P13,11,13,3,1,18,South Africa,南アフリカ共和国,,0,,South Africa,南アフリカ共和国,南アフリカ共和国,South Africa,03.26NH1_KeyWords_U1_英日_問題.pdf,サウス アフリカ,,South Africa,South Africa,,南アフリカ共和国,複数語,1,原本保持
159,ニューホライズン,NH,1,U1,Unit1,"Hello, Everyone!",Unit1 Part2,"P14,P15",14,15,3,1,19,not ~,~でない,☆,1,,not ~,~でない,~でない,not ~,03.26NH1_KeyWords_U1_英日_問題.pdf,ノット ～,,not ~,not ~,,~でない,表現,1,原本保持
160,ニューホライズン,NH,1,U1,Unit1,"Hello, Everyone!",Unit1 Part2,"P14,P15",14,15,3,1,20,often,"しばしば, よく",☆,1,,often,"しばしば, よく","しばしば, よく",often,03.26NH1_KeyWords_U1_英日_問題.pdf,オーフン,,often,often,,"しばしば, よく",単語,0,原本保持
161,ニューホライズン,NH,1,U1,Unit1,"Hello, Everyone!",Unit1 Part2,"P14,P15",14,15,3,1,21,no,いいえ,☆,1,,no,いいえ,いいえ,no,03.26NH1_KeyWords_U1_英日_問題.pdf,ノウ,,no,no,,いいえ,単語,0,原本保持
162,ニューホライズン,NH,1,U1,Unit1,"Hello, Everyone!",Unit1 Part2,"P14,P15",14,15,3,1,22,with ~,~といっしょに,☆,1,,with ~,~といっしょに,~といっしょに,with ~,03.26NH1_KeyWords_U1_英日_問題.pdf,ウィズ ～,,with ~,with ~,,~といっしょに,表現,1,原本保持
163,ニューホライズン,NH,1,U1,Unit1,"Hello, Everyone!",Unit1 Part2,"P14,P15",14,15,3,1,23,don't,do notの短縮形,☆,1,,don't,do notの短縮形,do notの短縮形,don't,03.26NH1_KeyWords_U1_英日_問題.pdf,ドント,,don't,don't,,do notの短縮形,短縮形,0,原本保持
164,ニューホライズン,NH,1,U1,Unit1,"Hello, Everyone!",Unit1 Part2,"P14,P15",14,15,3,1,24,but,しかし,☆,1,,but,しかし,しかし,but,03.26NH1_KeyWords_U1_英日_問題.pdf,バット,,but,but,,しかし,単語,0,原本保持
165,ニューホライズン,NH,1,U1,Unit1,"Hello, Everyone!",Unit1 Part2,"P14,P15",14,15,3,1,25,watch,~を(注意して)見る,☆,1,,watch,~を(注意して)見る,~を(注意して)見る,watch,03.26NH1_KeyWords_U1_英日_問題.pdf,ウォッチ,,watch,watch,,~を(注意して)見る,単語,0,原本保持
166,ニューホライズン,NH,1,U1,Unit1,"Hello, Everyone!",Unit1 Part2,"P14,P15",14,15,3,1,26,rugby,ラグビー,,0,,rugby,ラグビー,ラグビー,rugby,03.26NH1_KeyWords_U1_英日_問題.pdf,ラグビー,,rugby,rugby,,ラグビー,単語,0,原本保持
167,ニューホライズン,NH,1,U1,Unit1,"Hello, Everyone!",Unit1 Part2,"P14,P15",14,15,3,1,27,friend,友達,☆,1,,friend,友達,友達,friend,03.26NH1_KeyWords_U1_英日_問題.pdf,フレンド,,friend,friend,,友達,単語,0,原本保持
168,ニューホライズン,NH,1,U1,Unit1,"Hello, Everyone!",Unit1 Part2,"P14,P15",14,15,3,1,28,great,すばらしい,,0,,great,すばらしい,すばらしい,great,03.26NH1_KeyWords_U1_英日_問題.pdf,グレイト,,great,great,,すばらしい,単語,0,原本保持
169,ニューホライズン,NH,1,U1,Unit1,"Hello, Everyone!",Unit1 Part2,"P14,P15",14,15,3,1,29,fan,ファン,☆,1,,fan,ファン,ファン,fan,03.26NH1_KeyWords_U1_英日_問題.pdf,ファン,,fan,fan,,ファン,単語,0,原本保持
170,ニューホライズン,NH,1,U1,Unit1,"Hello, Everyone!",Unit1 Part2,"P14,P15",14,15,3,1,30,oh,あら,,0,,oh,あら,あら,oh,03.26NH1_KeyWords_U1_英日_問題.pdf,オウ,,oh,oh,,あら,単語,0,原本保持
171,ニューホライズン,NH,1,U1,Unit1,"Hello, Everyone!",Unit1 Part3,"P16,P17",16,17,3,1,31,take,"~を利用する, ~を受ける",☆,1,,take,"~を利用する, ~を受ける","~を利用する, ~を受ける",take,03.26NH1_KeyWords_U1_英日_問題.pdf,テイク,,take,take,,"~を利用する, ~を受ける",単語,0,原本保持
172,ニューホライズン,NH,1,U1,Unit1,"Hello, Everyone!",Unit1 Part3,"P16,P17",16,17,3,1,32,about ~,~について,☆,1,,about ~,~について,~について,about ~,03.26NH1_KeyWords_U1_英日_問題.pdf,アバウト ～,,about ~,about ~,,~について,表現,1,原本保持
173,ニューホライズン,NH,1,U1,Unit1,"Hello, Everyone!",Unit1 Part3,"P16,P17",16,17,3,1,33,draw,(線や絵)をかく,☆,1,,draw,(線や絵)をかく,(線や絵)をかく,draw,03.26NH1_KeyWords_U1_英日_問題.pdf,ドロー,,draw,draw,,(線や絵)をかく,単語,0,原本保持
174,ニューホライズン,NH,1,U1,Unit1,"Hello, Everyone!",Unit1 Part3,"P16,P17",16,17,3,1,34,How about you?,あなたはどうですか。,☆,1,,How about you?,あなたはどうですか。,あなたはどうですか。,How about you?,03.26NH1_KeyWords_U1_英日_問題.pdf,ハウ アバウト ユー,,How about you?,How about you?,,あなたはどうですか。,表現,1,原本保持
175,ニューホライズン,NH,1,U1,Unit1,"Hello, Everyone!",Unit1 Part3,"P16,P17",16,17,3,1,35,swimming,水泳,☆,1,,swimming,水泳,水泳,swimming,03.26NH1_KeyWords_U1_英日_問題.pdf,スイミング,,swimming,swimming,,水泳,単語,0,原本保持
176,ニューホライズン,NH,1,U1,Unit1,"Hello, Everyone!",Unit1 Part3,"P16,P17",16,17,3,1,36,lesson,授業,,0,,lesson,授業,授業,lesson,03.26NH1_KeyWords_U1_英日_問題.pdf,レッスン,,lesson,lesson,,授業,単語,0,原本保持
177,ニューホライズン,NH,1,U1,Unit1,"Hello, Everyone!",Unit1 Part3,"P16,P17",16,17,3,1,37,school,学校,☆,1,,school,学校,学校,school,03.26NH1_KeyWords_U1_英日_問題.pdf,スクール,,school,school,,学校,単語,0,原本保持
178,ニューホライズン,NH,1,U1,Unit1,"Hello, Everyone!",Unit1 Part3,"P16,P17",16,17,3,1,38,comic,マンガ,,0,,comic,マンガ,マンガ,comic,03.26NH1_KeyWords_U1_英日_問題.pdf,コミック,,comic,comic,,マンガ,単語,0,原本保持
179,ニューホライズン,NH,1,U1,Unit1,"Hello, Everyone!",Unit1 Part3,"P16,P17",16,17,3,1,39,art,"芸術, 美術",☆,1,,art,"芸術, 美術","芸術, 美術",art,03.26NH1_KeyWords_U1_英日_問題.pdf,アート,,art,art,,"芸術, 美術",単語,0,原本保持
180,ニューホライズン,NH,1,U1,Unit1,"Hello, Everyone!",Unit1 Part3,"P16,P17",16,17,3,1,40,anime,(日本の)アニメ,,0,,anime,(日本の)アニメ,(日本の)アニメ,anime,03.26NH1_KeyWords_U1_英日_問題.pdf,アニメ,,anime,anime,,(日本の)アニメ,単語,0,原本保持
181,ニューホライズン,NH,1,U1,Unit1,"Hello, Everyone!",Unit1 Part3,"P16,P17",16,17,3,1,41,"a, an","1つの, 1人の",☆,1,,"a, an","1つの, 1人の","1つの, 1人の","a, an",03.26NH1_KeyWords_U1_英日_問題.pdf,ア、アン,,"a, an","a, an",,"1つの, 1人の",複数語,1,原本保持
182,ニューホライズン,NH,1,U1,Unit1,"Hello, Everyone!",Unit1 Part3,"P16,P17",16,17,3,1,42,so,だから,,0,,so,だから,だから,so,03.26NH1_KeyWords_U1_英日_問題.pdf,ソウ,,so,so,,だから,単語,0,原本保持
183,ニューホライズン,NH,1,U1,Unit1,"Hello, Everyone!",Unit1 Part3,"P16,P17",16,17,3,1,43,now,今,☆,1,,now,今,今,now,03.26NH1_KeyWords_U1_英日_問題.pdf,ナウ,,now,now,,今,単語,0,原本保持
184,ニューホライズン,NH,1,U1,Unit1,"Hello, Everyone!",Unit1 Part3,"P16,P17",16,17,3,1,44,wow,うわあ,,0,,wow,うわあ,うわあ,wow,03.26NH1_KeyWords_U1_英日_問題.pdf,ワウ,,wow,wow,,うわあ,単語,0,原本保持
185,ニューホライズン,NH,1,U1,Unit1,"Hello, Everyone!",Unit1 Part3,"P16,P17",16,17,3,1,45,in ~,~に所属して,☆,1,,in ~,~に所属して,~に所属して,in ~,03.26NH1_KeyWords_U1_英日_問題.pdf,イン ～,,in ~,in ~,,~に所属して,表現,1,原本保持
186,ニューホライズン,NH,1,U2,Unit2,Our New Teacher,Unit2 Part1,P19～P21,19,21,4,1,1,She is ~.,彼女は[が]~です。,☆,1,,She is ~.,彼女は[が]~です。,彼女は[が]~です。,She is ~.,04.26NH1_KeyWords_U2_英日_問題.pdf,シー イズ ～,,She is ~.,She is ~.,,彼女は[が]~です。,表現,1,原本保持
187,ニューホライズン,NH,1,U2,Unit2,Our New Teacher,Unit2 Part1,P19～P21,19,21,4,1,2,cool,かっこいい,☆,1,,cool,かっこいい,かっこいい,cool,04.26NH1_KeyWords_U2_英日_問題.pdf,クール,,cool,cool,,かっこいい,単語,0,原本保持
188,ニューホライズン,NH,1,U2,Unit2,Our New Teacher,Unit2 Part1,P19～P21,19,21,4,1,3,He is ~.,彼は[が]~です。,☆,1,,He is ~.,彼は[が]~です。,彼は[が]~です。,He is ~.,04.26NH1_KeyWords_U2_英日_問題.pdf,ヒー イズ ～,,He is ~.,He is ~.,,彼は[が]~です。,表現,1,原本保持
189,ニューホライズン,NH,1,U2,Unit2,Our New Teacher,Unit2 Part1,P19～P21,19,21,4,1,4,on ~,~の一員で,☆,1,,on ~,~の一員で,~の一員で,on ~,04.26NH1_KeyWords_U2_英日_問題.pdf,オン ～,,on ~,on ~,,~の一員で,表現,1,原本保持
190,ニューホライズン,NH,1,U2,Unit2,Our New Teacher,Unit2 Part1,P19～P21,19,21,4,1,5,she's,she isの短縮形,☆,1,,she's,she isの短縮形,she isの短縮形,she's,04.26NH1_KeyWords_U2_英日_問題.pdf,シーズ,,she's,she's,,she isの短縮形,短縮形,0,原本保持
191,ニューホライズン,NH,1,U2,Unit2,Our New Teacher,Unit2 Part1,P19～P21,19,21,4,1,6,our,私たちの,☆,1,,our,私たちの,私たちの,our,04.26NH1_KeyWords_U2_英日_問題.pdf,アワー,,our,our,,私たちの,単語,0,原本保持
192,ニューホライズン,NH,1,U2,Unit2,Our New Teacher,Unit2 Part1,P19～P21,19,21,4,1,7,he's,he isの短縮形,☆,1,,he's,he isの短縮形,he isの短縮形,he's,04.26NH1_KeyWords_U2_英日_問題.pdf,ヒーズ,,he's,he's,,he isの短縮形,短縮形,0,原本保持
193,ニューホライズン,NH,1,U2,Unit2,Our New Teacher,Unit2 Part1,P19～P21,19,21,4,1,8,be good at ~ing,~することが得意だ,☆,1,*,be good at ~ing,~することが得意だ,~することが得意だ,be good at ~ing,04.26NH1_KeyWords_U2_英日_問題.pdf,ビー グッド アット ～イング,,be good at ~ing,be good at ~ing,,~することが得意だ,表現,1,原本保持
194,ニューホライズン,NH,1,U2,Unit2,Our New Teacher,Unit2 Part1,P19～P21,19,21,4,1,9,team,チーム,☆,1,,team,チーム,チーム,team,04.26NH1_KeyWords_U2_英日_問題.pdf,ティム,,team,team,,チーム,単語,0,原本保持
195,ニューホライズン,NH,1,U2,Unit2,Our New Teacher,Unit2 Part1,P19～P21,19,21,4,1,10,Mr.,"[男性をさして]~さん, ~先生",,0,,Mr.,"[男性をさして]~さん, ~先生","[男性をさして]~さん, ~先生",Mr.,04.26NH1_KeyWords_U2_英日_問題.pdf,ミスター,,Mr.,Mr.,,"[男性をさして]~さん, ~先生",単語,0,原本保持
196,ニューホライズン,NH,1,U2,Unit2,Our New Teacher,Unit2 Part1,P19～P21,19,21,4,1,11,teacher,先生,☆,1,,teacher,先生,先生,teacher,04.26NH1_KeyWords_U2_英日_問題.pdf,ティーチャー,,teacher,teacher,,先生,単語,0,原本保持
197,ニューホライズン,NH,1,U2,Unit2,Our New Teacher,Unit2 Part1,P19～P21,19,21,4,1,12,Ms.,"[女性をさして]~さん, ~先生",,0,,Ms.,"[女性をさして]~さん, ~先生","[女性をさして]~さん, ~先生",Ms.,04.26NH1_KeyWords_U2_英日_問題.pdf,ミズ,,Ms.,Ms.,,"[女性をさして]~さん, ~先生",単語,0,原本保持
198,ニューホライズン,NH,1,U2,Unit2,Our New Teacher,Unit2 Part1,P19～P21,19,21,4,1,13,good,"じょうずな, よい",☆,1,,good,"じょうずな, よい","じょうずな, よい",good,04.26NH1_KeyWords_U2_英日_問題.pdf,グッド,,good,good,,"じょうずな, よい",単語,0,原本保持
199,ニューホライズン,NH,1,U2,Unit2,Our New Teacher,Unit2 Part1,P19～P21,19,21,4,1,14,class,クラス,,0,,class,クラス,クラス,class,04.26NH1_KeyWords_U2_英日_問題.pdf,クラス,,class,class,,クラス,単語,0,原本保持
200,ニューホライズン,NH,1,U2,Unit2,Our New Teacher,Unit2 Part1,P19～P21,19,21,4,1,15,English,英語の,☆,1,確認追加:PDFのEnglish / Canada行から補正,English,英語の,英語の,English,04.26NH1_KeyWords_U2_英日_問題.pdf,イングリッシュ,,English,English,,英語の,単語,0,原本保持
201,ニューホライズン,NH,1,U2,Unit2,Our New Teacher,Unit2 Part1,P19～P21,19,21,4,1,16,Canada,カナダ,,0,,Canada,カナダ,カナダ,Canada,04.26NH1_KeyWords_U2_英日_問題.pdf,カナダ,,Canada,Canada,,カナダ,単語,0,原本保持
202,ニューホライズン,NH,1,U2,Unit2,Our New Teacher,Unit2 Part1,P19～P21,19,21,4,1,17,cute,かわいい,☆,1,,cute,かわいい,かわいい,cute,04.26NH1_KeyWords_U2_英日_問題.pdf,キュト,,cute,cute,,かわいい,単語,0,原本保持
203,ニューホライズン,NH,1,U2,Unit2,Our New Teacher,Unit2 Part1,P19～P21,19,21,4,1,18,America,アメリカ(合衆国),,0,,America,アメリカ(合衆国),アメリカ(合衆国),America,04.26NH1_KeyWords_U2_英日_問題.pdf,アメリカ,,America,America,,アメリカ(合衆国),単語,0,原本保持
204,ニューホライズン,NH,1,U2,Unit2,Our New Teacher,Unit2 Part2,"P22,P23",22,23,4,1,19,can,~することができる,☆,1,,can,~することができる,~することができる,can,04.26NH1_KeyWords_U2_英日_問題.pdf,キャン,,can,can,,~することができる,単語,0,原本保持
205,ニューホライズン,NH,1,U2,Unit2,Our New Teacher,Unit2 Part2,"P22,P23",22,23,4,1,20,Chinese,中国の,☆,1,,Chinese,中国の,中国の,Chinese,04.26NH1_KeyWords_U2_英日_問題.pdf,チャイニーズ,,Chinese,Chinese,,中国の,単語,0,原本保持
206,ニューホライズン,NH,1,U2,Unit2,Our New Teacher,Unit2 Part2,"P22,P23",22,23,4,1,21,cannot,~することができない,☆,1,,cannot,~することができない,~することができない,cannot,04.26NH1_KeyWords_U2_英日_問題.pdf,キャノット,,cannot,cannot,,~することができない,単語,0,原本保持
207,ニューホライズン,NH,1,U2,Unit2,Our New Teacher,Unit2 Part2,"P22,P23",22,23,4,1,22,well,じょうずに,☆,1,,well,じょうずに,じょうずに,well,04.26NH1_KeyWords_U2_英日_問題.pdf,ウェル,,well,well,,じょうずに,単語,0,原本保持
208,ニューホライズン,NH,1,U2,Unit2,Our New Teacher,Unit2 Part2,"P22,P23",22,23,4,1,23,can't,cannotの短縮形,☆,1,,can't,cannotの短縮形,cannotの短縮形,can't,04.26NH1_KeyWords_U2_英日_問題.pdf,キャント,,can't,can't,,cannotの短縮形,短縮形,0,原本保持
209,ニューホライズン,NH,1,U2,Unit2,Our New Teacher,Unit2 Part2,"P22,P23",22,23,4,1,24,very,"非常に, [否定文で]あまり~でない",☆,1,,very,"非常に, [否定文で]あまり~でない","非常に, [否定文で]あまり~でない",very,04.26NH1_KeyWords_U2_英日_問題.pdf,ヴェリ,,very,very,,"非常に, [否定文で]あまり~でない",単語,0,原本保持
210,ニューホライズン,NH,1,U2,Unit2,Our New Teacher,Unit2 Part2,"P22,P23",22,23,4,1,25,read,読む,☆,1,,read,読む,読む,read,04.26NH1_KeyWords_U2_英日_問題.pdf,リード,,read,read,,読む,単語,0,原本保持
211,ニューホライズン,NH,1,U2,Unit2,Our New Teacher,Unit2 Part2,"P22,P23",22,23,4,1,26,really,本当ですか,☆,1,,really,本当ですか,本当ですか,really,04.26NH1_KeyWords_U2_英日_問題.pdf,リリ,,really,really,,本当ですか,単語,0,原本保持
212,ニューホライズン,NH,1,U2,Unit2,Our New Teacher,Unit2 Part2,"P22,P23",22,23,4,1,27,make,~を作る,☆,1,,make,~を作る,~を作る,make,04.26NH1_KeyWords_U2_英日_問題.pdf,メイク,,make,make,,~を作る,単語,0,原本保持
213,ニューホライズン,NH,1,U2,Unit2,Our New Teacher,Unit2 Part2,"P22,P23",22,23,4,1,28,that,そのこと,☆,1,,that,そのこと,そのこと,that,04.26NH1_KeyWords_U2_英日_問題.pdf,ザット,,that,that,,そのこと,単語,0,原本保持
214,ニューホライズン,NH,1,U2,Unit2,Our New Teacher,Unit2 Part2,"P22,P23",22,23,4,1,29,parent,親,☆,1,,parent,親,親,parent,04.26NH1_KeyWords_U2_英日_問題.pdf,ペラント,,parent,parent,,親,単語,0,原本保持
215,ニューホライズン,NH,1,U2,Unit2,Our New Teacher,Unit2 Part2,"P22,P23",22,23,4,1,30,that's,that isの短縮形,☆,1,,that's,that isの短縮形,that isの短縮形,that's,04.26NH1_KeyWords_U2_英日_問題.pdf,ザット,,that's,that's,,that isの短縮形,短縮形,0,原本保持
216,ニューホライズン,NH,1,U2,Unit2,Our New Teacher,Unit2 Part2,"P22,P23",22,23,4,1,31,food,食べ物,☆,1,,food,食べ物,食べ物,food,04.26NH1_KeyWords_U2_英日_問題.pdf,フード,,food,food,,食べ物,単語,0,原本保持
217,ニューホライズン,NH,1,U2,Unit2,Our New Teacher,Unit2 Part2,"P22,P23",22,23,4,1,32,China,中国,,0,,China,中国,中国,China,04.26NH1_KeyWords_U2_英日_問題.pdf,チャイナ,,China,China,,中国,単語,0,原本保持
218,ニューホライズン,NH,1,U2,Unit2,Our New Teacher,Unit2 Part2,"P22,P23",22,23,4,1,33,father,父,☆,1,,father,父,父,father,04.26NH1_KeyWords_U2_英日_問題.pdf,ファーザー,,father,father,,父,単語,0,原本保持
219,ニューホライズン,NH,1,U2,Unit2,Our New Teacher,Unit2 Part2,"P22,P23",22,23,4,1,34,I see.,なるほど。,,0,,I see.,なるほど。,なるほど。,I see.,04.26NH1_KeyWords_U2_英日_問題.pdf,アイ シー,,I see.,I see.,,なるほど。,複数語,1,原本保持
220,ニューホライズン,NH,1,U2,Unit2,Our New Teacher,Unit2 Part2,"P22,P23",22,23,4,1,35,some,いくつかの,☆,1,,some,いくつかの,いくつかの,some,04.26NH1_KeyWords_U2_英日_問題.pdf,サム,,some,some,,いくつかの,単語,0,原本保持
221,ニューホライズン,NH,1,U2,Unit2,Our New Teacher,Unit2 Part3,"P24,P25",24,25,4,1,36,that,"あれ, あの",☆,1,,that,"あれ, あの","あれ, あの",that,04.26NH1_KeyWords_U2_英日_問題.pdf,ザット,,that,that,,"あれ, あの",単語,0,原本保持
222,ニューホライズン,NH,1,U2,Unit2,Our New Teacher,Unit2 Part3,"P24,P25",24,25,4,1,37,excuse,~を許す,,0,,excuse,~を許す,~を許す,excuse,04.26NH1_KeyWords_U2_英日_問題.pdf,エクスキューズ,,excuse,excuse,,~を許す,単語,0,原本保持
223,ニューホライズン,NH,1,U2,Unit2,Our New Teacher,Unit2 Part3,"P24,P25",24,25,4,1,38,it,それは[が],☆,1,,it,それは[が],それは[が],it,04.26NH1_KeyWords_U2_英日_問題.pdf,イット,,it,it,,それは[が],単語,0,原本保持
224,ニューホライズン,NH,1,U2,Unit2,Our New Teacher,Unit2 Part3,"P24,P25",24,25,4,1,39,bird,鳥,,0,,bird,鳥,鳥,bird,04.26NH1_KeyWords_U2_英日_問題.pdf,バード,,bird,bird,,鳥,単語,0,原本保持
225,ニューホライズン,NH,1,U2,Unit2,Our New Teacher,Unit2 Part3,"P24,P25",24,25,4,1,40,it's,it isの短縮形,☆,1,,it's,it isの短縮形,it isの短縮形,it's,04.26NH1_KeyWords_U2_英日_問題.pdf,イッツ,,it's,it's,,it isの短縮形,短縮形,0,原本保持
226,ニューホライズン,NH,1,U2,Unit2,Our New Teacher,Unit2 Part3,"P24,P25",24,25,4,1,41,welcome,歓迎される,,0,,welcome,歓迎される,歓迎される,welcome,04.26NH1_KeyWords_U2_英日_問題.pdf,ウェルカム,,welcome,welcome,,歓迎される,単語,0,原本保持
227,ニューホライズン,NH,1,U2,Unit2,Our New Teacher,Unit2 Part3,"P24,P25",24,25,4,1,42,your,あなた(たち)の,☆,1,,your,あなた(たち)の,あなた(たち)の,your,04.26NH1_KeyWords_U2_英日_問題.pdf,ユア,,your,your,,あなた(たち)の,単語,0,原本保持
228,ニューホライズン,NH,1,U2,Unit2,Our New Teacher,Unit2 Part3,"P24,P25",24,25,4,1,43,oops,おっと,,0,,oops,おっと,おっと,oops,04.26NH1_KeyWords_U2_英日_問題.pdf,ウープス,,oops,oops,,おっと,単語,0,原本保持
229,ニューホライズン,NH,1,U2,Unit2,Our New Teacher,Unit2 Part3,"P24,P25",24,25,4,1,44,Here you are.,"はい, どうぞ。",☆,1,,Here you are.,"はい, どうぞ。","はい, どうぞ。",Here you are.,04.26NH1_KeyWords_U2_英日_問題.pdf,ヒア ユー アー,,Here you are.,Here you are.,,"はい, どうぞ。",複数語,1,原本保持
230,ニューホライズン,NH,1,U2,Unit2,Our New Teacher,Unit2 Part3,"P24,P25",24,25,4,1,45,Thank you.,ありがとう。,,0,,Thank you.,ありがとう。,ありがとう。,Thank you.,04.26NH1_KeyWords_U2_英日_問題.pdf,サンク ユー,,Thank you.,Thank you.,,ありがとう。,複数語,1,原本保持
231,ニューホライズン,NH,1,U2,Unit2,Our New Teacher,Unit2 Part3,"P24,P25",24,25,4,1,46,Excuse me.,すみません。,☆,1,,Excuse me.,すみません。,すみません。,Excuse me.,04.26NH1_KeyWords_U2_英日_問題.pdf,エクスキューズ ミー,,Excuse me.,Excuse me.,,すみません。,複数語,1,原本保持
232,ニューホライズン,NH,1,U2,Unit2,Our New Teacher,Unit2 Part3,"P24,P25",24,25,4,1,47,You're welcome.,どういたしまして。,,0,,You're welcome.,どういたしまして。,どういたしまして。,You're welcome.,04.26NH1_KeyWords_U2_英日_問題.pdf,ユア ウェルカム,,You're welcome.,You're welcome.,,どういたしまして。,複数語,1,原本保持
233,ニューホライズン,NH,1,U2,Unit2,Our New Teacher,Unit2 Part3,"P24,P25",24,25,4,1,48,thank,~に感謝する,,0,,thank,~に感謝する,~に感謝する,thank,04.26NH1_KeyWords_U2_英日_問題.pdf,サンク,,thank,thank,,~に感謝する,単語,0,原本保持
234,ニューホライズン,NH,1,U3,Unit3,Our School,Unit3 Part1,P31～P33,31,33,5,1,1,who,"だれ, だれが",☆,1,,who,"だれ, だれが","だれ, だれが",who,05.26NH1_KeyWords_U3_英日_問題.pdf,フー,,who,who,,"だれ, だれが",単語,0,原本保持
235,ニューホライズン,NH,1,U3,Unit3,Our School,Unit3 Part1,P31～P33,31,33,5,1,2,favorite,お気に入りの,☆,1,,favorite,お気に入りの,お気に入りの,favorite,05.26NH1_KeyWords_U3_英日_問題.pdf,フェイバリット,,favorite,favorite,,お気に入りの,単語,0,原本保持
236,ニューホライズン,NH,1,U3,Unit3,Our School,Unit3 Part1,P31～P33,31,33,5,1,3,what,"何, どんなもの[こと]",☆,1,,what,"何, どんなもの[こと]","何, どんなもの[こと]",what,05.26NH1_KeyWords_U3_英日_問題.pdf,ワット,,what,what,,"何, どんなもの[こと]",単語,0,原本保持
237,ニューホライズン,NH,1,U3,Unit3,Our School,Unit3 Part1,P31～P33,31,33,5,1,4,why,なぜ,☆,1,,why,なぜ,なぜ,why,05.26NH1_KeyWords_U3_英日_問題.pdf,ワイ,,why,why,,なぜ,単語,0,原本保持
238,ニューホライズン,NH,1,U3,Unit3,Our School,Unit3 Part1,P31～P33,31,33,5,1,5,who's,who isの短縮形,☆,1,,who's,who isの短縮形,who isの短縮形,who's,05.26NH1_KeyWords_U3_英日_問題.pdf,フー,,who's,who's,,who isの短縮形,短縮形,0,原本保持
239,ニューホライズン,NH,1,U3,Unit3,Our School,Unit3 Part1,P31～P33,31,33,5,1,6,also,"~もまた, そのうえ",☆,1,,also,"~もまた, そのうえ","~もまた, そのうえ",also,05.26NH1_KeyWords_U3_英日_問題.pdf,オールソ,,also,also,,"~もまた, そのうえ",単語,0,原本保持
240,ニューホライズン,NH,1,U3,Unit3,Our School,Unit3 Part1,P31～P33,31,33,5,1,7,what's,what isの短縮形,☆,1,,what's,what isの短縮形,what isの短縮形,what's,05.26NH1_KeyWords_U3_英日_問題.pdf,ワット,,what's,what's,,what isの短縮形,短縮形,0,原本保持
241,ニューホライズン,NH,1,U3,Unit3,Our School,Unit3 Part1,P31～P33,31,33,5,1,8,symbol,"シンボル, 象徴",,0,,symbol,"シンボル, 象徴","シンボル, 象徴",symbol,05.26NH1_KeyWords_U3_英日_問題.pdf,シムバル,,symbol,symbol,,"シンボル, 象徴",単語,0,原本保持
242,ニューホライズン,NH,1,U3,Unit3,Our School,Unit3 Part1,P31～P33,31,33,5,1,9,family,"一族, 家族",☆,1,,family,"一族, 家族","一族, 家族",family,05.26NH1_KeyWords_U3_英日_問題.pdf,ファミリー,,family,family,,"一族, 家族",単語,0,原本保持
243,ニューホライズン,NH,1,U3,Unit3,Our School,Unit3 Part1,P31～P33,31,33,5,1,10,character,登場人物,,0,,character,登場人物,登場人物,character,05.26NH1_KeyWords_U3_英日_問題.pdf,ケリックター,,character,character,,登場人物,単語,0,原本保持
244,ニューホライズン,NH,1,U3,Unit3,Our School,Unit3 Part1,P31～P33,31,33,5,1,11,kind,親切な,☆,1,,kind,親切な,親切な,kind,05.26NH1_KeyWords_U3_英日_問題.pdf,カインド,,kind,kind,,親切な,単語,0,原本保持
245,ニューホライズン,NH,1,U3,Unit3,Our School,Unit3 Part1,P31～P33,31,33,5,1,12,brave,勇かんな,,0,,brave,勇かんな,勇かんな,brave,05.26NH1_KeyWords_U3_英日_問題.pdf,ブレイヴ,,brave,brave,,勇かんな,単語,0,原本保持
246,ニューホライズン,NH,1,U3,Unit3,Our School,Unit3 Part1,P31～P33,31,33,5,1,13,interesting,おもしろい,☆,1,,interesting,おもしろい,おもしろい,interesting,05.26NH1_KeyWords_U3_英日_問題.pdf,インタレスティング,,interesting,interesting,,おもしろい,単語,0,原本保持
247,ニューホライズン,NH,1,U3,Unit3,Our School,Unit3 Part1,P31～P33,31,33,5,1,14,for ~,~に相当する,,0,,for ~,~に相当する,~に相当する,for ~,05.26NH1_KeyWords_U3_英日_問題.pdf,フォー ～,,for ~,for ~,,~に相当する,表現,1,原本保持
248,ニューホライズン,NH,1,U3,Unit3,Our School,Unit3 Part2,"P34,P35",34,35,5,1,15,how,どのようにして,☆,1,,how,どのようにして,どのようにして,how,05.26NH1_KeyWords_U3_英日_問題.pdf,ハウ,,how,how,,どのようにして,単語,0,原本保持
249,ニューホライズン,NH,1,U3,Unit3,Our School,Unit3 Part2,"P34,P35",34,35,5,1,16,Thursday,木曜日,☆,1,,Thursday,木曜日,木曜日,Thursday,05.26NH1_KeyWords_U3_英日_問題.pdf,サーズデイ,,Thursday,Thursday,,木曜日,単語,0,原本保持
250,ニューホライズン,NH,1,U3,Unit3,Our School,Unit3 Part2,"P34,P35",34,35,5,1,17,when,いつ,☆,1,,when,いつ,いつ,when,05.26NH1_KeyWords_U3_英日_問題.pdf,ウェン,,when,when,,いつ,単語,0,原本保持
251,ニューホライズン,NH,1,U3,Unit3,Our School,Unit3 Part2,"P34,P35",34,35,5,1,18,Friday,金曜日,☆,1,,Friday,金曜日,金曜日,Friday,05.26NH1_KeyWords_U3_英日_問題.pdf,フライデイ,,Friday,Friday,,金曜日,単語,0,原本保持
252,ニューホライズン,NH,1,U3,Unit3,Our School,Unit3 Part2,"P34,P35",34,35,5,1,19,walk,歩く,☆,1,,walk,歩く,歩く,walk,05.26NH1_KeyWords_U3_英日_問題.pdf,ウォーク,,walk,walk,,歩く,単語,0,原本保持
253,ニューホライズン,NH,1,U3,Unit3,Our School,Unit3 Part2,"P34,P35",34,35,5,1,20,Saturday,土曜日,☆,1,,Saturday,土曜日,土曜日,Saturday,05.26NH1_KeyWords_U3_英日_問題.pdf,サタデイ,,Saturday,Saturday,,土曜日,単語,0,原本保持
254,ニューホライズン,NH,1,U3,Unit3,Our School,Unit3 Part2,"P34,P35",34,35,5,1,21,study,勉強する,☆,1,,study,勉強する,勉強する,study,05.26NH1_KeyWords_U3_英日_問題.pdf,スタディ,,study,study,,勉強する,単語,0,原本保持
255,ニューホライズン,NH,1,U3,Unit3,Our School,Unit3 Part2,"P34,P35",34,35,5,1,22,Sunday,日曜日,☆,1,,Sunday,日曜日,日曜日,Sunday,05.26NH1_KeyWords_U3_英日_問題.pdf,サンデイ,,Sunday,Sunday,,日曜日,単語,0,原本保持
256,ニューホライズン,NH,1,U3,Unit3,Our School,Unit3 Part2,"P34,P35",34,35,5,1,23,live,"住む, 生きる",☆,1,,live,"住む, 生きる","住む, 生きる",live,05.26NH1_KeyWords_U3_英日_問題.pdf,リブ,,live,live,,"住む, 生きる",単語,0,原本保持
257,ニューホライズン,NH,1,U3,Unit3,Our School,Unit3 Part2,"P34,P35",34,35,5,1,24,Japanese,"日本語, 日本人",☆,1,,Japanese,"日本語, 日本人","日本語, 日本人",Japanese,05.26NH1_KeyWords_U3_英日_問題.pdf,ジャパニーズ,,Japanese,Japanese,,"日本語, 日本人",単語,0,原本保持
258,ニューホライズン,NH,1,U3,Unit3,Our School,Unit3 Part2,"P34,P35",34,35,5,1,25,do,"する, 行う",☆,1,,do,"する, 行う","する, 行う",do,05.26NH1_KeyWords_U3_英日_問題.pdf,ドゥ,,do,do,,"する, 行う",単語,0,原本保持
259,ニューホライズン,NH,1,U3,Unit3,Our School,Unit3 Part2,"P34,P35",34,35,5,1,26,here,ここ,☆,1,,here,ここ,ここ,here,05.26NH1_KeyWords_U3_英日_問題.pdf,ヒア,,here,here,,ここ,単語,0,原本保持
260,ニューホライズン,NH,1,U3,Unit3,Our School,Unit3 Part2,"P34,P35",34,35,5,1,27,come,来る,☆,1,,come,来る,来る,come,05.26NH1_KeyWords_U3_英日_問題.pdf,カム,,come,come,,来る,単語,0,原本保持
261,ニューホライズン,NH,1,U3,Unit3,Our School,Unit3 Part2,"P34,P35",34,35,5,1,28,by ~,~によって,☆,1,,by ~,~によって,~によって,by ~,05.26NH1_KeyWords_U3_英日_問題.pdf,バイ ～,,by ~,by ~,,~によって,表現,1,原本保持
262,ニューホライズン,NH,1,U3,Unit3,Our School,Unit3 Part2,"P34,P35",34,35,5,1,29,week,"週, 1週間",☆,1,,week,"週, 1週間","週, 1週間",week,05.26NH1_KeyWords_U3_英日_問題.pdf,ウィーク,,week,week,,"週, 1週間",単語,0,原本保持
263,ニューホライズン,NH,1,U3,Unit3,Our School,Unit3 Part2,"P34,P35",34,35,5,1,30,around ~,~の近くに,☆,1,,around ~,~の近くに,~の近くに,around ~,05.26NH1_KeyWords_U3_英日_問題.pdf,アラウンド ～,,around ~,around ~,,~の近くに,表現,1,原本保持
264,ニューホライズン,NH,1,U3,Unit3,Our School,Unit3 Part2,"P34,P35",34,35,5,1,31,Monday,月曜日,☆,1,,Monday,月曜日,月曜日,Monday,05.26NH1_KeyWords_U3_英日_問題.pdf,マンデイ,,Monday,Monday,,月曜日,単語,0,原本保持
265,ニューホライズン,NH,1,U3,Unit3,Our School,Unit3 Part2,"P34,P35",34,35,5,1,32,after ~,~のあとに[で],☆,1,,after ~,~のあとに[で],~のあとに[で],after ~,05.26NH1_KeyWords_U3_英日_問題.pdf,アフター ～,,after ~,after ~,,~のあとに[で],表現,1,原本保持
266,ニューホライズン,NH,1,U3,Unit3,Our School,Unit3 Part2,"P34,P35",34,35,5,1,33,Tuesday,火曜日,☆,1,,Tuesday,火曜日,火曜日,Tuesday,05.26NH1_KeyWords_U3_英日_問題.pdf,チューズデイ,,Tuesday,Tuesday,,火曜日,単語,0,原本保持
267,ニューホライズン,NH,1,U3,Unit3,Our School,Unit3 Part2,"P34,P35",34,35,5,1,34,after school,放課後(に),☆,1,,after school,放課後(に),放課後(に),after school,05.26NH1_KeyWords_U3_英日_問題.pdf,アフター スクール,,after school,after school,,放課後(に),複数語,1,原本保持
268,ニューホライズン,NH,1,U3,Unit3,Our School,Unit3 Part2,"P34,P35",34,35,5,1,35,Wednesday,水曜日,☆,1,,Wednesday,水曜日,水曜日,Wednesday,05.26NH1_KeyWords_U3_英日_問題.pdf,ウェンズデイ,,Wednesday,Wednesday,,水曜日,単語,0,原本保持
269,ニューホライズン,NH,1,U3,Unit3,Our School,Unit3 Part2,"P34,P35",34,35,5,1,36,online,オンラインで,,0,,online,オンラインで,オンラインで,online,05.26NH1_KeyWords_U3_英日_問題.pdf,オーンライン,,online,online,,オンラインで,単語,0,原本保持
270,ニューホライズン,NH,1,U3,Unit3 Our,School,Unit3 Part3,"P36,P37",36,37,5,2,37,where,"どこに[で, へ]",☆,1,,where,"どこに[で, へ]","どこに[で, へ]",where,05.26NH1_KeyWords_U3_英日_問題.pdf,ウェア,,where,where,,"どこに[で, へ]",単語,0,原本保持
271,ニューホライズン,NH,1,U3,Unit3 Our,School,Unit3 Part3,"P36,P37",36,37,5,2,38,October,10月,☆,1,,October,10月,10月,October,05.26NH1_KeyWords_U3_英日_問題.pdf,オクトーバー,,October,October,,10月,単語,0,原本保持
272,ニューホライズン,NH,1,U3,Unit3 Our,School,Unit3 Part3,"P36,P37",36,37,5,2,39,win,勝つ,☆,1,,win,勝つ,勝つ,win,05.26NH1_KeyWords_U3_英日_問題.pdf,ウィン,,win,win,,勝つ,単語,0,原本保持
273,ニューホライズン,NH,1,U3,Unit3 Our,School,Unit3 Part3,"P36,P37",36,37,5,2,40,November,11月,☆,1,,November,11月,11月,November,05.26NH1_KeyWords_U3_英日_問題.pdf,ノベンバー,,November,November,,11月,単語,0,原本保持
274,ニューホライズン,NH,1,U3,Unit3 Our,School,Unit3 Part3,"P36,P37",36,37,5,2,41,see,"~が見える, ~を見る",☆,1,,see,"~が見える, ~を見る","~が見える, ~を見る",see,05.26NH1_KeyWords_U3_英日_問題.pdf,シー,,see,see,,"~が見える, ~を見る",単語,0,原本保持
275,ニューホライズン,NH,1,U3,Unit3 Our,School,Unit3 Part3,"P36,P37",36,37,5,2,42,December,12月,☆,1,,December,12月,12月,December,05.26NH1_KeyWords_U3_英日_問題.pdf,ディセンバー,,December,December,,12月,単語,0,原本保持
276,ニューホライズン,NH,1,U3,Unit3 Our,School,Unit3 Part3,"P36,P37",36,37,5,2,43,practice,練習する,☆,1,,practice,練習する,練習する,practice,05.26NH1_KeyWords_U3_英日_問題.pdf,プラクティス,,practice,practice,,練習する,単語,0,原本保持
277,ニューホライズン,NH,1,U3,Unit3 Our,School,Unit3 Part3,"P36,P37",36,37,5,2,44,month,(暦上での)月,☆,1,,month,(暦上での)月,(暦上での)月,month,05.26NH1_KeyWords_U3_英日_問題.pdf,マンス,,month,month,,(暦上での)月,単語,0,原本保持
278,ニューホライズン,NH,1,U3,Unit3 Our,School,Unit3 Part3,"P36,P37",36,37,5,2,45,go,行く,☆,1,,go,行く,行く,go,05.26NH1_KeyWords_U3_英日_問題.pdf,ゴウ,,go,go,,行く,単語,0,原本保持
279,ニューホライズン,NH,1,U3,Unit3 Our,School,Unit3 Part3,"P36,P37",36,37,5,2,46,first,"1番目(の), 1日",☆,1,,first,"1番目(の), 1日","1番目(の), 1日",first,05.26NH1_KeyWords_U3_英日_問題.pdf,ファースト,,first,first,,"1番目(の), 1日",単語,0,原本保持
280,ニューホライズン,NH,1,U3,Unit3 Our,School,Unit3 Part3,"P36,P37",36,37,5,2,47,station,駅,☆,1,,station,駅,駅,station,05.26NH1_KeyWords_U3_英日_問題.pdf,ステイション,,station,station,,駅,単語,0,原本保持
281,ニューホライズン,NH,1,U3,Unit3 Our,School,Unit3 Part3,"P36,P37",36,37,5,2,48,second,"2番目(の), 2日",☆,1,,second,"2番目(の), 2日","2番目(の), 2日",second,05.26NH1_KeyWords_U3_英日_問題.pdf,セカンド,,second,second,,"2番目(の), 2日",単語,0,原本保持
282,ニューホライズン,NH,1,U3,Unit3 Our,School,Unit3 Part3,"P36,P37",36,37,5,2,49,park,"公園, 遊園地",☆,1,,park,"公園, 遊園地","公園, 遊園地",park,05.26NH1_KeyWords_U3_英日_問題.pdf,パーク,,park,park,,"公園, 遊園地",単語,0,原本保持
283,ニューホライズン,NH,1,U3,Unit3 Our,School,Unit3 Part3,"P36,P37",36,37,5,2,50,third,"3番目(の), 3日",☆,1,,third,"3番目(の), 3日","3番目(の), 3日",third,05.26NH1_KeyWords_U3_英日_問題.pdf,サード,,third,third,,"3番目(の), 3日",単語,0,原本保持
284,ニューホライズン,NH,1,U3,Unit3 Our,School,Unit3 Part3,"P36,P37",36,37,5,2,51,game,"試合, 競技",☆,1,,game,"試合, 競技","試合, 競技",game,05.26NH1_KeyWords_U3_英日_問題.pdf,ゲーム,,game,game,,"試合, 競技",単語,0,原本保持
285,ニューホライズン,NH,1,U3,Unit3 Our,School,Unit3 Part3,"P36,P37",36,37,5,2,52,hard,一生懸命に,☆,1,,hard,一生懸命に,一生懸命に,hard,05.26NH1_KeyWords_U3_英日_問題.pdf,ハード,,hard,hard,,一生懸命に,単語,0,原本保持
286,ニューホライズン,NH,1,U3,Unit3 Our,School,Unit3 Part3,"P36,P37",36,37,5,2,53,January,1月,☆,1,,January,1月,1月,January,05.26NH1_KeyWords_U3_英日_問題.pdf,ジャニュアリー,,January,January,,1月,単語,0,原本保持
287,ニューホライズン,NH,1,U3,Unit3 Our,School,Unit3 Part3,"P36,P37",36,37,5,2,54,in ~,"~(の中)に[で, の]",☆,1,,in ~,"~(の中)に[で, の]","~(の中)に[で, の]",in ~,05.26NH1_KeyWords_U3_英日_問題.pdf,イン ～,,in ~,in ~,,"~(の中)に[で, の]",表現,1,原本保持
288,ニューホライズン,NH,1,U3,Unit3 Our,School,Unit3 Part3,"P36,P37",36,37,5,2,55,February,2月,☆,1,,February,2月,2月,February,05.26NH1_KeyWords_U3_英日_問題.pdf,フェブラリー,,February,February,,2月,単語,0,原本保持
289,ニューホライズン,NH,1,U3,Unit3 Our,School,Unit3 Part3,"P36,P37",36,37,5,2,56,by ~,~のそばに,☆,1,,by ~,~のそばに,~のそばに,by ~,05.26NH1_KeyWords_U3_英日_問題.pdf,バイ ～,,by ~,by ~,,~のそばに,表現,1,原本保持
290,ニューホライズン,NH,1,U3,Unit3 Our,School,Unit3 Part3,"P36,P37",36,37,5,2,57,March,3月,☆,1,,March,3月,3月,March,05.26NH1_KeyWords_U3_英日_問題.pdf,マーチ,,March,March,,3月,単語,0,原本保持
291,ニューホライズン,NH,1,U3,Unit3 Our,School,Unit3 Part3,"P36,P37",36,37,5,2,58,under ~,~の下に[で],☆,1,,under ~,~の下に[で],~の下に[で],under ~,05.26NH1_KeyWords_U3_英日_問題.pdf,アンダー ～,,under ~,under ~,,~の下に[で],表現,1,原本保持
292,ニューホライズン,NH,1,U3,Unit3 Our,School,Unit3 Part3,"P36,P37",36,37,5,2,59,April,4月,☆,1,,April,4月,4月,April,05.26NH1_KeyWords_U3_英日_問題.pdf,エイプリル,,April,April,,4月,単語,0,原本保持
293,ニューホライズン,NH,1,U3,Unit3 Our,School,Unit3 Part3,"P36,P37",36,37,5,2,60,date,日付,,0,,date,日付,日付,date,05.26NH1_KeyWords_U3_英日_問題.pdf,デイト,,date,date,,日付,単語,0,原本保持
294,ニューホライズン,NH,1,U3,Unit3 Our,School,Unit3 Part3,"P36,P37",36,37,5,2,61,May,5月,☆,1,,May,5月,5月,May,05.26NH1_KeyWords_U3_英日_問題.pdf,メイ,,May,May,,5月,単語,0,原本保持
295,ニューホライズン,NH,1,U3,Unit3 Our,School,Unit3 Part3,"P36,P37",36,37,5,2,62,next,"次の, となりの",,0,,next,"次の, となりの","次の, となりの",next,05.26NH1_KeyWords_U3_英日_問題.pdf,ネックスト,,next,next,,"次の, となりの",単語,0,原本保持
296,ニューホライズン,NH,1,U3,Unit3 Our,School,Unit3 Part3,"P36,P37",36,37,5,2,63,June,6月,☆,1,,June,6月,6月,June,05.26NH1_KeyWords_U3_英日_問題.pdf,ジューン,,June,June,,6月,単語,0,原本保持
297,ニューホライズン,NH,1,U3,Unit3 Our,School,Unit3 Part3,"P36,P37",36,37,5,2,64,near,~の近くに[で],,0,,near,~の近くに[で],~の近くに[で],near,05.26NH1_KeyWords_U3_英日_問題.pdf,ニア,,near,near,,~の近くに[で],単語,0,原本保持
298,ニューホライズン,NH,1,U3,Unit3 Our,School,Unit3 Part3,"P36,P37",36,37,5,2,65,July,7月,☆,1,,July,7月,7月,July,05.26NH1_KeyWords_U3_英日_問題.pdf,ジュライ,,July,July,,7月,単語,0,原本保持
299,ニューホライズン,NH,1,U3,Unit3 Our,School,Unit3 Part3,"P36,P37",36,37,5,2,66,luck,運,,0,,luck,運,運,luck,05.26NH1_KeyWords_U3_英日_問題.pdf,ラック,,luck,luck,,運,単語,0,原本保持
300,ニューホライズン,NH,1,U3,Unit3 Our,School,Unit3 Part3,"P36,P37",36,37,5,2,67,August,8月,☆,1,,August,8月,8月,August,05.26NH1_KeyWords_U3_英日_問題.pdf,オーガスト,,August,August,,8月,単語,0,原本保持
301,ニューホライズン,NH,1,U3,Unit3 Our,School,Unit3 Part3,"P36,P37",36,37,5,2,68,hallway,ろうか,,0,,hallway,ろうか,ろうか,hallway,05.26NH1_KeyWords_U3_英日_問題.pdf,ホールウェイ,,hallway,hallway,,ろうか,単語,0,原本保持
302,ニューホライズン,NH,1,U3,Unit3 Our,School,Unit3 Part3,"P36,P37",36,37,5,2,69,September,9月,☆,1,,September,9月,9月,September,05.26NH1_KeyWords_U3_英日_問題.pdf,セプテンバー,,September,September,,9月,単語,0,原本保持
303,ニューホライズン,NH,1,U3,Unit3 Our,School,Unit3 Part3,"P36,P37",36,37,5,2,70,Good luck.,幸運を祈ります。,,0,,Good luck.,幸運を祈ります。,幸運を祈ります。,Good luck.,05.26NH1_KeyWords_U3_英日_問題.pdf,グッド ラック,,Good luck.,Good luck.,,幸運を祈ります。,複数語,1,原本保持
304,ニューホライズン,NH,1,U4,Unit4,Friends in New Zealand,Unit4 Part1,P43～P45,43,45,6,1,1,How many ~?,いくつの~ですか。,☆,1,,How many ~?,いくつの~ですか。,いくつの~ですか。,How many ~?,06.26NH1_KeyWords_U4_英日_問題.pdf,ハウ メニー ～,,How many ~?,How many ~?,,いくつの~ですか。,表現,1,原本保持
305,ニューホライズン,NH,1,U4,Unit4,Friends in New Zealand,Unit4 Part1,P43～P45,43,45,6,1,2,they,"彼らは[が], 彼女らは[が], それらは[が]",☆,1,,they,"彼らは[が], 彼女らは[が], それらは[が]","彼らは[が], 彼女らは[が], それらは[が]",they,06.26NH1_KeyWords_U4_英日_問題.pdf,ゼイ,,they,they,,"彼らは[が], 彼女らは[が], それらは[が]",単語,0,原本保持
306,ニューホライズン,NH,1,U4,Unit4,Friends in New Zealand,Unit4 Part1,P43～P45,43,45,6,1,3,visit,(人・場所)を訪ねる,☆,1,,visit,(人・場所)を訪ねる,(人・場所)を訪ねる,visit,06.26NH1_KeyWords_U4_英日_問題.pdf,ビジット,,visit,visit,,(人・場所)を訪ねる,単語,0,原本保持
307,ニューホライズン,NH,1,U4,Unit4,Friends in New Zealand,Unit4 Part1,P43～P45,43,45,6,1,4,one of ~,~の1つ[1人],☆,1,,one of ~,~の1つ[1人],~の1つ[1人],one of ~,06.26NH1_KeyWords_U4_英日_問題.pdf,ワン オブ ～,,one of ~,one of ~,,~の1つ[1人],表現,1,原本保持
308,ニューホライズン,NH,1,U4,Unit4,Friends in New Zealand,Unit4 Part1,P43～P45,43,45,6,1,5,eat,~を食べる,☆,1,,eat,~を食べる,~を食べる,eat,06.26NH1_KeyWords_U4_英日_問題.pdf,イート,,eat,eat,,~を食べる,単語,0,原本保持
309,ニューホライズン,NH,1,U4,Unit4,Friends in New Zealand,Unit4 Part1,P43～P45,43,45,6,1,6,a lot of,たくさんの,☆,1,,a lot of,たくさんの,たくさんの,a lot of,06.26NH1_KeyWords_U4_英日_問題.pdf,ア ラト オブ,,a lot of,a lot of,,たくさんの,複数語,1,原本保持
310,ニューホライズン,NH,1,U4,Unit4,Friends in New Zealand,Unit4 Part1,P43～P45,43,45,6,1,7,table,テーブル,☆,1,,table,テーブル,テーブル,table,06.26NH1_KeyWords_U4_英日_問題.pdf,テイブル,,table,table,,テーブル,単語,0,原本保持
311,ニューホライズン,NH,1,U4,Unit4,Friends in New Zealand,Unit4 Part1,P43～P45,43,45,6,1,8,stop,とまる,,0,,stop,とまる,とまる,stop,06.26NH1_KeyWords_U4_英日_問題.pdf,ストップ,,stop,stop,,とまる,単語,0,原本保持
312,ニューホライズン,NH,1,U4,Unit4,Friends in New Zealand,Unit4 Part1,P43～P45,43,45,6,1,9,song,歌,☆,1,,song,歌,歌,song,06.26NH1_KeyWords_U4_英日_問題.pdf,ソング,,song,song,,歌,単語,0,原本保持
313,ニューホライズン,NH,1,U4,Unit4,Friends in New Zealand,Unit4 Part1,P43～P45,43,45,6,1,10,animal,動物,,0,,animal,動物,動物,animal,06.26NH1_KeyWords_U4_英日_問題.pdf,アニマル,,animal,animal,,動物,単語,0,原本保持
314,ニューホライズン,NH,1,U4,Unit4,Friends in New Zealand,Unit4 Part1,P43～P45,43,45,6,1,11,Japan,日本,☆,1,,Japan,日本,日本,Japan,06.26NH1_KeyWords_U4_英日_問題.pdf,ジャパン,,Japan,Japan,,日本,単語,0,原本保持
315,ニューホライズン,NH,1,U4,Unit4,Friends in New Zealand,Unit4 Part1,P43～P45,43,45,6,1,12,bench,ベンチ,,0,,bench,ベンチ,ベンチ,bench,06.26NH1_KeyWords_U4_英日_問題.pdf,ベンチ,,bench,bench,,ベンチ,単語,0,原本保持
316,ニューホライズン,NH,1,U4,Unit4,Friends in New Zealand,Unit4 Part1,P43～P45,43,45,6,1,13,basket,かご,,0,,basket,かご,かご,basket,06.26NH1_KeyWords_U4_英日_問題.pdf,バスカット,,basket,basket,,かご,単語,0,原本保持
317,ニューホライズン,NH,1,U4,Unit4,Friends in New Zealand,Unit4 Part1,P43～P45,43,45,6,1,14,many,[数えられる名詞の複数形につけて] たくさんの,☆,1,,many,[数えられる名詞の複数形につけて] たくさんの,[数えられる名詞の複数形につけて] たくさんの,many,06.26NH1_KeyWords_U4_英日_問題.pdf,メニー,,many,many,,[数えられる名詞の複数形につけて] たくさんの,単語,0,原本保持
318,ニューホライズン,NH,1,U4,Unit4,Friends in New Zealand,Unit4 Part1,P43～P45,43,45,6,1,15,so,とても,,0,,so,とても,とても,so,06.26NH1_KeyWords_U4_英日_問題.pdf,ソウ,,so,so,,とても,単語,0,原本保持
319,ニューホライズン,NH,1,U4,Unit4,Friends in New Zealand,Unit4 Part1,P43～P45,43,45,6,1,16,someday,いつか,☆,1,,someday,いつか,いつか,someday,06.26NH1_KeyWords_U4_英日_問題.pdf,サムデイ,,someday,someday,,いつか,単語,0,原本保持
320,ニューホライズン,NH,1,U4,Unit4,Friends in New Zealand,Unit4 Part1,P43～P45,43,45,6,1,17,really,本当に,,0,,really,本当に,本当に,really,06.26NH1_KeyWords_U4_英日_問題.pdf,リリ,,really,really,,本当に,単語,0,原本保持
321,ニューホライズン,NH,1,U4,Unit4,Friends in New Zealand,Unit4 Part2,"P46,47",46,47,6,1,18,sound,"~に聞こえる, ~に思える",☆,1,,sound,"~に聞こえる, ~に思える","~に聞こえる, ~に思える",sound,06.26NH1_KeyWords_U4_英日_問題.pdf,サウンド,,sound,sound,,"~に聞こえる, ~に思える",単語,0,原本保持
322,ニューホライズン,NH,1,U4,Unit4,Friends in New Zealand,Unit4 Part2,"P46,47",46,47,6,1,19,sad,悲しい,☆,1,,sad,悲しい,悲しい,sad,06.26NH1_KeyWords_U4_英日_問題.pdf,サッド,,sad,sad,,悲しい,単語,0,原本保持
323,ニューホライズン,NH,1,U4,Unit4,Friends in New Zealand,Unit4 Part2,"P46,47",46,47,6,1,20,What time ~?,何時に~ですか。,☆,1,,What time ~?,何時に~ですか。,何時に~ですか。,What time ~?,06.26NH1_KeyWords_U4_英日_問題.pdf,ワット タイム ～,,What time ~?,What time ~?,,何時に~ですか。,表現,1,原本保持
324,ニューホライズン,NH,1,U4,Unit4,Friends in New Zealand,Unit4 Part2,"P46,47",46,47,6,1,21,last,最後の,☆,1,,last,最後の,最後の,last,06.26NH1_KeyWords_U4_英日_問題.pdf,ラスト,,last,last,,最後の,単語,0,原本保持
325,ニューホライズン,NH,1,U4,Unit4,Friends in New Zealand,Unit4 Part2,"P46,47",46,47,6,1,22,sport,スポーツ,☆,1,,sport,スポーツ,スポーツ,sport,06.26NH1_KeyWords_U4_英日_問題.pdf,スポート,,sport,sport,,スポーツ,単語,0,原本保持
326,ニューホライズン,NH,1,U4,Unit4,Friends in New Zealand,Unit4 Part2,"P46,47",46,47,6,1,23,o'clock,~時,☆,1,,o'clock,~時,~時,o'clock,06.26NH1_KeyWords_U4_英日_問題.pdf,アクラク,,o'clock,o'clock,,~時,単語,0,原本保持
327,ニューホライズン,NH,1,U4,Unit4,Friends in New Zealand,Unit4 Part2,"P46,47",46,47,6,1,24,class,授業,☆,1,,class,授業,授業,class,06.26NH1_KeyWords_U4_英日_問題.pdf,クラス,,class,class,,授業,単語,0,原本保持
328,ニューホライズン,NH,1,U4,Unit4,Friends in New Zealand,Unit4 Part2,"P46,47",46,47,6,1,25,like,"~のような[に], ~に似た",,0,,like,"~のような[に], ~に似た","~のような[に], ~に似た",like,06.26NH1_KeyWords_U4_英日_問題.pdf,ライク,,like,like,,"~のような[に], ~に似た",単語,0,原本保持
329,ニューホライズン,NH,1,U4,Unit4,Friends in New Zealand,Unit4 Part2,"P46,47",46,47,6,1,26,basketball,バスケットボール,☆,1,,basketball,バスケットボール,バスケットボール,basketball,06.26NH1_KeyWords_U4_英日_問題.pdf,バスケットボール,,basketball,basketball,,バスケットボール,単語,0,原本保持
330,ニューホライズン,NH,1,U4,Unit4,Friends in New Zealand,Unit4 Part2,"P46,47",46,47,6,1,27,kitchen,台所,,0,,kitchen,台所,台所,kitchen,06.26NH1_KeyWords_U4_英日_問題.pdf,キチャン,,kitchen,kitchen,,台所,単語,0,原本保持
331,ニューホライズン,NH,1,U4,Unit4,Friends in New Zealand,Unit4 Part2,"P46,47",46,47,6,1,28,picture,"絵, 写真",☆,1,,picture,"絵, 写真","絵, 写真",picture,06.26NH1_KeyWords_U4_英日_問題.pdf,ピックチャー,,picture,picture,,"絵, 写真",単語,0,原本保持
332,ニューホライズン,NH,1,U4,Unit4,Friends in New Zealand,Unit4 Part2,"P46,47",46,47,6,1,29,eel,ウナギ,,0,,eel,ウナギ,ウナギ,eel,06.26NH1_KeyWords_U4_英日_問題.pdf,イール,,eel,eel,,ウナギ,単語,0,原本保持
333,ニューホライズン,NH,1,U4,Unit4,Friends in New Zealand,Unit4 Part2,"P46,47",46,47,6,1,30,man,男性,☆,1,,man,男性,男性,man,06.26NH1_KeyWords_U4_英日_問題.pdf,マン,,man,man,,男性,単語,0,原本保持
334,ニューホライズン,NH,1,U4,Unit4,Friends in New Zealand,Unit4 Part2,"P46,47",46,47,6,1,31,noon,正午,,0,,noon,正午,正午,noon,06.26NH1_KeyWords_U4_英日_問題.pdf,ヌン,,noon,noon,,正午,単語,0,原本保持
335,ニューホライズン,NH,1,U4,Unit4,Friends in New Zealand,Unit4 Part2,"P46,47",46,47,6,1,32,afternoon,午後,☆,1,,afternoon,午後,午後,afternoon,06.26NH1_KeyWords_U4_英日_問題.pdf,アフタヌーン,,afternoon,afternoon,,午後,単語,0,原本保持
336,ニューホライズン,NH,1,U4,Unit4,Friends in New Zealand,Unit4 Part3,"P48,P49",48,49,6,1,33,be,"~である, ~になる[be動詞の原形]",☆,1,,be,"~である, ~になる[be動詞の原形]","~である, ~になる[be動詞の原形]",be,06.26NH1_KeyWords_U4_英日_問題.pdf,ビー,,be,be,,"~である, ~になる[be動詞の原形]",単語,0,原本保持
337,ニューホライズン,NH,1,U4,Unit4,Friends in New Zealand,Unit4 Part3,"P48,P49",48,49,6,1,34,look at ~,~を見る,☆,1,,look at ~,~を見る,~を見る,look at ~,06.26NH1_KeyWords_U4_英日_問題.pdf,ルック アット ～,,look at ~,look at ~,,~を見る,表現,1,原本保持
338,ニューホライズン,NH,1,U4,Unit4,Friends in New Zealand,Unit4 Part3,"P48,P49",48,49,6,1,35,worry,"心配する, 悩む",☆,1,,worry,"心配する, 悩む","心配する, 悩む",worry,06.26NH1_KeyWords_U4_英日_問題.pdf,ワーイー,,worry,worry,,"心配する, 悩む",単語,0,原本保持
339,ニューホライズン,NH,1,U4,Unit4,Friends in New Zealand,Unit4 Part3,"P48,P49",48,49,6,1,36,turn,順番,,0,,turn,順番,順番,turn,06.26NH1_KeyWords_U4_英日_問題.pdf,ターン,,turn,turn,,順番,単語,0,原本保持
340,ニューホライズン,NH,1,U4,Unit4,Friends in New Zealand,Unit4 Part3,"P48,P49",48,49,6,1,37,right,正しい,☆,1,,right,正しい,正しい,right,06.26NH1_KeyWords_U4_英日_問題.pdf,ライト,,right,right,,正しい,単語,0,原本保持
341,ニューホライズン,NH,1,U4,Unit4,Friends in New Zealand,Unit4 Part3,"P48,P49",48,49,6,1,38,front,"前, 正面",,0,,front,"前, 正面","前, 正面",front,06.26NH1_KeyWords_U4_英日_問題.pdf,フラント,,front,front,,"前, 正面",単語,0,原本保持
342,ニューホライズン,NH,1,U4,Unit4,Friends in New Zealand,Unit4 Part3,"P48,P49",48,49,6,1,39,fun,楽しいこと,☆,1,,fun,楽しいこと,楽しいこと,fun,06.26NH1_KeyWords_U4_英日_問題.pdf,ファン,,fun,fun,,楽しいこと,単語,0,原本保持
343,ニューホライズン,NH,1,U4,Unit4,Friends in New Zealand,Unit4 Part3,"P48,P49",48,49,6,1,40,gift,贈り物,,0,,gift,贈り物,贈り物,gift,06.26NH1_KeyWords_U4_英日_問題.pdf,ギフト,,gift,gift,,贈り物,単語,0,原本保持
344,ニューホライズン,NH,1,U4,Unit4,Friends in New Zealand,Unit4 Part3,"P48,P49",48,49,6,1,41,fine,元気な,☆,1,,fine,元気な,元気な,fine,06.26NH1_KeyWords_U4_英日_問題.pdf,ファイン,,fine,fine,,元気な,単語,0,原本保持
345,ニューホライズン,NH,1,U4,Unit4,Friends in New Zealand,Unit4 Part3,"P48,P49",48,49,6,1,42,pet,ペット,,0,,pet,ペット,ペット,pet,06.26NH1_KeyWords_U4_英日_問題.pdf,ペット,,pet,pet,,ペット,単語,0,原本保持
346,ニューホライズン,NH,1,U4,Unit4,Friends in New Zealand,Unit4 Part3,"P48,P49",48,49,6,1,43,all,全て,☆,1,,all,全て,全て,all,06.26NH1_KeyWords_U4_英日_問題.pdf,オール,,all,all,,全て,単語,0,原本保持
347,ニューホライズン,NH,1,U4,Unit4,Friends in New Zealand,Unit4 Part3,"P48,P49",48,49,6,1,44,nervous,緊張して,,0,,nervous,緊張して,緊張して,nervous,06.26NH1_KeyWords_U4_英日_問題.pdf,ナーヴァス,,nervous,nervous,,緊張して,単語,0,原本保持
348,ニューホライズン,NH,1,U4,Unit4,Friends in New Zealand,Unit4 Part3,"P48,P49",48,49,6,1,45,please,"どうぞ, お願いします",☆,1,,please,"どうぞ, お願いします","どうぞ, お願いします",please,06.26NH1_KeyWords_U4_英日_問題.pdf,プリーズ,,please,please,,"どうぞ, お願いします",単語,0,原本保持
349,ニューホライズン,NH,1,U4,Unit4,Friends in New Zealand,Unit4 Part3,"P48,P49",48,49,6,1,46,yourself,あなた自身を[に],,0,,yourself,あなた自身を[に],あなた自身を[に],yourself,06.26NH1_KeyWords_U4_英日_問題.pdf,ヤーセルフ,,yourself,yourself,,あなた自身を[に],単語,0,原本保持
350,ニューホライズン,NH,1,U4,Unit4 Friends,in New Zealand,Unit4 教科書本文,P44～P49,44,49,6,2,47,puppy,子イヌ,,0,,puppy,子イヌ,子イヌ,puppy,06.26NH1_KeyWords_U4_英日_問題.pdf,パピ,,puppy,puppy,,子イヌ,単語,0,原本保持
351,ニューホライズン,NH,1,U4,Unit4 Friends,in New Zealand,Unit4 教科書本文,P44～P49,44,49,6,2,48,kiwi,"キーウィ[動物名], キウイフルーツ",,0,,kiwi,"キーウィ[動物名], キウイフルーツ","キーウィ[動物名], キウイフルーツ",kiwi,06.26NH1_KeyWords_U4_英日_問題.pdf,キウィ,,kiwi,kiwi,,"キーウィ[動物名], キウイフルーツ",単語,0,原本保持
352,ニューホライズン,NH,1,U4,Unit4 Friends,in New Zealand,Unit4 教科書本文,P44～P49,44,49,6,2,49,New Zealand,ニュージーランド,,0,,New Zealand,ニュージーランド,ニュージーランド,New Zealand,06.26NH1_KeyWords_U4_英日_問題.pdf,ニュージーランド,,New Zealand,New Zealand,,ニュージーランド,複数語,1,原本保持
353,ニューホライズン,NH,1,U4,Unit4 Friends,in New Zealand,Unit4 教科書本文,P44～P49,44,49,6,2,50,they're,they areの短縮形,,0,,they're,they areの短縮形,they areの短縮形,they're,06.26NH1_KeyWords_U4_英日_問題.pdf,ゼア,,they're,they're,,they areの短縮形,短縮形,0,原本保持
354,ニューホライズン,NH,1,U4,Unit4 Friends,in New Zealand,Unit4 教科書本文,P44～P49,44,49,6,2,51,a.m.,午前,,0,,a.m.,午前,午前,a.m.,06.26NH1_KeyWords_U4_英日_問題.pdf,ア エム,,a.m.,a.m.,,午前,単語,0,原本保持
355,ニューホライズン,NH,1,U4,Unit4 Friends,in New Zealand,Unit4 教科書本文,P44～P49,44,49,6,2,52,Enjoy yourself.,楽しくお過ごしください。,,0,,Enjoy yourself.,楽しくお過ごしください。,楽しくお過ごしください。,Enjoy yourself.,06.26NH1_KeyWords_U4_英日_問題.pdf,エンジョイ ユアセルフ,,Enjoy yourself.,Enjoy yourself.,,楽しくお過ごしください。,複数語,1,原本保持
356,ニューホライズン,NH,1,U4,Unit4 Friends,in New Zealand,Unit4 教科書本文,P44～P49,44,49,6,2,53,p.m.,午後,,0,,p.m.,午後,午後,p.m.,06.26NH1_KeyWords_U4_英日_問題.pdf,ピー エム,,p.m.,p.m.,,午後,単語,0,原本保持
357,ニューホライズン,NH,1,U4,Unit4 Friends,in New Zealand,Unit4 教科書本文,P44～P49,44,49,6,2,54,David,デイビッド[男性の名前],,0,,David,デイビッド[男性の名前],デイビッド[男性の名前],David,06.26NH1_KeyWords_U4_英日_問題.pdf,デイヴィッド,,David,David,,デイビッド[男性の名前],単語,0,原本保持
358,ニューホライズン,NH,1,U4,Unit4 Friends,in New Zealand,Unit4 教科書本文,P44～P49,44,49,6,2,55,sheep,ヒツジ,,0,,sheep,ヒツジ,ヒツジ,sheep,06.26NH1_KeyWords_U4_英日_問題.pdf,シプ,,sheep,sheep,,ヒツジ,単語,0,原本保持
359,ニューホライズン,NH,1,U4,Unit4 Friends,in New Zealand,Unit4 教科書本文,P44～P49,44,49,6,2,56,Mia,ミア[女性の名前],,0,,Mia,ミア[女性の名前],ミア[女性の名前],Mia,06.26NH1_KeyWords_U4_英日_問題.pdf,ミア,,Mia,Mia,,ミア[女性の名前],単語,0,原本保持
360,ニューホライズン,NH,1,U4,Unit4 Friends,in New Zealand,Unit4 4-1～3,P43～P49,43,49,6,2,57,animal,動物,☆,1,,animal,動物,動物,animal,06.26NH1_KeyWords_U4_英日_問題.pdf,アニマル,,animal,animal,,動物,単語,0,原本保持
361,ニューホライズン,NH,1,U4,Unit4 Friends,in New Zealand,Unit4 4-1～3,P43～P49,43,49,6,2,58,turn,順番,☆,1,,turn,順番,順番,turn,06.26NH1_KeyWords_U4_英日_問題.pdf,ターン,,turn,turn,,順番,単語,0,原本保持
362,ニューホライズン,NH,1,U4,Unit4 Friends,in New Zealand,Unit4 4-1～3,P43～P49,43,49,6,2,59,really,本当に,☆,1,,really,本当に,本当に,really,06.26NH1_KeyWords_U4_英日_問題.pdf,リリ,,really,really,,本当に,単語,0,原本保持
363,ニューホライズン,NH,1,U4,Unit4 Friends,in New Zealand,Unit4 4-1～3,P43～P49,43,49,6,2,60,nervous,緊張して,☆,1,,nervous,緊張して,緊張して,nervous,06.26NH1_KeyWords_U4_英日_問題.pdf,ナーヴァス,,nervous,nervous,,緊張して,単語,0,原本保持
364,ニューホライズン,NH,1,U4,Unit4 Friends,in New Zealand,Unit4 4-1～3,P43～P49,43,49,6,2,61,noon,正午,☆,1,,noon,正午,正午,noon,06.26NH1_KeyWords_U4_英日_問題.pdf,ヌン,,noon,noon,,正午,単語,0,原本保持
365,ニューホライズン,NH,1,U4,Unit4 Friends,in New Zealand,"Stage Activity 1 ""All about Me"" Poster","P54,P55",54,55,6,2,62,tell,"話す, 教える",☆,1,,tell,"話す, 教える","話す, 教える",tell,06.26NH1_KeyWords_U4_英日_問題.pdf,テル,,tell,tell,,"話す, 教える",単語,0,原本保持
366,ニューホライズン,NH,1,U4,Unit4 Friends,in New Zealand,"Stage Activity 1 ""All about Me"" Poster","P54,P55",54,55,6,2,63,every day,毎日,☆,1,,every day,毎日,毎日,every day,06.26NH1_KeyWords_U4_英日_問題.pdf,エブリ デイ,,every day,every day,,毎日,複数語,1,原本保持
367,ニューホライズン,NH,1,U4,Unit4 Friends,in New Zealand,"Stage Activity 1 ""All about Me"" Poster","P54,P55",54,55,6,2,64,subject,"教科, 科目",☆,1,,subject,"教科, 科目","教科, 科目",subject,06.26NH1_KeyWords_U4_英日_問題.pdf,サッブジェックト,,subject,subject,,"教科, 科目",単語,0,原本保持
368,ニューホライズン,NH,1,U4,Unit4 Friends,in New Zealand,"Stage Activity 1 ""All about Me"" Poster","P54,P55",54,55,6,2,65,favorite,大好きなもの[人],,0,,favorite,大好きなもの[人],大好きなもの[人],favorite,06.26NH1_KeyWords_U4_英日_問題.pdf,フェイバリット,,favorite,favorite,,大好きなもの[人],単語,0,原本保持
369,ニューホライズン,NH,1,U4,Unit4 Friends,in New Zealand,"Stage Activity 1 ""All about Me"" Poster","P54,P55",54,55,6,2,66,student,"学生, 生徒",☆,1,,student,"学生, 生徒","学生, 生徒",student,06.26NH1_KeyWords_U4_英日_問題.pdf,スチューデント,,student,student,,"学生, 生徒",単語,0,原本保持
370,ニューホライズン,NH,1,U4,Unit4 Friends,in New Zealand,"Stage Activity 1 ""All about Me"" Poster","P54,P55",54,55,6,2,67,starter,先発メンバー,,0,,starter,先発メンバー,先発メンバー,starter,06.26NH1_KeyWords_U4_英日_問題.pdf,スターター,,starter,starter,,先発メンバー,単語,0,原本保持
371,ニューホライズン,NH,1,U4,Unit4 Friends,in New Zealand,"Stage Activity 1 ""All about Me"" Poster","P54,P55",54,55,6,2,68,player,選手,☆,1,,player,選手,選手,player,06.26NH1_KeyWords_U4_英日_問題.pdf,プレイアー,,player,player,,選手,単語,0,原本保持
372,ニューホライズン,NH,1,U4,Unit4 Friends,in New Zealand,"Stage Activity 1 ""All about Me"" Poster","P54,P55",54,55,6,2,69,poster,ポスター,,0,,poster,ポスター,ポスター,poster,06.26NH1_KeyWords_U4_英日_問題.pdf,ポスター,,poster,poster,,ポスター,単語,0,原本保持
373,ニューホライズン,NH,1,U4,Unit4 Friends,in New Zealand,"Stage Activity 1 ""All about Me"" Poster","P54,P55",54,55,6,2,70,movie,映画,☆,1,,movie,映画,映画,movie,06.26NH1_KeyWords_U4_英日_問題.pdf,ムヴィ,,movie,movie,,映画,単語,0,原本保持
374,ニューホライズン,NH,1,U4,Unit4 Friends,in New Zealand,"Stage Activity 1 ""All about Me"" Poster","P54,P55",54,55,6,2,71,age,年齢,,0,,age,年齢,年齢,age,06.26NH1_KeyWords_U4_英日_問題.pdf,エイジ,,age,age,,年齢,単語,0,原本保持
375,ニューホライズン,NH,1,U4,Unit4 Friends,in New Zealand,"Stage Activity 1 ""All about Me"" Poster","P54,P55",54,55,6,2,72,famous,有名な,☆,1,,famous,有名な,有名な,famous,06.26NH1_KeyWords_U4_英日_問題.pdf,フェイマス,,famous,famous,,有名な,単語,0,原本保持
376,ニューホライズン,NH,1,U4,Unit4 Friends,in New Zealand,"Stage Activity 1 ""All about Me"" Poster","P54,P55",54,55,6,2,73,big,"重要な, すごい",,0,,big,"重要な, すごい","重要な, すごい",big,06.26NH1_KeyWords_U4_英日_問題.pdf,ビッグ,,big,big,,"重要な, すごい",単語,0,原本保持
377,ニューホライズン,NH,1,U4,Unit4 Friends,in New Zealand,"Stage Activity 1 ""All about Me"" Poster","P54,P55",54,55,6,2,74,very much,とても,☆,1,,very much,とても,とても,very much,06.26NH1_KeyWords_U4_英日_問題.pdf,ヴェリ マッチ,,very much,very much,,とても,複数語,1,原本保持
378,ニューホライズン,NH,1,U4,Unit4 Friends,in New Zealand,"Stage Activity 1 ""All about Me"" Poster","P54,P55",54,55,6,2,75,much,"おおいに, たいへん",,0,,much,"おおいに, たいへん","おおいに, たいへん",much,06.26NH1_KeyWords_U4_英日_問題.pdf,マッチ,,much,much,,"おおいに, たいへん",単語,0,原本保持
379,ニューホライズン,NH,1,U4,Unit4 Friends,in New Zealand,"Stage Activity 1 ""All about Me"" Poster","P54,P55",54,55,6,2,76,junior high school,中学校,☆,1,,junior high school,中学校,中学校,junior high school,06.26NH1_KeyWords_U4_英日_問題.pdf,ジュンヤー ハイ スクール,,junior high school,junior high school,,中学校,複数語,1,原本保持
380,ニューホライズン,NH,1,U4,Unit4 Friends,in New Zealand,"Stage Activity 1 ""All about Me"" Poster","P54,P55",54,55,6,2,77,elementary school,小学校,,0,,elementary school,小学校,小学校,elementary school,06.26NH1_KeyWords_U4_英日_問題.pdf,エラメントリ スクール,,elementary school,elementary school,,小学校,複数語,1,原本保持
381,ニューホライズン,NH,1,U5,Unit5,My Brother in Hawaii,Unit5 Part1,P61～P63,61,63,7,1,1,write,(~を)書く,☆,1,,write,(~を)書く,(~を)書く,write,07.26NH1_KeyWords_U5_英日_問題.pdf,ライト,,write,write,,(~を)書く,単語,0,原本保持
382,ニューホライズン,NH,1,U5,Unit5,My Brother in Hawaii,Unit5 Part1,P61～P63,61,63,7,1,2,blog,ブログ,,0,,blog,ブログ,ブログ,blog,07.26NH1_KeyWords_U5_英日_問題.pdf,ブロッグ,,blog,blog,,ブログ,単語,0,原本保持
383,ニューホライズン,NH,1,U5,Unit5,My Brother in Hawaii,Unit5 Part1,P61～P63,61,63,7,1,3,work,"働く, 作業をする",☆,1,,work,"働く, 作業をする","働く, 作業をする",work,07.26NH1_KeyWords_U5_英日_問題.pdf,ワーク,,work,work,,"働く, 作業をする",単語,0,原本保持
384,ニューホライズン,NH,1,U5,Unit5,My Brother in Hawaii,Unit5 Part1,P61～P63,61,63,7,1,4,spot,"地点, 場所",,0,,spot,"地点, 場所","地点, 場所",spot,07.26NH1_KeyWords_U5_英日_問題.pdf,スパト,,spot,spot,,"地点, 場所",単語,0,原本保持
385,ニューホライズン,NH,1,U5,Unit5,My Brother in Hawaii,Unit5 Part1,P61～P63,61,63,7,1,5,brother,"兄, 弟, 兄弟",☆,1,,brother,"兄, 弟, 兄弟","兄, 弟, 兄弟",brother,07.26NH1_KeyWords_U5_英日_問題.pdf,ブラザー,,brother,brother,,"兄, 弟, 兄弟",単語,0,原本保持
386,ニューホライズン,NH,1,U5,Unit5,My Brother in Hawaii,Unit5 Part1,P61～P63,61,63,7,1,6,nature,自然,,0,,nature,自然,自然,nature,07.26NH1_KeyWords_U5_英日_問題.pdf,ネイチャー,,nature,nature,,自然,単語,0,原本保持
387,ニューホライズン,NH,1,U5,Unit5,My Brother in Hawaii,Unit5 Part1,P61～P63,61,63,7,1,7,beautiful,美しい,☆,1,,beautiful,美しい,美しい,beautiful,07.26NH1_KeyWords_U5_英日_問題.pdf,ビューティフル,,beautiful,beautiful,,美しい,単語,0,原本保持
388,ニューホライズン,NH,1,U5,Unit5,My Brother in Hawaii,Unit5 Part1,P61～P63,61,63,7,1,8,guide,"ガイド, 案内人",,0,,guide,"ガイド, 案内人","ガイド, 案内人",guide,07.26NH1_KeyWords_U5_英日_問題.pdf,ガイド,,guide,guide,,"ガイド, 案内人",単語,0,原本保持
389,ニューホライズン,NH,1,U5,Unit5,My Brother in Hawaii,Unit5 Part1,P61～P63,61,63,7,1,9,his,彼の,☆,1,,his,彼の,彼の,his,07.26NH1_KeyWords_U5_英日_問題.pdf,ヒズ,,his,his,,彼の,単語,0,原本保持
390,ニューホライズン,NH,1,U5,Unit5,My Brother in Hawaii,Unit5 Part1,P61～P63,61,63,7,1,10,local,"地方の, 地元の",,0,,local,"地方の, 地元の","地方の, 地元の",local,07.26NH1_KeyWords_U5_英日_問題.pdf,ロクル,,local,local,,"地方の, 地元の",単語,0,原本保持
391,ニューホライズン,NH,1,U5,Unit5,My Brother in Hawaii,Unit5 Part1,P61～P63,61,63,7,1,11,enjoy ~ing,~して楽しむ,☆,1,,enjoy ~ing,~して楽しむ,~して楽しむ,enjoy ~ing,07.26NH1_KeyWords_U5_英日_問題.pdf,エンジョイ ～イング,,enjoy ~ing,enjoy ~ing,,~して楽しむ,表現,1,原本保持
392,ニューホライズン,NH,1,U5,Unit5,My Brother in Hawaii,Unit5 Part1,P61～P63,61,63,7,1,12,as,~として,,0,,as,~として,~として,as,07.26NH1_KeyWords_U5_英日_問題.pdf,アズ,,as,as,,~として,単語,0,原本保持
393,ニューホライズン,NH,1,U5,Unit5,My Brother in Hawaii,Unit5 Part1,P61～P63,61,63,7,1,13,tour,"旅行, ツアー",,0,,tour,"旅行, ツアー","旅行, ツアー",tour,07.26NH1_KeyWords_U5_英日_問題.pdf,トゥー,,tour,tour,,"旅行, ツアー",単語,0,原本保持
394,ニューホライズン,NH,1,U5,Unit5,My Brother in Hawaii,Unit5 Part1,P61～P63,61,63,7,1,14,~year(s) old,~歳,,0,,~year(s) old,~歳,~歳,~year(s) old,07.26NH1_KeyWords_U5_英日_問題.pdf,～ イヤー エス オールド,,~year(s) old,~year old,~years old,~歳,表現,1,個別正規化済み
395,ニューホライズン,NH,1,U5,Unit5,My Brother in Hawaii,Unit5 Part2,"P64,P65",64,65,7,1,15,does,"[疑問文や応答, 否定文を作る]",☆,1,,does,"[疑問文や応答, 否定文を作る]","[疑問文や応答, 否定文を作る]",does,07.26NH1_KeyWords_U5_英日_問題.pdf,ダズ,,does,does,,"[疑問文や応答, 否定文を作る]",単語,0,原本保持
396,ニューホライズン,NH,1,U5,Unit5,My Brother in Hawaii,Unit5 Part2,"P64,P65",64,65,7,1,16,swim,泳ぐ,☆,1,,swim,泳ぐ,泳ぐ,swim,07.26NH1_KeyWords_U5_英日_問題.pdf,スイム,,swim,swim,,泳ぐ,単語,0,原本保持
397,ニューホライズン,NH,1,U5,Unit5,My Brother in Hawaii,Unit5 Part2,"P64,P65",64,65,7,1,17,doesn't,does notの短縮形,☆,1,,doesn't,does notの短縮形,does notの短縮形,doesn't,07.26NH1_KeyWords_U5_英日_問題.pdf,ダズント,,doesn't,doesn't,,does notの短縮形,短縮形,0,原本保持
398,ニューホライズン,NH,1,U5,Unit5,My Brother in Hawaii,Unit5 Part2,"P64,P65",64,65,7,1,18,sometimes,ときどき,☆,1,,sometimes,ときどき,ときどき,sometimes,07.26NH1_KeyWords_U5_英日_問題.pdf,サムタイムズ,,sometimes,sometimes,,ときどき,単語,0,原本保持
399,ニューホライズン,NH,1,U5,Unit5,My Brother in Hawaii,Unit5 Part2,"P64,P65",64,65,7,1,19,has,haveの3人称単数現在形,☆,1,,has,haveの3人称単数現在形,haveの3人称単数現在形,has,07.26NH1_KeyWords_U5_英日_問題.pdf,ハズ,,has,has,,haveの3人称単数現在形,単語,0,原本保持
400,ニューホライズン,NH,1,U5,Unit5,My Brother in Hawaii,Unit5 Part2,"P64,P65",64,65,7,1,20,weekend,週末,,0,,weekend,週末,週末,weekend,07.26NH1_KeyWords_U5_英日_問題.pdf,ウィケンド,,weekend,weekend,,週末,単語,0,原本保持
401,ニューホライズン,NH,1,U5,Unit5,My Brother in Hawaii,Unit5 Part2,"P64,P65",64,65,7,1,21,question,質問,☆,1,,question,質問,質問,question,07.26NH1_KeyWords_U5_英日_問題.pdf,クウェスチャン,,question,question,,質問,単語,0,原本保持
402,ニューホライズン,NH,1,U5,Unit5,My Brother in Hawaii,Unit5 Part2,"P64,P65",64,65,7,1,22,life,生活,,0,,life,生活,生活,life,07.26NH1_KeyWords_U5_英日_問題.pdf,ライフ,,life,life,,生活,単語,0,原本保持
403,ニューホライズン,NH,1,U5,Unit5,My Brother in Hawaii,Unit5 Part2,"P64,P65",64,65,7,1,23,any,"[疑問文などで]いくらかの, 何らかの",☆,1,,any,"[疑問文などで]いくらかの, 何らかの","[疑問文などで]いくらかの, 何らかの",any,07.26NH1_KeyWords_U5_英日_問題.pdf,エニ,,any,any,,"[疑問文などで]いくらかの, 何らかの",単語,0,原本保持
404,ニューホライズン,NH,1,U5,Unit5,My Brother in Hawaii,Unit5 Part2,"P64,P65",64,65,7,1,24,dolphin,イルカ,,0,,dolphin,イルカ,イルカ,dolphin,07.26NH1_KeyWords_U5_英日_問題.pdf,ダルファン,,dolphin,dolphin,,イルカ,単語,0,原本保持
405,ニューホライズン,NH,1,U5,Unit5,My Brother in Hawaii,Unit5 Part2,"P64,P65",64,65,7,1,25,there,"そこに[で, へ]",☆,1,,there,"そこに[で, へ]","そこに[で, へ]",there,07.26NH1_KeyWords_U5_英日_問題.pdf,ゼア,,there,there,,"そこに[で, へ]",単語,0,原本保持
406,ニューホライズン,NH,1,U5,Unit5,My Brother in Hawaii,Unit5 Read and Think,"P66,P67",66,67,7,1,26,know,"~を知っている, わかる",☆,1,,know,"~を知っている, わかる","~を知っている, わかる",know,07.26NH1_KeyWords_U5_英日_問題.pdf,ノウ,,know,know,,"~を知っている, わかる",単語,0,原本保持
407,ニューホライズン,NH,1,U5,Unit5,My Brother in Hawaii,Unit5 Read and Think,"P66,P67",66,67,7,1,27,owner,所有者,,0,,owner,所有者,所有者,owner,07.26NH1_KeyWords_U5_英日_問題.pdf,オウナー,,owner,owner,,所有者,単語,0,原本保持
408,ニューホライズン,NH,1,U5,Unit5,My Brother in Hawaii,Unit5 Read and Think,"P66,P67",66,67,7,1,28,restaurant,レストラン,☆,1,,restaurant,レストラン,レストラン,restaurant,07.26NH1_KeyWords_U5_英日_問題.pdf,レスターアント,,restaurant,restaurant,,レストラン,単語,0,原本保持
409,ニューホライズン,NH,1,U5,Unit5,My Brother in Hawaii,Unit5 Read and Think,"P66,P67",66,67,7,1,29,dish,料理,,0,,dish,料理,料理,dish,07.26NH1_KeyWords_U5_英日_問題.pdf,ディシュ,,dish,dish,,料理,単語,0,原本保持
410,ニューホライズン,NH,1,U5,Unit5,My Brother in Hawaii,Unit5 Read and Think,"P66,P67",66,67,7,1,30,wonderful,"すばらしい, すてきな",☆,1,,wonderful,"すばらしい, すてきな","すばらしい, すてきな",wonderful,07.26NH1_KeyWords_U5_英日_問題.pdf,ワンダーファル,,wonderful,wonderful,,"すばらしい, すてきな",単語,0,原本保持
411,ニューホライズン,NH,1,U5,Unit5,My Brother in Hawaii,Unit5 Read and Think,"P66,P67",66,67,7,1,31,cafe,"喫茶店, カフェ",,0,,cafe,"喫茶店, カフェ","喫茶店, カフェ",cafe,07.26NH1_KeyWords_U5_英日_問題.pdf,カフェイ,,cafe,cafe,,"喫茶店, カフェ",単語,0,原本保持
412,ニューホライズン,NH,1,U5,Unit5,My Brother in Hawaii,Unit5 Read and Think,"P66,P67",66,67,7,1,32,popular,人気のある,☆,1,,popular,人気のある,人気のある,popular,07.26NH1_KeyWords_U5_英日_問題.pdf,ポピュラー,,popular,popular,,人気のある,単語,0,原本保持
413,ニューホライズン,NH,1,U5,Unit5,My Brother in Hawaii,Unit5 Read and Think,"P66,P67",66,67,7,1,33,friendly,好意的な,,0,,friendly,好意的な,好意的な,friendly,07.26NH1_KeyWords_U5_英日_問題.pdf,フレンドリ,,friendly,friendly,,好意的な,単語,0,原本保持
414,ニューホライズン,NH,1,U5,Unit5,My Brother in Hawaii,Unit5 Read and Think,"P66,P67",66,67,7,1,34,on top of ~,~の上に,☆,1,,on top of ~,~の上に,~の上に,on top of ~,07.26NH1_KeyWords_U5_英日_問題.pdf,オン タプ オブ ～,,on top of ~,on top of ~,,~の上に,表現,1,原本保持
415,ニューホライズン,NH,1,U5,Unit5,My Brother in Hawaii,Unit5 Read and Think,"P66,P67",66,67,7,1,35,fried,油であげた,,0,,fried,油であげた,油であげた,fried,07.26NH1_KeyWords_U5_英日_問題.pdf,フライド,,fried,fried,,油であげた,単語,0,原本保持
416,ニューホライズン,NH,1,U5,Unit5,My Brother in Hawaii,Unit5 Read and Think,"P66,P67",66,67,7,1,36,website,ウェブサイト,,0,,website,ウェブサイト,ウェブサイト,website,07.26NH1_KeyWords_U5_英日_問題.pdf,ウェブサイト,,website,website,,ウェブサイト,単語,0,原本保持
417,ニューホライズン,NH,1,U5,Unit5,My Brother in Hawaii,Unit5 教科書本文,P62～P67,62,67,7,1,37,surf,サーフィン[波乗り]をする,,0,,surf,サーフィン[波乗り]をする,サーフィン[波乗り]をする,surf,07.26NH1_KeyWords_U5_英日_問題.pdf,サーフ,,surf,surf,,サーフィン[波乗り]をする,単語,0,原本保持
418,ニューホライズン,NH,1,U5,Unit5,My Brother in Hawaii,Unit5 教科書本文,P62～P67,62,67,7,1,38,fried egg,目玉焼き,,0,,fried egg,目玉焼き,目玉焼き,fried egg,07.26NH1_KeyWords_U5_英日_問題.pdf,フライド エッグ,,fried egg,fried egg,,目玉焼き,複数語,1,原本保持
419,ニューホライズン,NH,1,U5,Unit5,My Brother in Hawaii,Unit5 教科書本文,P62～P67,62,67,7,1,39,Eddy,エディ[男性の名前],,0,,Eddy,エディ[男性の名前],エディ[男性の名前],Eddy,07.26NH1_KeyWords_U5_英日_問題.pdf,エディ,,Eddy,Eddy,,エディ[男性の名前],単語,0,原本保持
420,ニューホライズン,NH,1,U5,Unit5,My Brother in Hawaii,Unit5 教科書本文,P62～P67,62,67,7,1,40,patty,パティ(ひき肉などを丸く平たい形にして焼いたもの),,0,,patty,パティ(ひき肉などを丸く平たい形にして焼いたもの),パティ(ひき肉などを丸く平たい形にして焼いたもの),patty,07.26NH1_KeyWords_U5_英日_問題.pdf,パティ,,patty,patty,,パティ(ひき肉などを丸く平たい形にして焼いたもの),単語,0,原本保持
421,ニューホライズン,NH,1,U5,Unit5,My Brother in Hawaii,Unit5 教科書本文,P62～P67,62,67,7,1,41,Cafe Maria,カフェ マリア[架空のカフェの名前],,0,,Cafe Maria,カフェ マリア[架空のカフェの名前],カフェ マリア[架空のカフェの名前],Cafe Maria,07.26NH1_KeyWords_U5_英日_問題.pdf,カフェ マリア,,Cafe Maria,Cafe Maria,,カフェ マリア[架空のカフェの名前],複数語,1,原本保持
422,ニューホライズン,NH,1,U5,Unit5 My,Brother in Hawaii,Unit5 5-1～RT,P61～P67,61,67,7,2,42,nature,自然,☆,1,,nature,自然,自然,nature,07.26NH1_KeyWords_U5_英日_問題.pdf,ネイチャー,,nature,nature,,自然,単語,0,原本保持
423,ニューホライズン,NH,1,U5,Unit5 My,Brother in Hawaii,Unit5 5-1～RT,P61～P67,61,67,7,2,43,life,生活,☆,1,,life,生活,生活,life,07.26NH1_KeyWords_U5_英日_問題.pdf,ライフ,,life,life,,生活,単語,0,原本保持
424,ニューホライズン,NH,1,U5,Unit5 My,Brother in Hawaii,Unit5 5-1～RT,P61～P67,61,67,7,2,44,local,"地方の, 地元の",☆,1,,local,"地方の, 地元の","地方の, 地元の",local,07.26NH1_KeyWords_U5_英日_問題.pdf,ロクル,,local,local,,"地方の, 地元の",単語,0,原本保持
425,ニューホライズン,NH,1,U5,Unit5 My,Brother in Hawaii,Unit5 5-1～RT,P61～P67,61,67,7,2,45,friendly,好意的な,☆,1,,friendly,好意的な,好意的な,friendly,07.26NH1_KeyWords_U5_英日_問題.pdf,フレンドリ,,friendly,friendly,,好意的な,単語,0,原本保持
426,ニューホライズン,NH,1,U5,Unit5 My,Brother in Hawaii,Unit5 5-1～RT,P61～P67,61,67,7,2,46,as,~として,☆,1,,as,~として,~として,as,07.26NH1_KeyWords_U5_英日_問題.pdf,アズ,,as,as,,~として,単語,0,原本保持
427,ニューホライズン,NH,1,U6,Unit6,A Rakugo Performer from the U.K.,Unit6 Part1,P71～P73,71,73,8,1,1,I-my-me-mine,私[は-の-を-のもの],☆,1,,I-my-me-mine,私[は-の-を-のもの],私[は-の-を-のもの],I-my-me-mine,08.26NH1_KeyWords_U6_英日_問題.pdf,アイ・マイ・ミー・マイン,,I-my-me-mine,I-my-me-mine,,私[は-の-を-のもの],単語,0,原本保持
428,ニューホライズン,NH,1,U6,Unit6,A Rakugo Performer from the U.K.,Unit6 Part1,P71～P73,71,73,8,1,2,say,~を言う,☆,1,,say,~を言う,~を言う,say,08.26NH1_KeyWords_U6_英日_問題.pdf,セイ,,say,say,,~を言う,単語,0,原本保持
429,ニューホライズン,NH,1,U6,Unit6,A Rakugo Performer from the U.K.,Unit6 Part1,P71～P73,71,73,8,1,3,you-your-you-yours,あなた(たち) [は-の-を-のもの],☆,1,,you-your-you-yours,あなた(たち) [は-の-を-のもの],あなた(たち) [は-の-を-のもの],you-your-you-yours,08.26NH1_KeyWords_U6_英日_問題.pdf,ユー・ユア・ユー・ユーズ,,you-your-you-yours,you-your-you-yours,,あなた(たち) [は-の-を-のもの],単語,0,原本保持
430,ニューホライズン,NH,1,U6,Unit6,A Rakugo Performer from the U.K.,Unit6 Part1,P71～P73,71,73,8,1,4,together,いっしょに,☆,1,,together,いっしょに,いっしょに,together,08.26NH1_KeyWords_U6_英日_問題.pdf,タゲザー,,together,together,,いっしょに,単語,0,原本保持
431,ニューホライズン,NH,1,U6,Unit6,A Rakugo Performer from the U.K.,Unit6 Part1,P71～P73,71,73,8,1,5,he-his-him-his,彼[は-の-を-のもの],☆,1,,he-his-him-his,彼[は-の-を-のもの],彼[は-の-を-のもの],he-his-him-his,08.26NH1_KeyWords_U6_英日_問題.pdf,ヒー・ヒズ・ヒム・ヒズ,,he-his-him-his,he-his-him-his,,彼[は-の-を-のもの],単語,0,原本保持
432,ニューホライズン,NH,1,U6,Unit6,A Rakugo Performer from the U.K.,Unit6 Part1,P71～P73,71,73,8,1,6,for ~,~のための,☆,1,,for ~,~のための,~のための,for ~,08.26NH1_KeyWords_U6_英日_問題.pdf,フォー ～,,for ~,for ~,,~のための,表現,1,原本保持
433,ニューホライズン,NH,1,U6,Unit6,A Rakugo Performer from the U.K.,Unit6 Part1,P71～P73,71,73,8,1,7,she-her-her-hers,彼女[は-の-を-のもの],☆,1,,she-her-her-hers,彼女[は-の-を-のもの],彼女[は-の-を-のもの],she-her-her-hers,08.26NH1_KeyWords_U6_英日_問題.pdf,シー・ハー・ハー・ハーズ,,she-her-her-hers,she-her-her-hers,,彼女[は-の-を-のもの],単語,0,原本保持
434,ニューホライズン,NH,1,U6,Unit6,A Rakugo Performer from the U.K.,Unit6 Part1,P71～P73,71,73,8,1,8,let's,~しましょう,☆,1,,let's,~しましょう,~しましょう,let's,08.26NH1_KeyWords_U6_英日_問題.pdf,レット,,let's,let's,,~しましょう,単語,0,原本保持
435,ニューホライズン,NH,1,U6,Unit6,A Rakugo Performer from the U.K.,Unit6 Part1,P71～P73,71,73,8,1,9,it-its-it,それ[は-の-を],☆,1,,it-its-it,それ[は-の-を],それ[は-の-を],it-its-it,08.26NH1_KeyWords_U6_英日_問題.pdf,イット・イットス・イット,,it-its-it,it-its-it,,それ[は-の-を],単語,0,原本保持
436,ニューホライズン,NH,1,U6,Unit6,A Rakugo Performer from the U.K.,Unit6 Part1,P71～P73,71,73,8,1,10,Why don't we ~?,~しませんか。,☆,1,,Why don't we ~?,~しませんか。,~しませんか。,Why don't we ~?,08.26NH1_KeyWords_U6_英日_問題.pdf,ワイ ドント ウィー ～,,Why don't we ~?,Why don't we ~?,,~しませんか。,表現,1,原本保持
437,ニューホライズン,NH,1,U6,Unit6,A Rakugo Performer from the U.K.,Unit6 Part1,P71～P73,71,73,8,1,11,we-our-us-ours,私たち[は-の-を-のもの],☆,1,,we-our-us-ours,私たち[は-の-を-のもの],私たち[は-の-を-のもの],we-our-us-ours,08.26NH1_KeyWords_U6_英日_問題.pdf,ウィー・アワー・ス・アウズ,,we-our-us-ours,we-our-us-ours,,私たち[は-の-を-のもの],単語,0,原本保持
438,ニューホライズン,NH,1,U6,Unit6,A Rakugo Performer from the U.K.,Unit6 Part1,P71～P73,71,73,8,1,12,show,ショー,,0,,show,ショー,ショー,show,08.26NH1_KeyWords_U6_英日_問題.pdf,ショウ,,show,show,,ショー,単語,0,原本保持
439,ニューホライズン,NH,1,U6,Unit6,A Rakugo Performer from the U.K.,Unit6 Part1,P71～P73,71,73,8,1,13,they-their-them-theirs,"彼(女)ら, それら[は-の-を-のもの]",☆,1,,they-their-them-theirs,"彼(女)ら, それら[は-の-を-のもの]","彼(女)ら, それら[は-の-を-のもの]",they-their-them-theirs,08.26NH1_KeyWords_U6_英日_問題.pdf,ゼイ・ゼア・ゼム・ゼーズ,,they-their-them-theirs,they-their-them-theirs,,"彼(女)ら, それら[は-の-を-のもの]",単語,0,原本保持
440,ニューホライズン,NH,1,U6,Unit6,A Rakugo Performer from the U.K.,Unit6 Part1,P71～P73,71,73,8,1,14,performer,演技者,,0,,performer,演技者,演技者,performer,08.26NH1_KeyWords_U6_英日_問題.pdf,パーフォーマー,,performer,performer,,演技者,単語,0,原本保持
441,ニューホライズン,NH,1,U6,Unit6,A Rakugo Performer from the U.K.,Unit6 Part1,P71～P73,71,73,8,1,15,see,~に会う,☆,1,,see,~に会う,~に会う,see,08.26NH1_KeyWords_U6_英日_問題.pdf,シー,,see,see,,~に会う,単語,0,原本保持
442,ニューホライズン,NH,1,U6,Unit6,A Rakugo Performer from the U.K.,Unit6 Part1,P71～P73,71,73,8,1,16,everything,"何でも, 全てのもの[こと]",,0,,everything,"何でも, 全てのもの[こと]","何でも, 全てのもの[こと]",everything,08.26NH1_KeyWords_U6_英日_問題.pdf,エヴリシング,,everything,everything,,"何でも, 全てのもの[こと]",単語,0,原本保持
443,ニューホライズン,NH,1,U6,Unit6,A Rakugo Performer from the U.K.,Unit6 Part2,"P74,P75",74,75,8,1,17,whose,"だれの, だれのもの",☆,1,,whose,"だれの, だれのもの","だれの, だれのもの",whose,08.26NH1_KeyWords_U6_英日_問題.pdf,フーズ,,whose,whose,,"だれの, だれのもの",単語,0,原本保持
444,ニューホライズン,NH,1,U6,Unit6,A Rakugo Performer from the U.K.,Unit6 Part2,"P74,P75",74,75,8,1,18,ticket,"切符, チケット",,0,,ticket,"切符, チケット","切符, チケット",ticket,08.26NH1_KeyWords_U6_英日_問題.pdf,ティカット,,ticket,ticket,,"切符, チケット",単語,0,原本保持
445,ニューホライズン,NH,1,U6,Unit6,A Rakugo Performer from the U.K.,Unit6 Part2,"P74,P75",74,75,8,1,19,wait,待つ,☆,1,,wait,待つ,待つ,wait,08.26NH1_KeyWords_U6_英日_問題.pdf,ウェイト,,wait,wait,,待つ,単語,0,原本保持
446,ニューホライズン,NH,1,U6,Unit6,A Rakugo Performer from the U.K.,Unit6 Part2,"P74,P75",74,75,8,1,20,thank,感謝,,0,,thank,感謝,感謝,thank,08.26NH1_KeyWords_U6_英日_問題.pdf,サンク,,thank,thank,,感謝,単語,0,原本保持
447,ニューホライズン,NH,1,U6,Unit6,A Rakugo Performer from the U.K.,Unit6 Part2,"P74,P75",74,75,8,1,21,start,"始まる, 出発する",☆,1,,start,"始まる, 出発する","始まる, 出発する",start,08.26NH1_KeyWords_U6_英日_問題.pdf,スタート,,start,start,,"始まる, 出発する",単語,0,原本保持
448,ニューホライズン,NH,1,U6,Unit6,A Rakugo Performer from the U.K.,Unit6 Part2,"P74,P75",74,75,8,1,22,history,歴史,,0,,history,歴史,歴史,history,08.26NH1_KeyWords_U6_英日_問題.pdf,ヒスターイー,,history,history,,歴史,単語,0,原本保持
449,ニューホライズン,NH,1,U6,Unit6,A Rakugo Performer from the U.K.,Unit6 Part2,"P74,P75",74,75,8,1,23,minute,(時間の単位の)分,☆,1,,minute,(時間の単位の)分,(時間の単位の)分,minute,08.26NH1_KeyWords_U6_英日_問題.pdf,ミニット,,minute,minute,,(時間の単位の)分,単語,0,原本保持
450,ニューホライズン,NH,1,U6,Unit6,A Rakugo Performer from the U.K.,Unit6 Part2,"P74,P75",74,75,8,1,24,crowded,こみ合った,,0,,crowded,こみ合った,こみ合った,crowded,08.26NH1_KeyWords_U6_英日_問題.pdf,クラウダッド,,crowded,crowded,,こみ合った,単語,0,原本保持
451,ニューホライズン,NH,1,U6,Unit6,A Rakugo Performer from the U.K.,Unit6 Part2,"P74,P75",74,75,8,1,25,careful,"注意深い, 気をつけている",☆,1,,careful,"注意深い, 気をつけている","注意深い, 気をつけている",careful,08.26NH1_KeyWords_U6_英日_問題.pdf,ケーファル,,careful,careful,,"注意深い, 気をつけている",単語,0,原本保持
452,ニューホライズン,NH,1,U6,Unit6,A Rakugo Performer from the U.K.,Unit6 Part2,"P74,P75",74,75,8,1,26,still,まだ,,0,,still,まだ,まだ,still,08.26NH1_KeyWords_U6_英日_問題.pdf,スティル,,still,still,,まだ,単語,0,原本保持
453,ニューホライズン,NH,1,U6,Unit6,A Rakugo Performer from the U.K.,Unit6 Part2,"P74,P75",74,75,8,1,27,here,"ここに[で, へ]",☆,1,,here,"ここに[で, へ]","ここに[で, へ]",here,08.26NH1_KeyWords_U6_英日_問題.pdf,ヒア,,here,here,,"ここに[で, へ]",単語,0,原本保持
454,ニューホライズン,NH,1,U6,Unit6,A Rakugo Performer from the U.K.,Unit6 Part2,"P74,P75",74,75,8,1,28,maybe,たぶん,,0,,maybe,たぶん,たぶん,maybe,08.26NH1_KeyWords_U6_英日_問題.pdf,メイビ,,maybe,maybe,,たぶん,単語,0,原本保持
455,ニューホライズン,NH,1,U6,Unit6,A Rakugo Performer from the U.K.,Unit6 Part2,"P74,P75",74,75,8,1,29,How old ~?,何歳ですか。,☆,1,,How old ~?,何歳ですか。,何歳ですか。,How old ~?,08.26NH1_KeyWords_U6_英日_問題.pdf,ハウ オールド ～,,How old ~?,How old ~?,,何歳ですか。,表現,1,原本保持
456,ニューホライズン,NH,1,U6,Unit6,A Rakugo Performer from the U.K.,Unit6 Part2,"P74,P75",74,75,8,1,30,over ~,~をこえて,,0,,over ~,~をこえて,~をこえて,over ~,08.26NH1_KeyWords_U6_英日_問題.pdf,オーバー ～,,over ~,over ~,,~をこえて,表現,1,原本保持
457,ニューホライズン,NH,1,U6,Unit6,A Rakugo Performer from the U.K.,Unit6 Read and Think,"P76,P77",76,77,8,1,31,which,"どちら, どれ",☆,1,,which,"どちら, どれ","どちら, どれ",which,08.26NH1_KeyWords_U6_英日_問題.pdf,ウィッチ,,which,which,,"どちら, どれ",単語,0,原本保持
458,ニューホライズン,NH,1,U6,Unit6,A Rakugo Performer from the U.K.,Unit6 Read and Think,"P76,P77",76,77,8,1,32,large,多い,,0,,large,多い,多い,large,08.26NH1_KeyWords_U6_英日_問題.pdf,ラージ,,large,large,,多い,単語,0,原本保持
459,ニューホライズン,NH,1,U6,Unit6,A Rakugo Performer from the U.K.,Unit6 Read and Think,"P76,P77",76,77,8,1,33,wear,"~を着ている, 身につけている",☆,1,,wear,"~を着ている, 身につけている","~を着ている, 身につけている",wear,08.26NH1_KeyWords_U6_英日_問題.pdf,ウェー,,wear,wear,,"~を着ている, 身につけている",単語,0,原本保持
460,ニューホライズン,NH,1,U6,Unit6,A Rakugo Performer from the U.K.,Unit6 Read and Think,"P76,P77",76,77,8,1,34,towel,"タオル, 手ぬぐい",,0,,towel,"タオル, 手ぬぐい","タオル, 手ぬぐい",towel,08.26NH1_KeyWords_U6_英日_問題.pdf,タウル,,towel,towel,,"タオル, 手ぬぐい",単語,0,原本保持
461,ニューホライズン,NH,1,U6,Unit6,A Rakugo Performer from the U.K.,Unit6 Read and Think,"P76,P77",76,77,8,1,35,use,~を使う,☆,1,,use,~を使う,~を使う,use,08.26NH1_KeyWords_U6_英日_問題.pdf,ユーズ,,use,use,,~を使う,単語,0,原本保持
462,ニューホライズン,NH,1,U6,Unit6,A Rakugo Performer from the U.K.,Unit6 Read and Think,"P76,P77",76,77,8,1,36,role,"役, 役割",,0,,role,"役, 役割","役, 役割",role,08.26NH1_KeyWords_U6_英日_問題.pdf,ロール,,role,role,,"役, 役割",単語,0,原本保持
463,ニューホライズン,NH,1,U6,Unit6,A Rakugo Performer from the U.K.,Unit6 Read and Think,"P76,P77",76,77,8,1,37,hand,手,☆,1,,hand,手,手,hand,08.26NH1_KeyWords_U6_英日_問題.pdf,ハンド,,hand,hand,,手,単語,0,原本保持
464,ニューホライズン,NH,1,U6,Unit6,A Rakugo Performer from the U.K.,Unit6 Read and Think,"P76,P77",76,77,8,1,38,collection,コレクション,,0,,collection,コレクション,コレクション,collection,08.26NH1_KeyWords_U6_英日_問題.pdf,カレックシャン,,collection,collection,,コレクション,単語,0,原本保持
465,ニューホライズン,NH,1,U6,Unit6,A Rakugo Performer from the U.K.,Unit6 Read and Think,"P76,P77",76,77,8,1,39,different,いろいろな,☆,1,,different,いろいろな,いろいろな,different,08.26NH1_KeyWords_U6_英日_問題.pdf,ディファレント,,different,different,,いろいろな,単語,0,原本保持
466,ニューホライズン,NH,1,U6,Unit6,A Rakugo Performer from the U.K.,Unit6 Read and Think,"P76,P77",76,77,8,1,40,clothes,衣服,,0,,clothes,衣服,衣服,clothes,08.26NH1_KeyWords_U6_英日_問題.pdf,クロズ,,clothes,clothes,,衣服,単語,0,原本保持
467,ニューホライズン,NH,1,U6,Unit6,A Rakugo Performer from the U.K.,Unit6 Read and Think,"P76,P77",76,77,8,1,41,only,ただ~だけ,☆,1,,only,ただ~だけ,ただ~だけ,only,08.26NH1_KeyWords_U6_英日_問題.pdf,オウンリ,,only,only,,ただ~だけ,単語,0,原本保持
468,ニューホライズン,NH,1,U6,Unit6,A Rakugo Performer from the U.K.,Unit6 Read and Think,"P76,P77",76,77,8,1,42,casual,"カジュアルな, くだけた",,0,,casual,"カジュアルな, くだけた","カジュアルな, くだけた",casual,08.26NH1_KeyWords_U6_英日_問題.pdf,カアワル,,casual,casual,,"カジュアルな, くだけた",単語,0,原本保持
469,ニューホライズン,NH,1,U6,Unit6,A Rakugo Performer from the U.K.,Unit6 Read and Think,"P76,P77",76,77,8,1,43,play,(役)を演じる,,0,,play,(役)を演じる,(役)を演じる,play,08.26NH1_KeyWords_U6_英日_問題.pdf,プレイ,,play,play,,(役)を演じる,単語,0,原本保持
470,ニューホライズン,NH,1,U6,Unit6,A Rakugo Performer from the U.K.,Unit6 教科書本文,P72～P77,72,77,8,1,44,Thanks.,ありがとう。,,0,,Thanks.,ありがとう。,ありがとう。,Thanks.,08.26NH1_KeyWords_U6_英日_問題.pdf,サンクス,,Thanks.,Thanks.,,ありがとう。,単語,0,原本保持
471,ニューホライズン,NH,1,U6,Unit6,A Rakugo Performer from the U.K.,Unit6 教科書本文,P72～P77,72,77,8,1,45,fine,けっこうな,,0,,fine,けっこうな,けっこうな,fine,08.26NH1_KeyWords_U6_英日_問題.pdf,ファイン,,fine,fine,,けっこうな,単語,0,原本保持
472,ニューホライズン,NH,1,U6,Unit6,A Rakugo Performer from the U.K.,Unit6 教科書本文,P72～P77,72,77,8,1,46,prop,小道具,,0,,prop,小道具,小道具,prop,08.26NH1_KeyWords_U6_英日_問題.pdf,プラプ,,prop,prop,,小道具,単語,0,原本保持
473,ニューホライズン,NH,1,U6,Unit6,A Rakugo Performer from the U.K.,Unit6 教科書本文,P72～P77,72,77,8,1,47,well,"ええと, そうですね",,0,,well,"ええと, そうですね","ええと, そうですね",well,08.26NH1_KeyWords_U6_英日_問題.pdf,ウェル,,well,well,,"ええと, そうですね",単語,0,原本保持
474,ニューホライズン,NH,1,U6,Unit6,A Rakugo Performer from the U.K.,Unit6 教科書本文,P72～P77,72,77,8,1,48,cushion,"クッション, ざぶとん",,0,,cushion,"クッション, ざぶとん","クッション, ざぶとん",cushion,08.26NH1_KeyWords_U6_英日_問題.pdf,クシャン,,cushion,cushion,,"クッション, ざぶとん",単語,0,原本保持
475,ニューホライズン,NH,1,U6,Unit6,A Rakugo Performer from the U.K.,Unit6 教科書本文,P72～P77,72,77,8,1,49,how's,how isの短縮形,,0,,how's,how isの短縮形,how isの短縮形,how's,08.26NH1_KeyWords_U6_英日_問題.pdf,ハウ,,how's,how's,,how isの短縮形,短縮形,0,原本保持
476,ニューホライズン,NH,1,U6,Unit6,A Rakugo Performer from the U.K.,Unit6 教科書本文,P72～P77,72,77,8,1,50,Diane Kichijitsu,ダイアン 吉日[イギリス出身の落語家],,0,,Diane Kichijitsu,ダイアン 吉日[イギリス出身の落語家],ダイアン 吉日[イギリス出身の落語家],Diane Kichijitsu,08.26NH1_KeyWords_U6_英日_問題.pdf,ダイアン キチジツ,,Diane Kichijitsu,Diane Kichijitsu,,ダイアン 吉日[イギリス出身の落語家],複数語,1,原本保持
477,ニューホライズン,NH,1,U6,Unit6,A Rakugo Performer from the U.K.,Unit6 教科書本文,P72～P77,72,77,8,1,51,the U.K.,英国,,0,,the U.K.,英国,英国,the U.K.,08.26NH1_KeyWords_U6_英日_問題.pdf,ザ ユーケー,,the U.K.,the U.K.,,英国,複数語,1,原本保持
478,ニューホライズン,NH,1,U6,Unit6 A,Rakugo Performer from the U.K.,Unit6 6-1～RT,P71～P77,71,77,8,2,52,everything,"何でも, 全てのもの",☆,1,,everything,"何でも, 全てのもの","何でも, 全てのもの",everything,08.26NH1_KeyWords_U6_英日_問題.pdf,エヴリシング,,everything,everything,,"何でも, 全てのもの",単語,0,原本保持
479,ニューホライズン,NH,1,U6,Unit6 A,Rakugo Performer from the U.K.,Unit6 6-1～RT,P71～P77,71,77,8,2,53,play,(役)を演じる,☆,1,,play,(役)を演じる,(役)を演じる,play,08.26NH1_KeyWords_U6_英日_問題.pdf,プレイ,,play,play,,(役)を演じる,単語,0,原本保持
480,ニューホライズン,NH,1,U6,Unit6 A,Rakugo Performer from the U.K.,Unit6 6-1～RT,P71～P77,71,77,8,2,54,history,歴史,☆,1,,history,歴史,歴史,history,08.26NH1_KeyWords_U6_英日_問題.pdf,ヒスターイー,,history,history,,歴史,単語,0,原本保持
481,ニューホライズン,NH,1,U6,Unit6 A,Rakugo Performer from the U.K.,Unit6 6-1～RT,P71～P77,71,77,8,2,55,role,"役, 役割",☆,1,,role,"役, 役割","役, 役割",role,08.26NH1_KeyWords_U6_英日_問題.pdf,ロール,,role,role,,"役, 役割",単語,0,原本保持
482,ニューホライズン,NH,1,U6,Unit6 A,Rakugo Performer from the U.K.,Unit6 6-1～RT,P71～P77,71,77,8,2,56,crowded,こみ合った,☆,1,,crowded,こみ合った,こみ合った,crowded,08.26NH1_KeyWords_U6_英日_問題.pdf,クラウダッド,,crowded,crowded,,こみ合った,単語,0,原本保持
483,ニューホライズン,NH,1,U6,Unit6 A,Rakugo Performer from the U.K.,Unit6 6-1～RT,P71～P77,71,77,8,2,57,clothes,衣服,☆,1,,clothes,衣服,衣服,clothes,08.26NH1_KeyWords_U6_英日_問題.pdf,クロズ,,clothes,clothes,,衣服,単語,0,原本保持
484,ニューホライズン,NH,1,U6,Unit6 A,Rakugo Performer from the U.K.,Unit6 6-1～RT,P71～P77,71,77,8,2,58,over,~をこえて,☆,1,,over,~をこえて,~をこえて,over,08.26NH1_KeyWords_U6_英日_問題.pdf,オーバー,,over,over,,~をこえて,単語,0,原本保持
485,ニューホライズン,NH,1,U6,Unit6 A,Rakugo Performer from the U.K.,Real Life English 2 友達の家で-許可を求める・依頼する-,P79,79,79,8,2,59,Can you ~?,~してくれますか。,☆,1,,Can you ~?,~してくれますか。,~してくれますか。,Can you ~?,08.26NH1_KeyWords_U6_英日_問題.pdf,キャン ユー ～,,Can you ~?,Can you ~?,,~してくれますか。,表現,1,原本保持
486,ニューホライズン,NH,1,U6,Unit6 A,Rakugo Performer from the U.K.,Real Life English 2 友達の家で-許可を求める・依頼する-,P79,79,79,8,2,60,problem,問題,,0,,problem,問題,問題,problem,08.26NH1_KeyWords_U6_英日_問題.pdf,プラブラム,,problem,problem,,問題,単語,0,原本保持
487,ニューホライズン,NH,1,U6,Unit6 A,Rakugo Performer from the U.K.,Real Life English 2 友達の家で-許可を求める・依頼する-,P79,79,79,8,2,61,Can I ~?,~してもよいですか。,☆,1,,Can I ~?,~してもよいですか。,~してもよいですか。,Can I ~?,08.26NH1_KeyWords_U6_英日_問題.pdf,キャン アイ ～,,Can I ~?,Can I ~?,,~してもよいですか。,表現,1,原本保持
488,ニューホライズン,NH,1,U6,Unit6 A,Rakugo Performer from the U.K.,Real Life English 2 友達の家で-許可を求める・依頼する-,P79,79,79,8,2,62,no ~,1つ[1人]も~ない,,0,,no ~,1つ[1人]も~ない,1つ[1人]も~ない,no ~,08.26NH1_KeyWords_U6_英日_問題.pdf,ノウ ～,,no ~,no ~,,1つ[1人]も~ない,表現,1,原本保持
489,ニューホライズン,NH,1,U6,Unit6 A,Rakugo Performer from the U.K.,Real Life English 2 友達の家で-許可を求める・依頼する-,P79,79,79,8,2,63,open,"開く, 開ける",☆,1,,open,"開く, 開ける","開く, 開ける",open,08.26NH1_KeyWords_U6_英日_問題.pdf,オープン,,open,open,,"開く, 開ける",単語,0,原本保持
490,ニューホライズン,NH,1,U6,Unit6 A,Rakugo Performer from the U.K.,Real Life English 2 友達の家で-許可を求める・依頼する-,P79,79,79,8,2,64,sure,[返事で]もちろん,,0,,sure,[返事で]もちろん,[返事で]もちろん,sure,08.26NH1_KeyWords_U6_英日_問題.pdf,シュー,,sure,sure,,[返事で]もちろん,単語,0,原本保持
491,ニューホライズン,NH,1,U6,Unit6 A,Rakugo Performer from the U.K.,Real Life English 2 友達の家で-許可を求める・依頼する-,P79,79,79,8,2,65,close,"閉じる, 終える",☆,1,,close,"閉じる, 終える","閉じる, 終える",close,08.26NH1_KeyWords_U6_英日_問題.pdf,クローズ,,close,close,,"閉じる, 終える",単語,0,原本保持
492,ニューホライズン,NH,1,U6,Unit6 A,Rakugo Performer from the U.K.,Real Life English 2 友達の家で-許可を求める・依頼する-,P79,79,79,8,2,66,just,ちょうど,,0,,just,ちょうど,ちょうど,just,08.26NH1_KeyWords_U6_英日_問題.pdf,ジャスト,,just,just,,ちょうど,単語,0,原本保持
493,ニューホライズン,NH,1,U6,Unit6 A,Rakugo Performer from the U.K.,Real Life English 2 友達の家で-許可を求める・依頼する-,P79,79,79,8,2,67,window,窓,☆,1,,window,窓,窓,window,08.26NH1_KeyWords_U6_英日_問題.pdf,ウィンド,,window,window,,窓,単語,0,原本保持
494,ニューホライズン,NH,1,U6,Unit6 A,Rakugo Performer from the U.K.,Real Life English 2 友達の家で-許可を求める・依頼する-,P79,79,79,8,2,68,borrow,~を借りる,,0,,borrow,~を借りる,~を借りる,borrow,08.26NH1_KeyWords_U6_英日_問題.pdf,バロ,,borrow,borrow,,~を借りる,単語,0,原本保持
495,ニューホライズン,NH,1,U6,Unit6 A,Rakugo Performer from the U.K.,Real Life English 2 友達の家で-許可を求める・依頼する-,P79,79,79,8,2,69,homework,宿題,☆,1,,homework,宿題,宿題,homework,08.26NH1_KeyWords_U6_英日_問題.pdf,ホームワーク,,homework,homework,,宿題,単語,0,原本保持
496,ニューホライズン,NH,1,U6,Unit6 A,Rakugo Performer from the U.K.,Real Life English 2 友達の家で-許可を求める・依頼する-,P79,79,79,8,2,70,light,明かり,,0,,light,明かり,明かり,light,08.26NH1_KeyWords_U6_英日_問題.pdf,ライト,,light,light,,明かり,単語,0,原本保持
497,ニューホライズン,NH,1,U6,Unit6 A,Rakugo Performer from the U.K.,Real Life English 2 友達の家で-許可を求める・依頼する-,P79,79,79,8,2,71,All right.,わかった。,☆,1,,All right.,わかった。,わかった。,All right.,08.26NH1_KeyWords_U6_英日_問題.pdf,オール ライト,,All right.,All right.,,わかった。,複数語,1,原本保持
498,ニューホライズン,NH,1,U6,Unit6 A,Rakugo Performer from the U.K.,Real Life English 2 友達の家で-許可を求める・依頼する-,P79,79,79,8,2,72,dark,暗い,,0,,dark,暗い,暗い,dark,08.26NH1_KeyWords_U6_英日_問題.pdf,ダーク,,dark,dark,,暗い,単語,0,原本保持
499,ニューホライズン,NH,1,U6,Unit6 A,Rakugo Performer from the U.K.,Real Life English 2 友達の家で-許可を求める・依頼する-,P79,79,79,8,2,73,No problem.,いいですよ。,☆,1,,No problem.,いいですよ。,いいですよ。,No problem.,08.26NH1_KeyWords_U6_英日_問題.pdf,ノウ プロブレム,,No problem.,No problem.,,いいですよ。,複数語,1,原本保持
500,ニューホライズン,NH,1,U6,Unit6 A,Rakugo Performer from the U.K.,Real Life English 2 友達の家で-許可を求める・依頼する-,P79,79,79,8,2,74,a little,少し,,0,,a little,少し,少し,a little,08.26NH1_KeyWords_U6_英日_問題.pdf,ア リットル,,a little,a little,,少し,複数語,1,原本保持
501,ニューホライズン,NH,1,U6,Unit6 A,Rakugo Performer from the U.K.,Real Life English 2 友達の家で-許可を求める・依頼する-,P79,79,79,8,2,75,turn on,(スイッチを)入れる,,0,,turn on,(スイッチを)入れる,(スイッチを)入れる,turn on,08.26NH1_KeyWords_U6_英日_問題.pdf,ターン オン,,turn on,turn on,,(スイッチを)入れる,複数語,1,原本保持
502,ニューホライズン,NH,1,U6,Unit6 A,Rakugo Performer from the U.K.,Real Life English 2 友達の家で-許可を求める・依頼する-,P79,79,79,8,2,76,help A with B,AをBの面で手伝う,,0,,help A with B,AをBの面で手伝う,AをBの面で手伝う,help A with B,08.26NH1_KeyWords_U6_英日_問題.pdf,ヘルプ ア ウィズ ビー,,help A with B,help A with B,,AをBの面で手伝う,複数語,1,原本保持
503,ニューホライズン,NH,1,U6,Unit6 A,Rakugo Performer from the U.K.,Real Life English 2 友達の家で-許可を求める・依頼する-,P79,79,79,8,2,77,turn off,(スイッチを)消す,,0,,turn off,(スイッチを)消す,(スイッチを)消す,turn off,08.26NH1_KeyWords_U6_英日_問題.pdf,ターン オフ,,turn off,turn off,,(スイッチを)消す,複数語,1,原本保持
504,ニューホライズン,NH,1,U6,Unit6 A,Rakugo Performer from the U.K.,Real Life English 2 友達の家で-許可を求める・依頼する-,P79,79,79,8,2,78,Just a moment.,ちょっと待って。,,0,,Just a moment.,ちょっと待って。,ちょっと待って。,Just a moment.,08.26NH1_KeyWords_U6_英日_問題.pdf,ジャスト ア モーメント,,Just a moment.,Just a moment.,,ちょっと待って。,複数語,1,原本保持
505,ニューホライズン,NH,1,U7,Unit7,An Online Tour of the U.K.,Unit7 Part1,P81～P83,81,83,9,1,1,mean,~を意味する,☆,1,,mean,~を意味する,~を意味する,mean,09.26NH1_KeyWords_U7_英日_問題.pdf,ミン,,mean,mean,,~を意味する,単語,0,原本保持
506,ニューホライズン,NH,1,U7,Unit7,An Online Tour of the U.K.,Unit7 Part1,P81～P83,81,83,9,1,2,What's up?,どうしたのですか。,☆,1,,What's up?,どうしたのですか。,どうしたのですか。,What's up?,09.26NH1_KeyWords_U7_英日_問題.pdf,ワッツ アップ,,What's up?,What's up?,,どうしたのですか。,表現,1,原本保持
507,ニューホライズン,NH,1,U7,Unit7,An Online Tour of the U.K.,Unit7 Part1,P81～P83,81,83,9,1,3,tomorrow,明日,☆,1,,tomorrow,明日,明日,tomorrow,09.26NH1_KeyWords_U7_英日_問題.pdf,トゥモロー,,tomorrow,tomorrow,,明日,単語,0,原本保持
508,ニューホライズン,NH,1,U7,Unit7,An Online Tour of the U.K.,Unit7 Part1,P81～P83,81,83,9,1,4,look forward to ~,~を楽しみに待つ,☆,1,,look forward to ~,~を楽しみに待つ,~を楽しみに待つ,look forward to ~,09.26NH1_KeyWords_U7_英日_問題.pdf,ルック フォーワード トゥ ～,,look forward to ~,look forward to ~,,~を楽しみに待つ,表現,1,原本保持
509,ニューホライズン,NH,1,U7,Unit7,An Online Tour of the U.K.,Unit7 Part1,P81～P83,81,83,9,1,5,plan,"計画, 予定",☆,1,,plan,"計画, 予定","計画, 予定",plan,09.26NH1_KeyWords_U7_英日_問題.pdf,プラン,,plan,plan,,"計画, 予定",単語,0,原本保持
510,ニューホライズン,NH,1,U7,Unit7,An Online Tour of the U.K.,Unit7 Part1,P81～P83,81,83,9,1,6,talk,話す,,0,,talk,話す,話す,talk,09.26NH1_KeyWords_U7_英日_問題.pdf,トーク,,talk,talk,,話す,単語,0,原本保持
511,ニューホライズン,NH,1,U7,Unit7,An Online Tour of the U.K.,Unit7 Part1,P81～P83,81,83,9,1,7,free,ひまな,☆,1,,free,ひまな,ひまな,free,09.26NH1_KeyWords_U7_英日_問題.pdf,フリー,,free,free,,ひまな,単語,0,原本保持
512,ニューホライズン,NH,1,U7,Unit7,An Online Tour of the U.K.,Unit7 Part1,P81～P83,81,83,9,1,8,online,オンラインの,,0,,online,オンラインの,オンラインの,online,09.26NH1_KeyWords_U7_英日_問題.pdf,オーンライン,,online,online,,オンラインの,単語,0,原本保持
513,ニューホライズン,NH,1,U7,Unit7,An Online Tour of the U.K.,Unit7 Part1,P81～P83,81,83,9,1,9,busy,忙しい,☆,1,,busy,忙しい,忙しい,busy,09.26NH1_KeyWords_U7_英日_問題.pdf,ビジー,,busy,busy,,忙しい,単語,0,原本保持
514,ニューホライズン,NH,1,U7,Unit7,An Online Tour of the U.K.,Unit7 Part1,P81～P83,81,83,9,1,10,sound like ~,~のように聞こえる,,0,,sound like ~,~のように聞こえる,~のように聞こえる,sound like ~,09.26NH1_KeyWords_U7_英日_問題.pdf,サウンド ライク ～,,sound like ~,sound like ~,,~のように聞こえる,表現,1,原本保持
515,ニューホライズン,NH,1,U7,Unit7,An Online Tour of the U.K.,Unit7 Part2,"P84,P85",84,85,9,1,11,take,(写真など)を撮る,☆,1,,take,(写真など)を撮る,(写真など)を撮る,take,09.26NH1_KeyWords_U7_英日_問題.pdf,テイク,,take,take,,(写真など)を撮る,単語,0,原本保持
516,ニューホライズン,NH,1,U7,Unit7,An Online Tour of the U.K.,Unit7 Part2,"P84,P85",84,85,9,1,12,those,"あれらの, それらの",☆,1,,those,"あれらの, それらの","あれらの, それらの",those,09.26NH1_KeyWords_U7_英日_問題.pdf,ゾーズ,,those,those,,"あれらの, それらの",単語,0,原本保持
517,ニューホライズン,NH,1,U7,Unit7,An Online Tour of the U.K.,Unit7 Part2,"P84,P85",84,85,9,1,13,buy,~を買う,☆,1,,buy,~を買う,~を買う,buy,09.26NH1_KeyWords_U7_英日_問題.pdf,バイ,,buy,buy,,~を買う,単語,0,原本保持
518,ニューホライズン,NH,1,U7,Unit7,An Online Tour of the U.K.,Unit7 Part2,"P84,P85",84,85,9,1,14,souvenir,"記念品, みやげ",,0,,souvenir,"記念品, みやげ","記念品, みやげ",souvenir,09.26NH1_KeyWords_U7_英日_問題.pdf,スヴァニー,,souvenir,souvenir,,"記念品, みやげ",単語,0,原本保持
519,ニューホライズン,NH,1,U7,Unit7,An Online Tour of the U.K.,Unit7 Part2,"P84,P85",84,85,9,1,15,appear,現れる,☆,1,,appear,現れる,現れる,appear,09.26NH1_KeyWords_U7_英日_問題.pdf,アピー,,appear,appear,,現れる,単語,0,原本保持
520,ニューホライズン,NH,1,U7,Unit7,An Online Tour of the U.K.,Unit7 Part2,"P84,P85",84,85,9,1,16,market,市場,,0,,market,市場,市場,market,09.26NH1_KeyWords_U7_英日_問題.pdf,マーカット,,market,market,,市場,単語,0,原本保持
521,ニューホライズン,NH,1,U7,Unit7,An Online Tour of the U.K.,Unit7 Part2,"P84,P85",84,85,9,1,17,place,場所,☆,1,,place,場所,場所,place,09.26NH1_KeyWords_U7_英日_問題.pdf,プレイス,,place,place,,場所,単語,0,原本保持
522,ニューホライズン,NH,1,U7,Unit7,An Online Tour of the U.K.,Unit7 Part2,"P84,P85",84,85,9,1,18,home,故郷,,0,,home,故郷,故郷,home,09.26NH1_KeyWords_U7_英日_問題.pdf,ホーム,,home,home,,故郷,単語,0,原本保持
523,ニューホライズン,NH,1,U7,Unit7,An Online Tour of the U.K.,Unit7 Part2,"P84,P85",84,85,9,1,19,people,人々,☆,1,,people,人々,人々,people,09.26NH1_KeyWords_U7_英日_問題.pdf,ピープル,,people,people,,人々,単語,0,原本保持
524,ニューホライズン,NH,1,U7,Unit7,An Online Tour of the U.K.,Unit7 Part2,"P84,P85",84,85,9,1,20,around ~,~のまわりを回って,,0,,around ~,~のまわりを回って,~のまわりを回って,around ~,09.26NH1_KeyWords_U7_英日_問題.pdf,アラウンド ～,,around ~,around ~,,~のまわりを回って,表現,1,原本保持
525,ニューホライズン,NH,1,U7,Unit7,An Online Tour of the U.K.,Unit7 Read and Think,"P86,P87",86,87,9,1,21,late,"おくれた, 遅刻した",☆,1,,late,"おくれた, 遅刻した","おくれた, 遅刻した",late,09.26NH1_KeyWords_U7_英日_問題.pdf,レイト,,late,late,,"おくれた, 遅刻した",単語,0,原本保持
526,ニューホライズン,NH,1,U7,Unit7,An Online Tour of the U.K.,Unit7 Read and Think,"P86,P87",86,87,9,1,22,travel,旅行する,,0,,travel,旅行する,旅行する,travel,09.26NH1_KeyWords_U7_英日_問題.pdf,トラベル,,travel,travel,,旅行する,単語,0,原本保持
527,ニューホライズン,NH,1,U7,Unit7,An Online Tour of the U.K.,Unit7 Read and Think,"P86,P87",86,87,9,1,23,big,大きい,☆,1,,big,大きい,大きい,big,09.26NH1_KeyWords_U7_英日_問題.pdf,ビッグ,,big,big,,大きい,単語,0,原本保持
528,ニューホライズン,NH,1,U7,Unit7,An Online Tour of the U.K.,Unit7 Read and Think,"P86,P87",86,87,9,1,24,palace,"宮殿, 王宮",,0,,palace,"宮殿, 王宮","宮殿, 王宮",palace,09.26NH1_KeyWords_U7_英日_問題.pdf,パラス,,palace,palace,,"宮殿, 王宮",単語,0,原本保持
529,ニューホライズン,NH,1,U7,Unit7,An Online Tour of the U.K.,Unit7 Read and Think,"P86,P87",86,87,9,1,25,funny,おかしな,☆,1,,funny,おかしな,おかしな,funny,09.26NH1_KeyWords_U7_英日_問題.pdf,ファニ,,funny,funny,,おかしな,単語,0,原本保持
530,ニューホライズン,NH,1,U7,Unit7,An Online Tour of the U.K.,Unit7 Read and Think,"P86,P87",86,87,9,1,26,excuse,言い訳,,0,,excuse,言い訳,言い訳,excuse,09.26NH1_KeyWords_U7_英日_問題.pdf,エクスキューズ,,excuse,excuse,,言い訳,単語,0,原本保持
531,ニューホライズン,NH,1,U7,Unit7,An Online Tour of the U.K.,Unit7 Read and Think,"P86,P87",86,87,9,1,27,exciting,わくわくさせる,☆,1,,exciting,わくわくさせる,わくわくさせる,exciting,09.26NH1_KeyWords_U7_英日_問題.pdf,イックサイティング,,exciting,exciting,,わくわくさせる,単語,0,原本保持
532,ニューホライズン,NH,1,U7,Unit7,An Online Tour of the U.K.,Unit7 Read and Think,"P86,P87",86,87,9,1,28,dad,お父さん,,0,,dad,お父さん,お父さん,dad,09.26NH1_KeyWords_U7_英日_問題.pdf,ダッド,,dad,dad,,お父さん,単語,0,原本保持
533,ニューホライズン,NH,1,U7,Unit7,An Online Tour of the U.K.,Unit7 Read and Think,"P86,P87",86,87,9,1,29,angry,怒った,☆,1,,angry,怒った,怒った,angry,09.26NH1_KeyWords_U7_英日_問題.pdf,アングリー,,angry,angry,,怒った,単語,0,原本保持
534,ニューホライズン,NH,1,U7,Unit7,An Online Tour of the U.K.,Unit7 Read and Think,"P86,P87",86,87,9,1,30,mom,お母さん,,0,,mom,お母さん,お母さん,mom,09.26NH1_KeyWords_U7_英日_問題.pdf,マム,,mom,mom,,お母さん,単語,0,原本保持
535,ニューホライズン,NH,1,U7,Unit7,An Online Tour of the U.K.,Unit7 Read and Think,"P86,P87",86,87,9,1,31,too ~,~すぎる,☆,1,,too ~,~すぎる,~すぎる,too ~,09.26NH1_KeyWords_U7_英日_問題.pdf,トゥ ～,,too ~,too ~,,~すぎる,表現,1,原本保持
536,ニューホライズン,NH,1,U7,Unit7,An Online Tour of the U.K.,Unit7 Read and Think,"P86,P87",86,87,9,1,32,we're,we areの短縮形,,0,,we're,we areの短縮形,we areの短縮形,we're,09.26NH1_KeyWords_U7_英日_問題.pdf,ウィア,,we're,we're,,we areの短縮形,短縮形,0,原本保持
537,ニューホライズン,NH,1,U7,Unit7,An Online Tour of the U.K.,Unit7 Read and Think,"P86,P87",86,87,9,1,33,I'm sorry.,ごめんなさい。,☆,1,,I'm sorry.,ごめんなさい。,ごめんなさい。,I'm sorry.,09.26NH1_KeyWords_U7_英日_問題.pdf,アイム ソーリー,,I'm sorry.,I'm sorry.,,ごめんなさい。,複数語,1,原本保持
538,ニューホライズン,NH,1,U7,Unit7,An Online Tour of the U.K.,Unit7 教科書本文,P82～P87,82,87,9,1,34,hello,(電話で)もしもし,,0,,hello,(電話で)もしもし,(電話で)もしもし,hello,09.26NH1_KeyWords_U7_英日_問題.pdf,ハロー,,hello,hello,,(電話で)もしもし,単語,0,原本保持
539,ニューホライズン,NH,1,U7,Unit7,An Online Tour of the U.K.,Unit7 教科書本文,P82～P87,82,87,9,1,35,OK,"よろしい, わかった",,0,,OK,"よろしい, わかった","よろしい, わかった",OK,09.26NH1_KeyWords_U7_英日_問題.pdf,オーケー,,OK,OK,,"よろしい, わかった",単語,0,原本保持
540,ニューホライズン,NH,1,U7,Unit7,An Online Tour of the U.K.,Unit7 教科書本文,P82～P87,82,87,9,1,36,Welcome to ~.,~へようこそ。,,0,,Welcome to ~.,~へようこそ。,~へようこそ。,Welcome to ~.,09.26NH1_KeyWords_U7_英日_問題.pdf,ウェルカム トゥ ～,,Welcome to ~.,Welcome to ~.,,~へようこそ。,表現,1,原本保持
541,ニューホライズン,NH,1,U7,Unit7,An Online Tour of the U.K.,Unit7 教科書本文,P82～P87,82,87,9,1,37,Lake District,湖水地方,,0,,Lake District,湖水地方,湖水地方,Lake District,09.26NH1_KeyWords_U7_英日_問題.pdf,レイク ディストリクト,,Lake District,Lake District,,湖水地方,複数語,1,原本保持
542,ニューホライズン,NH,1,U7,Unit7,An Online Tour of the U.K.,Unit7 教科書本文,P82～P87,82,87,9,1,38,well,"さて, ところで",,0,,well,"さて, ところで","さて, ところで",well,09.26NH1_KeyWords_U7_英日_問題.pdf,ウェル,,well,well,,"さて, ところで",単語,0,原本保持
543,ニューホライズン,NH,1,U7,Unit7,An Online Tour of the U.K.,Unit7 教科書本文,P82～P87,82,87,9,1,39,Peter Rabbit,ピーターラビット,,0,,Peter Rabbit,ピーターラビット,ピーターラビット,Peter Rabbit,09.26NH1_KeyWords_U7_英日_問題.pdf,ピーター ラビット,,Peter Rabbit,Peter Rabbit,,ピーターラビット,複数語,1,原本保持
544,ニューホライズン,NH,1,U7,Unit7,An Online Tour of the U.K.,Unit7 7-1～RT,P81～P87,81,87,9,1,40,online,オンラインの,☆,1,,online,オンラインの,オンラインの,online,09.26NH1_KeyWords_U7_英日_問題.pdf,オーンライン,,online,online,,オンラインの,単語,0,原本保持
545,ニューホライズン,NH,1,U7,Unit7,An Online Tour of the U.K.,Unit7 7-1～RT,P81～P87,81,87,9,1,41,around ~,~のまわりを回って,☆,1,,around ~,~のまわりを回って,~のまわりを回って,around ~,09.26NH1_KeyWords_U7_英日_問題.pdf,アラウンド ～,,around ~,around ~,,~のまわりを回って,表現,1,原本保持
546,ニューホライズン,NH,1,U7,Unit7,An Online Tour of the U.K.,Unit7 7-1～RT,P81～P87,81,87,9,1,42,market,市場,☆,1,,market,市場,市場,market,09.26NH1_KeyWords_U7_英日_問題.pdf,マーカット,,market,market,,市場,単語,0,原本保持
547,ニューホライズン,NH,1,U7,Unit7,An Online Tour of the U.K.,Unit7 7-1～RT,P81～P87,81,87,9,1,43,travel,旅行する,☆,1,,travel,旅行する,旅行する,travel,09.26NH1_KeyWords_U7_英日_問題.pdf,トラベル,,travel,travel,,旅行する,単語,0,原本保持
548,ニューホライズン,NH,1,U7,Unit7 An,Online Tour of the U.K.,Real Life English 3 道案内-質問する・説明する-,P89,89,89,9,2,44,turn,"向く, 曲がる",☆,1,,turn,"向く, 曲がる","向く, 曲がる",turn,09.26NH1_KeyWords_U7_英日_問題.pdf,ターン,,turn,turn,,"向く, 曲がる",単語,0,原本保持
549,ニューホライズン,NH,1,U7,Unit7 An,Online Tour of the U.K.,Real Life English 3 道案内-質問する・説明する-,P89,89,89,9,2,45,traffic light,交通信号,,0,,traffic light,交通信号,交通信号,traffic light,09.26NH1_KeyWords_U7_英日_問題.pdf,トラフィック ライト,,traffic light,traffic light,,交通信号,複数語,1,原本保持
550,ニューホライズン,NH,1,U7,Unit7 An,Online Tour of the U.K.,Real Life English 3 道案内-質問する・説明する-,P89,89,89,9,2,46,woman,女性,☆,1,,woman,女性,女性,woman,09.26NH1_KeyWords_U7_英日_問題.pdf,ウーマン,,woman,woman,,女性,単語,0,原本保持
551,ニューホライズン,NH,1,U7,Unit7 An,Online Tour of the U.K.,Real Life English 3 道案内-質問する・説明する-,P89,89,89,9,2,47,street,通り,,0,,street,通り,通り,street,09.26NH1_KeyWords_U7_英日_問題.pdf,ストリート,,street,street,,通り,単語,0,原本保持
552,ニューホライズン,NH,1,U7,Unit7 An,Online Tour of the U.K.,Real Life English 3 道案内-質問する・説明する-,P89,89,89,9,2,48,museum,"博物館, 美術館",☆,1,,museum,"博物館, 美術館","博物館, 美術館",museum,09.26NH1_KeyWords_U7_英日_問題.pdf,ミュジム,,museum,museum,,"博物館, 美術館",単語,0,原本保持
553,ニューホライズン,NH,1,U7,Unit7 An,Online Tour of the U.K.,Real Life English 3 道案内-質問する・説明する-,P89,89,89,9,2,49,factory,工場,,0,,factory,工場,工場,factory,09.26NH1_KeyWords_U7_英日_問題.pdf,ファックターイー,,factory,factory,,工場,単語,0,原本保持
554,ニューホライズン,NH,1,U7,Unit7 An,Online Tour of the U.K.,Real Life English 3 道案内-質問する・説明する-,P89,89,89,9,2,50,library,図書館,☆,1,,library,図書館,図書館,library,09.26NH1_KeyWords_U7_英日_問題.pdf,ライブラリー,,library,library,,図書館,単語,0,原本保持
555,ニューホライズン,NH,1,U7,Unit7 An,Online Tour of the U.K.,Real Life English 3 道案内-質問する・説明する-,P89,89,89,9,2,51,building,"建物, ビル",,0,,building,"建物, ビル","建物, ビル",building,09.26NH1_KeyWords_U7_英日_問題.pdf,ビルディング,,building,building,,"建物, ビル",単語,0,原本保持
556,ニューホライズン,NH,1,U7,Unit7 An,Online Tour of the U.K.,Real Life English 3 道案内-質問する・説明する-,P89,89,89,9,2,52,hospital,病院,☆,1,,hospital,病院,病院,hospital,09.26NH1_KeyWords_U7_英日_問題.pdf,ハスピットル,,hospital,hospital,,病院,単語,0,原本保持
557,ニューホライズン,NH,1,U7,Unit7 An,Online Tour of the U.K.,Real Life English 3 道案内-質問する・説明する-,P89,89,89,9,2,53,post office,郵便局,,0,,post office,郵便局,郵便局,post office,09.26NH1_KeyWords_U7_英日_問題.pdf,ポスト オーフィス,,post office,post office,,郵便局,複数語,1,原本保持
558,ニューホライズン,NH,1,U7,Unit7 An,Online Tour of the U.K.,Real Life English 3 道案内-質問する・説明する-,P89,89,89,9,2,54,large,"大きい, 広い",☆,1,,large,"大きい, 広い","大きい, 広い",large,09.26NH1_KeyWords_U7_英日_問題.pdf,ラージ,,large,large,,"大きい, 広い",単語,0,原本保持
559,ニューホライズン,NH,1,U7,Unit7 An,Online Tour of the U.K.,Real Life English 3 道案内-質問する・説明する-,P89,89,89,9,2,55,along ~,~に沿って,,0,,along ~,~に沿って,~に沿って,along ~,09.26NH1_KeyWords_U7_英日_問題.pdf,アロング ～,,along ~,along ~,,~に沿って,表現,1,原本保持
560,ニューホライズン,NH,1,U7,Unit7 An,Online Tour of the U.K.,Real Life English 3 道案内-質問する・説明する-,P89,89,89,9,2,56,straight,まっすぐに,☆,1,,straight,まっすぐに,まっすぐに,straight,09.26NH1_KeyWords_U7_英日_問題.pdf,ストレイト,,straight,straight,,まっすぐに,単語,0,原本保持
561,ニューホライズン,NH,1,U7,Unit7 An,Online Tour of the U.K.,Real Life English 3 道案内-質問する・説明する-,P89,89,89,9,2,57,go along,(通り・道)を進む,,0,,go along,(通り・道)を進む,(通り・道)を進む,go along,09.26NH1_KeyWords_U7_英日_問題.pdf,ゴウ アロング,,go along,go along,,(通り・道)を進む,複数語,1,原本保持
562,ニューホライズン,NH,1,U7,Unit7 An,Online Tour of the U.K.,Real Life English 3 道案内-質問する・説明する-,P89,89,89,9,2,58,right,右に[へ],☆,1,,right,右に[へ],右に[へ],right,09.26NH1_KeyWords_U7_英日_問題.pdf,ライト,,right,right,,右に[へ],単語,0,原本保持
563,ニューホライズン,NH,1,U7,Unit7 An,Online Tour of the U.K.,Real Life English 3 道案内-質問する・説明する-,P89,89,89,9,2,59,Pardon me?,もう一度おっしゃってください。,,0,,Pardon me?,もう一度おっしゃってください。,もう一度おっしゃってください。,Pardon me?,09.26NH1_KeyWords_U7_英日_問題.pdf,パードン ミー,,Pardon me?,Pardon me?,,もう一度おっしゃってください。,表現,1,原本保持
564,ニューホライズン,NH,1,U7,Unit7 An,Online Tour of the U.K.,Real Life English 3 道案内-質問する・説明する-,P89,89,89,9,2,60,left,左に[へ],☆,1,,left,左に[へ],左に[へ],left,09.26NH1_KeyWords_U7_英日_問題.pdf,レフト,,left,left,,左に[へ],単語,0,原本保持
565,ニューホライズン,NH,1,U7,Unit7 An,Online Tour of the U.K.,Real Life English 3 道案内-質問する・説明する-,P89,89,89,9,2,61,Let's see.,ええと。そうですね。,,0,,Let's see.,ええと。そうですね。,ええと。そうですね。,Let's see.,09.26NH1_KeyWords_U7_英日_問題.pdf,レッツ シー,,Let's see.,Let's see.,,ええと。そうですね。,複数語,1,原本保持
566,ニューホライズン,NH,1,U7,Unit7 An,Online Tour of the U.K.,Real Life English 3 道案内-質問する・説明する-,P89,89,89,9,2,62,look for ~,~をさがす,☆,1,,look for ~,~をさがす,~をさがす,look for ~,09.26NH1_KeyWords_U7_英日_問題.pdf,ルック フォー ～,,look for ~,look for ~,,~をさがす,表現,1,原本保持
567,ニューホライズン,NH,1,U8,Unit8,"Think Globally, Act Locally","Unit8 Part1, 2",P91～P95,91,95,10,1,1,try to ~,"~しようと試みる, 努力する",☆,1,,try to ~,"~しようと試みる, 努力する","~しようと試みる, 努力する",try to ~,10.26NH1_KeyWords_U8_英日_問題.pdf,トライ トゥ ～,,try to ~,try to ~,,"~しようと試みる, 努力する",表現,1,原本保持
568,ニューホライズン,NH,1,U8,Unit8,"Think Globally, Act Locally","Unit8 Part1, 2",P91～P95,91,95,10,1,2,or,[否定文で]~もまた(~ない),,0,,or,[否定文で]~もまた(~ない),[否定文で]~もまた(~ない),or,10.26NH1_KeyWords_U8_英日_問題.pdf,オア,,or,or,,[否定文で]~もまた(~ない),単語,0,原本保持
569,ニューホライズン,NH,1,U8,Unit8,"Think Globally, Act Locally","Unit8 Part1, 2",P91～P95,91,95,10,1,3,teach,~に(~を)教える,☆,1,,teach,~に(~を)教える,~に(~を)教える,teach,10.26NH1_KeyWords_U8_英日_問題.pdf,ティーチ,,teach,teach,,~に(~を)教える,単語,0,原本保持
570,ニューホライズン,NH,1,U8,Unit8,"Think Globally, Act Locally","Unit8 Part1, 2",P91～P95,91,95,10,1,4,need,~を必要とする,☆,1,,need,~を必要とする,~を必要とする,need,10.26NH1_KeyWords_U8_英日_問題.pdf,ニード,,need,need,,~を必要とする,単語,0,原本保持
571,ニューホライズン,NH,1,U8,Unit8,"Think Globally, Act Locally","Unit8 Part1, 2",P91～P95,91,95,10,1,5,become,~になる,☆,1,,become,~になる,~になる,become,10.26NH1_KeyWords_U8_英日_問題.pdf,ビカム,,become,become,,~になる,単語,0,原本保持
572,ニューホライズン,NH,1,U8,Unit8,"Think Globally, Act Locally","Unit8 Part1, 2",P91～P95,91,95,10,1,6,need to ~,~する必要がある,☆,1,,need to ~,~する必要がある,~する必要がある,need to ~,10.26NH1_KeyWords_U8_英日_問題.pdf,ニード トゥ ～,,need to ~,need to ~,,~する必要がある,表現,1,原本保持
573,ニューホライズン,NH,1,U8,Unit8,"Think Globally, Act Locally","Unit8 Part1, 2",P91～P95,91,95,10,1,7,country,国,☆,1,,country,国,国,country,10.26NH1_KeyWords_U8_英日_問題.pdf,カントリ,,country,country,,国,単語,0,原本保持
574,ニューホライズン,NH,1,U8,Unit8,"Think Globally, Act Locally","Unit8 Part1, 2",P91～P95,91,95,10,1,8,paper,紙の,☆,1,,paper,紙の,紙の,paper,10.26NH1_KeyWords_U8_英日_問題.pdf,ペイパー,,paper,paper,,紙の,単語,0,原本保持
575,ニューホライズン,NH,1,U8,Unit8,"Think Globally, Act Locally","Unit8 Part1, 2",P91～P95,91,95,10,1,9,child-children,子供[単数形-複数形],☆,1,,child-children,子供[単数形-複数形],子供[単数形-複数形],child-children,10.26NH1_KeyWords_U8_英日_問題.pdf,チャイルド・チルドラン,,child-children,child-children,,子供[単数形-複数形],単語,0,原本保持
576,ニューホライズン,NH,1,U8,Unit8,"Think Globally, Act Locally","Unit8 Part1, 2",P91～P95,91,95,10,1,10,curry,カレー(料理),☆,1,,curry,カレー(料理),カレー(料理),curry,10.26NH1_KeyWords_U8_英日_問題.pdf,カレー,,curry,curry,,カレー(料理),単語,0,原本保持
577,ニューホライズン,NH,1,U8,Unit8,"Think Globally, Act Locally","Unit8 Part1, 2",P91～P95,91,95,10,1,11,always,いつも,☆,1,,always,いつも,いつも,always,10.26NH1_KeyWords_U8_英日_問題.pdf,オールウェイズ,,always,always,,いつも,単語,0,原本保持
578,ニューホライズン,NH,1,U8,Unit8,"Think Globally, Act Locally","Unit8 Part1, 2",P91～P95,91,95,10,1,12,all,"全ての, 全部の",☆,1,,all,"全ての, 全部の","全ての, 全部の",all,10.26NH1_KeyWords_U8_英日_問題.pdf,オール,,all,all,,"全ての, 全部の",単語,0,原本保持
579,ニューホライズン,NH,1,U8,Unit8,"Think Globally, Act Locally","Unit8 Part1, 2",P91～P95,91,95,10,1,13,in need,困っている,☆,1,,in need,困っている,困っている,in need,10.26NH1_KeyWords_U8_英日_問題.pdf,イン ニード,,in need,in need,,困っている,複数語,1,原本保持
580,ニューホライズン,NH,1,U8,Unit8,"Think Globally, Act Locally","Unit8 Part1, 2",P91～P95,91,95,10,1,14,of course,もちろん,☆,1,,of course,もちろん,もちろん,of course,10.26NH1_KeyWords_U8_英日_問題.pdf,オブ コース,,of course,of course,,もちろん,複数語,1,原本保持
581,ニューホライズン,NH,1,U8,Unit8,"Think Globally, Act Locally","Unit8 Part1, 2",P91～P95,91,95,10,1,15,do my best,最善を尽くす,☆,1,,do my best,最善を尽くす,最善を尽くす,do my best,10.26NH1_KeyWords_U8_英日_問題.pdf,ドゥ マイ ベスト,,do my best,do my best,,最善を尽くす,複数語,1,原本保持
582,ニューホライズン,NH,1,U8,Unit8,"Think Globally, Act Locally","Unit8 Part1, 2",P91～P95,91,95,10,1,16,reduce,(サイズ・数量・程度など)を減らす,,0,,reduce,(サイズ・数量・程度など)を減らす,(サイズ・数量・程度など)を減らす,reduce,10.26NH1_KeyWords_U8_英日_問題.pdf,ラドゥス,,reduce,reduce,,(サイズ・数量・程度など)を減らす,単語,0,原本保持
583,ニューホライズン,NH,1,U8,Unit8,"Think Globally, Act Locally","Unit8 Part1, 2",P91～P95,91,95,10,1,17,respect,~を尊敬する,,0,,respect,~を尊敬する,~を尊敬する,respect,10.26NH1_KeyWords_U8_英日_問題.pdf,リスペックト,,respect,respect,,~を尊敬する,単語,0,原本保持
584,ニューホライズン,NH,1,U8,Unit8,"Think Globally, Act Locally","Unit8 Part1, 2",P91～P95,91,95,10,1,18,waste,"ごみ, 廃棄物",,0,,waste,"ごみ, 廃棄物","ごみ, 廃棄物",waste,10.26NH1_KeyWords_U8_英日_問題.pdf,ウェイスト,,waste,waste,,"ごみ, 廃棄物",単語,0,原本保持
585,ニューホライズン,NH,1,U8,Unit8,"Think Globally, Act Locally","Unit8 Part1, 2",P91～P95,91,95,10,1,19,volunteer,ボランティア,,0,,volunteer,ボランティア,ボランティア,volunteer,10.26NH1_KeyWords_U8_英日_問題.pdf,ヴァランティー,,volunteer,volunteer,,ボランティア,単語,0,原本保持
586,ニューホライズン,NH,1,U8,Unit8,"Think Globally, Act Locally","Unit8 Part1, 2",P91～P95,91,95,10,1,20,reusable,再利用できる,,0,,reusable,再利用できる,再利用できる,reusable,10.26NH1_KeyWords_U8_英日_問題.pdf,リウーザッブル,,reusable,reusable,,再利用できる,単語,0,原本保持
587,ニューホライズン,NH,1,U8,Unit8,"Think Globally, Act Locally","Unit8 Part1, 2",P91～P95,91,95,10,1,21,cousin,いとこ,,0,,cousin,いとこ,いとこ,cousin,10.26NH1_KeyWords_U8_英日_問題.pdf,カザン,,cousin,cousin,,いとこ,単語,0,原本保持
588,ニューホライズン,NH,1,U8,Unit8,"Think Globally, Act Locally","Unit8 Part1, 2",P91～P95,91,95,10,1,22,plastic,プラスティック[ビニール]製の,,0,,plastic,プラスティック[ビニール]製の,プラスティック[ビニール]製の,plastic,10.26NH1_KeyWords_U8_英日_問題.pdf,プラスティック,,plastic,plastic,,プラスティック[ビニール]製の,単語,0,原本保持
589,ニューホライズン,NH,1,U8,Unit8,"Think Globally, Act Locally","Unit8 Part1, 2",P91～P95,91,95,10,1,23,ethnic,民族(特有)の,,0,,ethnic,民族(特有)の,民族(特有)の,ethnic,10.26NH1_KeyWords_U8_英日_問題.pdf,エスニック,,ethnic,ethnic,,民族(特有)の,単語,0,原本保持
590,ニューホライズン,NH,1,U8,Unit8,"Think Globally, Act Locally","Unit8 Part1, 2",P91～P95,91,95,10,1,24,original,独創的な,,0,,original,独創的な,独創的な,original,10.26NH1_KeyWords_U8_英日_問題.pdf,アーイジャナル,,original,original,,独創的な,単語,0,原本保持
591,ニューホライズン,NH,1,U8,Unit8,"Think Globally, Act Locally","Unit8 Part1, 2",P91～P95,91,95,10,1,25,some,"一部の, (中には)~もある",,0,,some,"一部の, (中には)~もある","一部の, (中には)~もある",some,10.26NH1_KeyWords_U8_英日_問題.pdf,サム,,some,some,,"一部の, (中には)~もある",単語,0,原本保持
592,ニューホライズン,NH,1,U8,Unit8,"Think Globally, Act Locally","Unit8 Part1, 2",P91～P95,91,95,10,1,26,one,[前に出てきた名詞のかわりとして]~なもの,,0,,one,[前に出てきた名詞のかわりとして]~なもの,[前に出てきた名詞のかわりとして]~なもの,one,10.26NH1_KeyWords_U8_英日_問題.pdf,ワン,,one,one,,[前に出てきた名詞のかわりとして]~なもの,単語,0,原本保持
593,ニューホライズン,NH,1,U8,Unit8,"Think Globally, Act Locally",Unit8 Read and Think,"P96,P97",96,97,10,1,27,look,~(のように)見える,☆,1,,look,~(のように)見える,~(のように)見える,look,10.26NH1_KeyWords_U8_英日_問題.pdf,ルック,,look,look,,~(のように)見える,単語,0,原本保持
594,ニューホライズン,NH,1,U8,Unit8,"Think Globally, Act Locally",Unit8 Read and Think,"P96,P97",96,97,10,1,28,these,"これら, この人たち",☆,1,,these,"これら, この人たち","これら, この人たち",these,10.26NH1_KeyWords_U8_英日_問題.pdf,ジーズ,,these,these,,"これら, この人たち",単語,0,原本保持
595,ニューホライズン,NH,1,U8,Unit8,"Think Globally, Act Locally",Unit8 Read and Think,"P96,P97",96,97,10,1,29,looked,~(のように)見えた,☆,1,,looked,~(のように)見えた,~(のように)見えた,looked,10.26NH1_KeyWords_U8_英日_問題.pdf,ルックト,,looked,looked,,~(のように)見えた,単語,0,原本保持
596,ニューホライズン,NH,1,U8,Unit8,"Think Globally, Act Locally",Unit8 Read and Think,"P96,P97",96,97,10,1,30,on the other hand,他方では,☆,1,,on the other hand,他方では,他方では,on the other hand,10.26NH1_KeyWords_U8_英日_問題.pdf,オン ザ アザー ハンド,,on the other hand,on the other hand,,他方では,複数語,1,原本保持
597,ニューホライズン,NH,1,U8,Unit8,"Think Globally, Act Locally",Unit8 Read and Think,"P96,P97",96,97,10,1,31,get,~を手に入れる,☆,1,,get,~を手に入れる,~を手に入れる,get,10.26NH1_KeyWords_U8_英日_問題.pdf,ゲット,,get,get,,~を手に入れる,単語,0,原本保持
598,ニューホライズン,NH,1,U8,Unit8,"Think Globally, Act Locally",Unit8 Read and Think,"P96,P97",96,97,10,1,32,collect,~を集める,,0,,collect,~を集める,~を集める,collect,10.26NH1_KeyWords_U8_英日_問題.pdf,カレックト,,collect,collect,,~を集める,単語,0,原本保持
599,ニューホライズン,NH,1,U8,Unit8,"Think Globally, Act Locally",Unit8 Read and Think,"P96,P97",96,97,10,1,33,build,~を建てる,☆,1,,build,~を建てる,~を建てる,build,10.26NH1_KeyWords_U8_英日_問題.pdf,ビルド,,build,build,,~を建てる,単語,0,原本保持
600,ニューホライズン,NH,1,U8,Unit8,"Think Globally, Act Locally",Unit8 Read and Think,"P96,P97",96,97,10,1,34,village,村,,0,,village,村,村,village,10.26NH1_KeyWords_U8_英日_問題.pdf,ヴィラジ,,village,village,,村,単語,0,原本保持
601,ニューホライズン,NH,1,U8,Unit8,"Think Globally, Act Locally",Unit8 Read and Think,"P96,P97",96,97,10,1,35,river,川,☆,1,,river,川,川,river,10.26NH1_KeyWords_U8_英日_問題.pdf,リバー,,river,river,,川,単語,0,原本保持
602,ニューホライズン,NH,1,U8,Unit8,"Think Globally, Act Locally",Unit8 Read and Think,"P96,P97",96,97,10,1,36,money,"金, 通貨",,0,,money,"金, 通貨","金, 通貨",money,10.26NH1_KeyWords_U8_英日_問題.pdf,マニ,,money,money,,"金, 通貨",単語,0,原本保持
603,ニューホライズン,NH,1,U8,Unit8,"Think Globally, Act Locally",Unit8 Read and Think,"P96,P97",96,97,10,1,37,happy,"幸せな, うれしい",☆,1,,happy,"幸せな, うれしい","幸せな, うれしい",happy,10.26NH1_KeyWords_U8_英日_問題.pdf,ハッピー,,happy,happy,,"幸せな, うれしい",単語,0,原本保持
604,ニューホライズン,NH,1,U8,Unit8,"Think Globally, Act Locally",Unit8 Read and Think,"P96,P97",96,97,10,1,38,help,"援助, 助け",,0,,help,"援助, 助け","援助, 助け",help,10.26NH1_KeyWords_U8_英日_問題.pdf,ヘルプ,,help,help,,"援助, 助け",単語,0,原本保持
605,ニューホライズン,NH,1,U8,Unit8,"Think Globally, Act Locally",Unit8 Read and Think,"P96,P97",96,97,10,1,39,clean,"きれいな, 清潔な",☆,1,,clean,"きれいな, 清潔な","きれいな, 清潔な",clean,10.26NH1_KeyWords_U8_英日_問題.pdf,クリーン,,clean,clean,,"きれいな, 清潔な",単語,0,原本保持
606,ニューホライズン,NH,1,U8,Unit8,"Think Globally, Act Locally",Unit8 Read and Think,"P96,P97",96,97,10,1,40,group,"グループ, 団体",,0,,group,"グループ, 団体","グループ, 団体",group,10.26NH1_KeyWords_U8_英日_問題.pdf,グルプ,,group,group,,"グループ, 団体",単語,0,原本保持
607,ニューホライズン,NH,1,U8,Unit8,"Think Globally, Act Locally",Unit8 Read and Think,"P96,P97",96,97,10,1,41,from ~,~から,☆,1,,from ~,~から,~から,from ~,10.26NH1_KeyWords_U8_英日_問題.pdf,フロム ～,,from ~,from ~,,~から,表現,1,原本保持
608,ニューホライズン,NH,1,U8,Unit8,"Think Globally, Act Locally",Unit8 Read and Think,"P96,P97",96,97,10,1,42,other,もう一つの,,0,,other,もう一つの,もう一つの,other,10.26NH1_KeyWords_U8_英日_問題.pdf,アザー,,other,other,,もう一つの,単語,0,原本保持
609,ニューホライズン,NH,1,U8,Unit8,"Think Globally, Act Locally",Unit8 Read and Think,"P96,P97",96,97,10,1,43,for a long time,長い間,☆,1,,for a long time,長い間,長い間,for a long time,10.26NH1_KeyWords_U8_英日_問題.pdf,フォー ア ロング タイム,,for a long time,for a long time,,長い間,複数語,1,原本保持
610,ニューホライズン,NH,1,U8,Unit8,"Think Globally, Act Locally",Unit8 Read and Think,"P96,P97",96,97,10,1,44,far,遠くに[へ],,0,,far,遠くに[へ],遠くに[へ],far,10.26NH1_KeyWords_U8_英日_問題.pdf,ファー,,far,far,,遠くに[へ],単語,0,原本保持
611,ニューホライズン,NH,1,U8,Unit8,"Think Globally, Act Locally",Unit8 教科書本文,P92～P97,92,97,10,1,45,Kenya,ケニア,,0,,Kenya,ケニア,ケニア,Kenya,10.26NH1_KeyWords_U8_英日_問題.pdf,ケニア,,Kenya,Kenya,,ケニア,単語,0,原本保持
612,ニューホライズン,NH,1,U8,Unit8,"Think Globally, Act Locally",Unit8 教科書本文,P92～P97,92,97,10,1,46,meat,肉,,0,,meat,肉,肉,meat,10.26NH1_KeyWords_U8_英日_問題.pdf,ミト,,meat,meat,,肉,単語,0,原本保持
613,ニューホライズン,NH,1,U8,Unit8,"Think Globally, Act Locally",Unit8 教科書本文,P92～P97,92,97,10,1,47,Africa,アフリカ,,0,,Africa,アフリカ,アフリカ,Africa,10.26NH1_KeyWords_U8_英日_問題.pdf,アフリカ,,Africa,Africa,,アフリカ,単語,0,原本保持
614,ニューホライズン,NH,1,U8,Unit8,"Think Globally, Act Locally",Unit8 教科書本文,P92～P97,92,97,10,1,48,chicken,とり肉,,0,,chicken,とり肉,とり肉,chicken,10.26NH1_KeyWords_U8_英日_問題.pdf,チカン,,chicken,chicken,,とり肉,単語,0,原本保持
615,ニューホライズン,NH,1,U8,Unit8,"Think Globally, Act Locally",Unit8 教科書本文,P92～P97,92,97,10,1,49,African,アフリカ(人)の,,0,,African,アフリカ(人)の,アフリカ(人)の,African,10.26NH1_KeyWords_U8_英日_問題.pdf,アフリカン,,African,African,,アフリカ(人)の,単語,0,原本保持
616,ニューホライズン,NH,1,U8,Unit8,"Think Globally, Act Locally",Unit8 教科書本文,P92～P97,92,97,10,1,50,bean,豆,,0,,bean,豆,豆,bean,10.26NH1_KeyWords_U8_英日_問題.pdf,ビン,,bean,bean,,豆,単語,0,原本保持
617,ニューホライズン,NH,1,U8,Unit8,"Think Globally, Act Locally",Unit8 教科書本文,P92～P97,92,97,10,1,51,straw,ストロー,,0,,straw,ストロー,ストロー,straw,10.26NH1_KeyWords_U8_英日_問題.pdf,ストロ,,straw,straw,,ストロー,単語,0,原本保持
618,ニューホライズン,NH,1,U8,Unit8,"Think Globally, Act Locally",Unit8 教科書本文,P92～P97,92,97,10,1,52,pie,パイ,,0,,pie,パイ,パイ,pie,10.26NH1_KeyWords_U8_英日_問題.pdf,パイ,,pie,pie,,パイ,単語,0,原本保持
619,ニューホライズン,NH,1,U8,Unit8,"Think Globally, Act Locally",Unit8 教科書本文,P92～P97,92,97,10,1,53,soup,スープ,,0,,soup,スープ,スープ,soup,10.26NH1_KeyWords_U8_英日_問題.pdf,スプ,,soup,soup,,スープ,単語,0,原本保持
620,ニューホライズン,NH,1,U8,Unit8,"Think Globally, Act Locally",Unit8 教科書本文,P92～P97,92,97,10,1,54,well,井戸,,0,,well,井戸,井戸,well,10.26NH1_KeyWords_U8_英日_問題.pdf,ウェル,,well,well,,井戸,単語,0,原本保持
621,ニューホライズン,NH,1,U8,Unit8 Think,"Globally, Act Locally",Unit8 8-1～RT,P91～P97,91,97,10,2,55,respect,~を尊敬する,☆,1,,respect,~を尊敬する,~を尊敬する,respect,10.26NH1_KeyWords_U8_英日_問題.pdf,リスペックト,,respect,respect,,~を尊敬する,単語,0,原本保持
622,ニューホライズン,NH,1,U8,Unit8 Think,"Globally, Act Locally",Unit8 8-1～RT,P91～P97,91,97,10,2,56,original,独創的な,☆,1,,original,独創的な,独創的な,original,10.26NH1_KeyWords_U8_英日_問題.pdf,アーイジャナル,,original,original,,独創的な,単語,0,原本保持
623,ニューホライズン,NH,1,U8,Unit8 Think,"Globally, Act Locally",Unit8 8-1～RT,P91～P97,91,97,10,2,57,cousin,いとこ,☆,1,,cousin,いとこ,いとこ,cousin,10.26NH1_KeyWords_U8_英日_問題.pdf,カザン,,cousin,cousin,,いとこ,単語,0,原本保持
624,ニューホライズン,NH,1,U8,Unit8 Think,"Globally, Act Locally",Unit8 8-1～RT,P91～P97,91,97,10,2,58,collect,~を集める,☆,1,,collect,~を集める,~を集める,collect,10.26NH1_KeyWords_U8_英日_問題.pdf,カレックト,,collect,collect,,~を集める,単語,0,原本保持
625,ニューホライズン,NH,1,U8,Unit8 Think,"Globally, Act Locally",Unit8 8-1～RT,P91～P97,91,97,10,2,59,reduce,(サイズ・数量・程度など)を減らす,☆,1,,reduce,(サイズ・数量・程度など)を減らす,(サイズ・数量・程度など)を減らす,reduce,10.26NH1_KeyWords_U8_英日_問題.pdf,ラドゥス,,reduce,reduce,,(サイズ・数量・程度など)を減らす,単語,0,原本保持
626,ニューホライズン,NH,1,U8,Unit8 Think,"Globally, Act Locally",Unit8 8-1～RT,P91～P97,91,97,10,2,60,village,村,☆,1,,village,村,村,village,10.26NH1_KeyWords_U8_英日_問題.pdf,ヴィラジ,,village,village,,村,単語,0,原本保持
627,ニューホライズン,NH,1,U8,Unit8 Think,"Globally, Act Locally",Unit8 8-1～RT,P91～P97,91,97,10,2,61,waste,"ごみ, 廃棄物",☆,1,,waste,"ごみ, 廃棄物","ごみ, 廃棄物",waste,10.26NH1_KeyWords_U8_英日_問題.pdf,ウェイスト,,waste,waste,,"ごみ, 廃棄物",単語,0,原本保持
628,ニューホライズン,NH,1,U8,Unit8 Think,"Globally, Act Locally",Unit8 8-1～RT,P91～P97,91,97,10,2,62,money,"金, 通貨",☆,1,,money,"金, 通貨","金, 通貨",money,10.26NH1_KeyWords_U8_英日_問題.pdf,マニ,,money,money,,"金, 通貨",単語,0,原本保持
629,ニューホライズン,NH,1,U8,Unit8 Think,"Globally, Act Locally",Unit8 8-1～RT,P91～P97,91,97,10,2,63,plastic,プラスティック[ビニール]製の,☆,1,,plastic,プラスティック[ビニール]製の,プラスティック[ビニール]製の,plastic,10.26NH1_KeyWords_U8_英日_問題.pdf,プラスティック,,plastic,plastic,,プラスティック[ビニール]製の,単語,0,原本保持
630,ニューホライズン,NH,1,U8,Unit8 Think,"Globally, Act Locally",Unit8 8-1～RT,P91～P97,91,97,10,2,64,far,遠くに[へ],☆,1,,far,遠くに[へ],遠くに[へ],far,10.26NH1_KeyWords_U8_英日_問題.pdf,ファー,,far,far,,遠くに[へ],単語,0,原本保持
631,ニューホライズン,NH,1,U8,Unit8 Think,"Globally, Act Locally",Real Life English 4 レストラン-注文する-,P99,99,99,10,2,65,would like to ~,~したい(のですが),☆,1,,would like to ~,~したい(のですが),~したい(のですが),would like to ~,10.26NH1_KeyWords_U8_英日_問題.pdf,ウッド ライク トゥ ～,,would like to ~,would like to ~,,~したい(のですが),表現,1,原本保持
632,ニューホライズン,NH,1,U8,Unit8 Think,"Globally, Act Locally",Real Life English 4 レストラン-注文する-,P99,99,99,10,2,66,steak,ステーキ,,0,,steak,ステーキ,ステーキ,steak,10.26NH1_KeyWords_U8_英日_問題.pdf,ステイク,,steak,steak,,ステーキ,単語,0,原本保持
633,ニューホライズン,NH,1,U8,Unit8 Think,"Globally, Act Locally",Real Life English 4 レストラン-注文する-,P99,99,99,10,2,67,would like ~,~がほしい(のですが),☆,1,,would like ~,~がほしい(のですが),~がほしい(のですが),would like ~,10.26NH1_KeyWords_U8_英日_問題.pdf,ウッド ライク ～,,would like ~,would like ~,,~がほしい(のですが),表現,1,原本保持
634,ニューホライズン,NH,1,U8,Unit8 Think,"Globally, Act Locally",Real Life English 4 レストラン-注文する-,P99,99,99,10,2,68,server,"給仕, ウエイター",,0,,server,"給仕, ウエイター","給仕, ウエイター",server,10.26NH1_KeyWords_U8_英日_問題.pdf,サーヴァー,,server,server,,"給仕, ウエイター",単語,0,原本保持
635,ニューホライズン,NH,1,U8,Unit8 Think,"Globally, Act Locally",Real Life English 4 レストラン-注文する-,P99,99,99,10,2,69,full,"いっぱいの, 満腹の",☆,1,,full,"いっぱいの, 満腹の","いっぱいの, 満腹の",full,10.26NH1_KeyWords_U8_英日_問題.pdf,フル,,full,full,,"いっぱいの, 満腹の",単語,0,原本保持
636,ニューホライズン,NH,1,U8,Unit8 Think,"Globally, Act Locally",Real Life English 4 レストラン-注文する-,P99,99,99,10,2,70,salad,サラダ,,0,,salad,サラダ,サラダ,salad,10.26NH1_KeyWords_U8_英日_問題.pdf,サラッド,,salad,salad,,サラダ,単語,0,原本保持
637,ニューホライズン,NH,1,U8,Unit8 Think,"Globally, Act Locally",Real Life English 4 レストラン-注文する-,P99,99,99,10,2,71,else,ほかに[の],☆,1,,else,ほかに[の],ほかに[の],else,10.26NH1_KeyWords_U8_英日_問題.pdf,エルス,,else,else,,ほかに[の],単語,0,原本保持
638,ニューホライズン,NH,1,U8,Unit8 Think,"Globally, Act Locally",Real Life English 4 レストラン-注文する-,P99,99,99,10,2,72,mushroom,キノコ,,0,,mushroom,キノコ,キノコ,mushroom,10.26NH1_KeyWords_U8_英日_問題.pdf,マシュルム,,mushroom,mushroom,,キノコ,単語,0,原本保持
639,ニューホライズン,NH,1,U8,Unit8 Think,"Globally, Act Locally",Real Life English 4 レストラン-注文する-,P99,99,99,10,2,73,anything,[疑問文で]何か,☆,1,,anything,[疑問文で]何か,[疑問文で]何か,anything,10.26NH1_KeyWords_U8_英日_問題.pdf,エニシング,,anything,anything,,[疑問文で]何か,単語,0,原本保持
640,ニューホライズン,NH,1,U8,Unit8 Think,"Globally, Act Locally",Real Life English 4 レストラン-注文する-,P99,99,99,10,2,74,dessert,デザート,,0,,dessert,デザート,デザート,dessert,10.26NH1_KeyWords_U8_英日_問題.pdf,ディザート,,dessert,dessert,,デザート,単語,0,原本保持
641,ニューホライズン,NH,1,U8,Unit8 Think,"Globally, Act Locally",Real Life English 4 レストラン-注文する-,P99,99,99,10,2,75,I'd,I wouldの短縮形,☆,1,,I'd,I wouldの短縮形,I wouldの短縮形,I'd,10.26NH1_KeyWords_U8_英日_問題.pdf,アイド,,I'd,I'd,,I wouldの短縮形,短縮形,0,原本保持
642,ニューホライズン,NH,1,U8,Unit8 Think,"Globally, Act Locally",Real Life English 4 レストラン-注文する-,P99,99,99,10,2,76,"No, thank you.","いいえ, けっこうです。",,0,,"No, thank you.","いいえ, けっこうです。","いいえ, けっこうです。","No, thank you.",10.26NH1_KeyWords_U8_英日_問題.pdf,ノウ、サンク ユー,,"No, thank you.","No, thank you.",,"いいえ, けっこうです。",複数語,1,原本保持
643,ニューホライズン,NH,1,U8,Unit8 Think,"Globally, Act Locally",Stage Activity 2 My Hero,"P100,P101",100,101,10,2,77,year,"年, 1年",☆,1,,year,"年, 1年","年, 1年",year,10.26NH1_KeyWords_U8_英日_問題.pdf,イヤー,,year,year,,"年, 1年",単語,0,原本保持
644,ニューホライズン,NH,1,U8,Unit8 Think,"Globally, Act Locally",Stage Activity 2 My Hero,"P100,P101",100,101,10,2,78,voice,声,,0,,voice,声,声,voice,10.26NH1_KeyWords_U8_英日_問題.pdf,ヴォイス,,voice,voice,,声,単語,0,原本保持
645,ニューホライズン,NH,1,U8,Unit8 Think,"Globally, Act Locally",Stage Activity 2 My Hero,"P100,P101",100,101,10,2,79,world,世界,☆,1,,world,世界,世界,world,10.26NH1_KeyWords_U8_英日_問題.pdf,ワールド,,world,world,,世界,単語,0,原本保持
646,ニューホライズン,NH,1,U8,Unit8 Think,"Globally, Act Locally",Stage Activity 2 My Hero,"P100,P101",100,101,10,2,80,stage,"舞台, ステージ",,0,,stage,"舞台, ステージ","舞台, ステージ",stage,10.26NH1_KeyWords_U8_英日_問題.pdf,ステイジ,,stage,stage,,"舞台, ステージ",単語,0,原本保持
647,ニューホライズン,NH,1,U8,Unit8 Think,"Globally, Act Locally",Stage Activity 2 My Hero,"P100,P101",100,101,10,2,81,singer,歌手,☆,1,,singer,歌手,歌手,singer,10.26NH1_KeyWords_U8_英日_問題.pdf,シアー,,singer,singer,,歌手,単語,0,原本保持
648,ニューホライズン,NH,1,U8,Unit8 Think,"Globally, Act Locally",Stage Activity 2 My Hero,"P100,P101",100,101,10,2,82,performance,"演技, 演奏",,0,,performance,"演技, 演奏","演技, 演奏",performance,10.26NH1_KeyWords_U8_英日_問題.pdf,パーフォーマンス,,performance,performance,,"演技, 演奏",単語,0,原本保持
649,ニューホライズン,NH,1,U8,Unit8 Think,"Globally, Act Locally",Stage Activity 2 My Hero,"P100,P101",100,101,10,2,83,music,音楽,☆,1,,music,音楽,音楽,music,10.26NH1_KeyWords_U8_英日_問題.pdf,ミュージック,,music,music,,音楽,単語,0,原本保持
650,ニューホライズン,NH,1,U8,Unit8 Think,"Globally, Act Locally",Stage Activity 2 My Hero,"P100,P101",100,101,10,2,84,hero,"英雄, ヒーロー",,0,,hero,"英雄, ヒーロー","英雄, ヒーロー",hero,10.26NH1_KeyWords_U8_英日_問題.pdf,ヒロ,,hero,hero,,"英雄, ヒーロー",単語,0,原本保持
651,ニューホライズン,NH,1,U8,Unit8 Think,"Globally, Act Locally",Stage Activity 2 My Hero,"P100,P101",100,101,10,2,85,again,もう一度,☆,1,,again,もう一度,もう一度,again,10.26NH1_KeyWords_U8_英日_問題.pdf,アゲイン,,again,again,,もう一度,単語,0,原本保持
652,ニューホライズン,NH,1,U8,Unit8 Think,"Globally, Act Locally",Stage Activity 2 My Hero,"P100,P101",100,101,10,2,86,dome,ドーム,,0,,dome,ドーム,ドーム,dome,10.26NH1_KeyWords_U8_英日_問題.pdf,ドム,,dome,dome,,ドーム,単語,0,原本保持
653,ニューホライズン,NH,1,U8,Unit8 Think,"Globally, Act Locally",Stage Activity 2 My Hero,"P100,P101",100,101,10,2,87,all over,"~のいたるところに[で, の]",☆,1,,all over,"~のいたるところに[で, の]","~のいたるところに[で, の]",all over,10.26NH1_KeyWords_U8_英日_問題.pdf,オール オーバー,,all over,all over,,"~のいたるところに[で, の]",複数語,1,原本保持
654,ニューホライズン,NH,1,U8,Unit8 Think,"Globally, Act Locally",Stage Activity 2 My Hero,"P100,P101",100,101,10,2,88,concert,"演奏会, コンサート",,0,,concert,"演奏会, コンサート","演奏会, コンサート",concert,10.26NH1_KeyWords_U8_英日_問題.pdf,カンサート,,concert,concert,,"演奏会, コンサート",単語,0,原本保持
655,ニューホライズン,NH,1,U8,Unit8 Think,"Globally, Act Locally",Stage Activity 2 My Hero,"P100,P101",100,101,10,2,89,have,~を開催する,,0,,have,~を開催する,~を開催する,have,10.26NH1_KeyWords_U8_英日_問題.pdf,ハブ,,have,have,,~を開催する,単語,0,原本保持
656,ニューホライズン,NH,1,U8,Unit8 Think,"Globally, Act Locally",Stage Activity 2 My Hero,"P100,P101",100,101,10,2,90,cheer up ~,~を元気づける,,0,,cheer up ~,~を元気づける,~を元気づける,cheer up ~,10.26NH1_KeyWords_U8_英日_問題.pdf,チー アップ ～,,cheer up ~,cheer up ~,,~を元気づける,表現,1,原本保持
657,ニューホライズン,NH,1,U8,Unit8 Think,"Globally, Act Locally",Stage Activity 2 My Hero,"P100,P101",100,101,10,2,91,word,歌詞,,0,,word,歌詞,歌詞,word,10.26NH1_KeyWords_U8_英日_問題.pdf,ワード,,word,word,,歌詞,単語,0,原本保持
658,ニューホライズン,NH,1,U9,Unit9,Winter Vacation,Unit9 Part1,P103～P105,103,105,11,1,1,go-went,行く[原形-過去形],☆,1,,go-went,行く[原形-過去形],行く[原形-過去形],go-went,11.26NH1_KeyWords_U9_英日_問題.pdf,ゴウ・ウェント,,go-went,go-went,,行く[原形-過去形],単語,0,原本保持
659,ニューホライズン,NH,1,U9,Unit9,Winter Vacation,Unit9 Part1,P103～P105,103,105,11,1,2,last,この前の,☆,1,,last,この前の,この前の,last,11.26NH1_KeyWords_U9_英日_問題.pdf,ラスト,,last,last,,この前の,単語,0,原本保持
660,ニューホライズン,NH,1,U9,Unit9,Winter Vacation,Unit9 Part1,P103～P105,103,105,11,1,3,see-saw,見る[原形-過去形],☆,1,,see-saw,見る[原形-過去形],見る[原形-過去形],see-saw,11.26NH1_KeyWords_U9_英日_問題.pdf,シー・ソ,,see-saw,see-saw,,見る[原形-過去形],単語,0,原本保持
661,ニューホライズン,NH,1,U9,Unit9,Winter Vacation,Unit9 Part1,P103～P105,103,105,11,1,4,during,"~の間ずっと, ~の間に",☆,1,,during,"~の間ずっと, ~の間に","~の間ずっと, ~の間に",during,11.26NH1_KeyWords_U9_英日_問題.pdf,デュアリング,,during,during,,"~の間ずっと, ~の間に",単語,0,原本保持
662,ニューホライズン,NH,1,U9,Unit9,Winter Vacation,Unit9 Part1,P103～P105,103,105,11,1,5,meet-met,会う[原形-過去形],☆,1,,meet-met,会う[原形-過去形],会う[原形-過去形],meet-met,11.26NH1_KeyWords_U9_英日_問題.pdf,ミート・メット,,meet-met,meet-met,,会う[原形-過去形],単語,0,原本保持
663,ニューホライズン,NH,1,U9,Unit9,Winter Vacation,Unit9 Part1,P103～P105,103,105,11,1,6,at home,家で[に],☆,1,,at home,家で[に],家で[に],at home,11.26NH1_KeyWords_U9_英日_問題.pdf,アット ホーム,,at home,at home,,家で[に],複数語,1,原本保持
664,ニューホライズン,NH,1,U9,Unit9,Winter Vacation,Unit9 Part1,P103～P105,103,105,11,1,7,yesterday,昨日,☆,1,,yesterday,昨日,昨日,yesterday,11.26NH1_KeyWords_U9_英日_問題.pdf,イエスタデイ,,yesterday,yesterday,,昨日,単語,0,原本保持
665,ニューホライズン,NH,1,U9,Unit9,Winter Vacation,Unit9 Part1,P103～P105,103,105,11,1,8,go back,"帰る, 戻る",☆,1,,go back,"帰る, 戻る","帰る, 戻る",go back,11.26NH1_KeyWords_U9_英日_問題.pdf,ゴウ バック,,go back,go back,,"帰る, 戻る",複数語,1,原本保持
666,ニューホライズン,NH,1,U9,Unit9,Winter Vacation,Unit9 Part1,P103～P105,103,105,11,1,9,stay,"滞在する, 泊まる",☆,1,,stay,"滞在する, 泊まる","滞在する, 泊まる",stay,11.26NH1_KeyWords_U9_英日_問題.pdf,ステイ,,stay,stay,,"滞在する, 泊まる",単語,0,原本保持
667,ニューホライズン,NH,1,U9,Unit9,Winter Vacation,Unit9 Part1,P103～P105,103,105,11,1,10,relax,くつろぐ,,0,,relax,くつろぐ,くつろぐ,relax,11.26NH1_KeyWords_U9_英日_問題.pdf,リラックス,,relax,relax,,くつろぐ,単語,0,原本保持
668,ニューホライズン,NH,1,U9,Unit9,Winter Vacation,Unit9 Part1,P103～P105,103,105,11,1,11,vacation,"休暇, 休み",☆,1,,vacation,"休暇, 休み","休暇, 休み",vacation,11.26NH1_KeyWords_U9_英日_問題.pdf,ヴェイケイシャン,,vacation,vacation,,"休暇, 休み",単語,0,原本保持
669,ニューホライズン,NH,1,U9,Unit9,Winter Vacation,Unit9 Part1,P103～P105,103,105,11,1,12,snowboarding,スノーボード(をすること),,0,,snowboarding,スノーボード(をすること),スノーボード(をすること),snowboarding,11.26NH1_KeyWords_U9_英日_問題.pdf,スノーボーディング,,snowboarding,snowboarding,,スノーボード(をすること),単語,0,原本保持
670,ニューホライズン,NH,1,U9,Unit9,Winter Vacation,Unit9 Part1,P103～P105,103,105,11,1,13,mountain,山,☆,1,,mountain,山,山,mountain,11.26NH1_KeyWords_U9_英日_問題.pdf,マウンテン,,mountain,mountain,,山,単語,0,原本保持
671,ニューホライズン,NH,1,U9,Unit9,Winter Vacation,"Unit9 Part2, Read and Think",P106～P109,106,109,11,1,14,do-did,する[原形-過去形],☆,1,,do-did,する[原形-過去形],する[原形-過去形],do-did,11.26NH1_KeyWords_U9_英日_問題.pdf,ドゥ・ディド,,do-did,do-did,,する[原形-過去形],単語,0,原本保持
672,ニューホライズン,NH,1,U9,Unit9,Winter Vacation,"Unit9 Part2, Read and Think",P106～P109,106,109,11,1,15,say-said,言う[原形-過去形],☆,1,,say-said,言う[原形-過去形],言う[原形-過去形],say-said,11.26NH1_KeyWords_U9_英日_問題.pdf,セイ・セッド,,say-said,say-said,,言う[原形-過去形],単語,0,原本保持
673,ニューホライズン,NH,1,U9,Unit9,Winter Vacation,"Unit9 Part2, Read and Think",P106～P109,106,109,11,1,16,eat-ate,食べる[原形-過去形],☆,1,,eat-ate,食べる[原形-過去形],食べる[原形-過去形],eat-ate,11.26NH1_KeyWords_U9_英日_問題.pdf,イート・エイト,,eat-ate,eat-ate,,食べる[原形-過去形],単語,0,原本保持
674,ニューホライズン,NH,1,U9,Unit9,Winter Vacation,"Unit9 Part2, Read and Think",P106～P109,106,109,11,1,17,read-read,読む[原形-過去形],☆,1,,read-read,読む[原形-過去形],読む[原形-過去形],read-read,11.26NH1_KeyWords_U9_英日_問題.pdf,リード・リード,,read-read,read-read,,読む[原形-過去形],単語,0,原本保持
675,ニューホライズン,NH,1,U9,Unit9,Winter Vacation,"Unit9 Part2, Read and Think",P106～P109,106,109,11,1,18,write-wrote,書く[原形-過去形],☆,1,,write-wrote,書く[原形-過去形],書く[原形-過去形],write-wrote,11.26NH1_KeyWords_U9_英日_問題.pdf,ライト・ロト,,write-wrote,write-wrote,,書く[原形-過去形],単語,0,原本保持
676,ニューホライズン,NH,1,U9,Unit9,Winter Vacation,"Unit9 Part2, Read and Think",P106～P109,106,109,11,1,19,have-had,"持っている, 食べる[原形-過去形]",☆,1,,have-had,"持っている, 食べる[原形-過去形]","持っている, 食べる[原形-過去形]",have-had,11.26NH1_KeyWords_U9_英日_問題.pdf,ハブ・ハド,,have-had,have-had,,"持っている, 食べる[原形-過去形]",単語,0,原本保持
677,ニューホライズン,NH,1,U9,Unit9,Winter Vacation,"Unit9 Part2, Read and Think",P106～P109,106,109,11,1,20,clean,~をそうじする,☆,1,,clean,~をそうじする,~をそうじする,clean,11.26NH1_KeyWords_U9_英日_問題.pdf,クリーン,,clean,clean,,~をそうじする,単語,0,原本保持
678,ニューホライズン,NH,1,U9,Unit9,Winter Vacation,"Unit9 Part2, Read and Think",P106～P109,106,109,11,1,21,get-got,~を手に入れる[原形-過去形],☆,1,,get-got,~を手に入れる[原形-過去形],~を手に入れる[原形-過去形],get-got,11.26NH1_KeyWords_U9_英日_問題.pdf,ゲット・ガト,,get-got,get-got,,~を手に入れる[原形-過去形],単語,0,原本保持
679,ニューホライズン,NH,1,U9,Unit9,Winter Vacation,"Unit9 Part2, Read and Think",P106～P109,106,109,11,1,22,didn't,did notの短縮形,☆,1,,didn't,did notの短縮形,did notの短縮形,didn't,11.26NH1_KeyWords_U9_英日_問題.pdf,ディドント,,didn't,didn't,,did notの短縮形,短縮形,0,原本保持
680,ニューホライズン,NH,1,U9,Unit9,Winter Vacation,"Unit9 Part2, Read and Think",P106～P109,106,109,11,1,23,come-came,来る[原形-過去形],☆,1,,come-came,来る[原形-過去形],来る[原形-過去形],come-came,11.26NH1_KeyWords_U9_英日_問題.pdf,カム・ケイム,,come-came,come-came,,来る[原形-過去形],単語,0,原本保持
681,ニューホライズン,NH,1,U9,Unit9,Winter Vacation,"Unit9 Part2, Read and Think",P106～P109,106,109,11,1,24,grandparent,"祖父, 祖母",☆,1,,grandparent,"祖父, 祖母","祖父, 祖母",grandparent,11.26NH1_KeyWords_U9_英日_問題.pdf,グランドペラント,,grandparent,grandparent,,"祖父, 祖母",単語,0,原本保持
682,ニューホライズン,NH,1,U9,Unit9,Winter Vacation,"Unit9 Part2, Read and Think",P106～P109,106,109,11,1,25,buy-bought,買う[原形-過去形],☆,1,,buy-bought,買う[原形-過去形],買う[原形-過去形],buy-bought,11.26NH1_KeyWords_U9_英日_問題.pdf,バイ・バト,,buy-bought,buy-bought,,買う[原形-過去形],単語,0,原本保持
683,ニューホライズン,NH,1,U9,Unit9,Winter Vacation,"Unit9 Part2, Read and Think",P106～P109,106,109,11,1,26,traditional,伝統的な,☆,1,,traditional,伝統的な,伝統的な,traditional,11.26NH1_KeyWords_U9_英日_問題.pdf,トラディショナル,,traditional,traditional,,伝統的な,単語,0,原本保持
684,ニューホライズン,NH,1,U9,Unit9,Winter Vacation,"Unit9 Part2, Read and Think",P106～P109,106,109,11,1,27,future,"未来, 将来",☆,1,,future,"未来, 将来","未来, 将来",future,11.26NH1_KeyWords_U9_英日_問題.pdf,フュチャー,,future,future,,"未来, 将来",単語,0,原本保持
685,ニューホライズン,NH,1,U9,Unit9,Winter Vacation,"Unit9 Part2, Read and Think",P106～P109,106,109,11,1,28,special,特別な,☆,1,,special,特別な,特別な,special,11.26NH1_KeyWords_U9_英日_問題.pdf,スペシャル,,special,special,,特別な,単語,0,原本保持
686,ニューホライズン,NH,1,U9,Unit9,Winter Vacation,"Unit9 Part2, Read and Think",P106～P109,106,109,11,1,29,bad,悪い,☆,1,,bad,悪い,悪い,bad,11.26NH1_KeyWords_U9_英日_問題.pdf,バッド,,bad,bad,,悪い,単語,0,原本保持
687,ニューホライズン,NH,1,U9,Unit9,Winter Vacation,"Unit9 Part2, Read and Think",P106～P109,106,109,11,1,30,for ~,~にとって,☆,1,,for ~,~にとって,~にとって,for ~,11.26NH1_KeyWords_U9_英日_問題.pdf,フォー ～,,for ~,for ~,,~にとって,表現,1,原本保持
688,ニューホライズン,NH,1,U9,Unit9,Winter Vacation,"Unit9 Part2, Read and Think",P106～P109,106,109,11,1,31,have a A time,Aな時を過ごす,☆,1,,have a A time,Aな時を過ごす,Aな時を過ごす,have a A time,11.26NH1_KeyWords_U9_英日_問題.pdf,ハブ ア ア タイム,,have a A time,have a A time,,Aな時を過ごす,複数語,1,原本保持
689,ニューホライズン,NH,1,U9,Unit9,Winter Vacation,"Unit9 Part2, Read and Think",P106～P109,106,109,11,1,32,card,"カード, はがき",,0,,card,"カード, はがき","カード, はがき",card,11.26NH1_KeyWords_U9_英日_問題.pdf,カード,,card,card,,"カード, はがき",単語,0,原本保持
690,ニューホライズン,NH,1,U9,Unit9,Winter Vacation,"Unit9 Part2, Read and Think",P106～P109,106,109,11,1,33,spend-spent,(時)を過ごす[原形-過去形],,0,,spend-spent,(時)を過ごす[原形-過去形],(時)を過ごす[原形-過去形],spend-spent,11.26NH1_KeyWords_U9_英日_問題.pdf,スペンド・スペント,,spend-spent,spend-spent,,(時)を過ごす[原形-過去形],単語,0,原本保持
691,ニューホライズン,NH,1,U9,Unit9,Winter Vacation,"Unit9 Part2, Read and Think",P106～P109,106,109,11,1,34,Good for you!,よくやった。,,0,,Good for you!,よくやった。,よくやった。,Good for you!,11.26NH1_KeyWords_U9_英日_問題.pdf,グッド フォー ユー,,Good for you!,Good for you!,,よくやった。,表現,1,原本保持
692,ニューホライズン,NH,1,U9,Unit9,Winter Vacation,Unit9 教科書本文,P104～P109,104,109,11,1,35,Christmas Day,クリスマス,,0,,Christmas Day,クリスマス,クリスマス,Christmas Day,11.26NH1_KeyWords_U9_英日_問題.pdf,クリスマス デイ,,Christmas Day,Christmas Day,,クリスマス,複数語,1,原本保持
693,ニューホライズン,NH,1,U9,Unit9,Winter Vacation,Unit9 教科書本文,P104～P109,104,109,11,1,36,New Year,新年,,0,,New Year,新年,新年,New Year,11.26NH1_KeyWords_U9_英日_問題.pdf,ニュー イヤー,,New Year,New Year,,新年,複数語,1,原本保持
694,ニューホライズン,NH,1,U9,Unit9,Winter Vacation,Unit9 教科書本文,P104～P109,104,109,11,1,37,How nice!,いいね。すばらしい。,,0,,How nice!,いいね。すばらしい。,いいね。すばらしい。,How nice!,11.26NH1_KeyWords_U9_英日_問題.pdf,ハウ ナイス,,How nice!,How nice!,,いいね。すばらしい。,表現,1,原本保持
695,ニューホライズン,NH,1,U9,Unit9,Winter Vacation,Unit9 教科書本文,P104～P109,104,109,11,1,38,tablet,板状の小片,,0,,tablet,板状の小片,板状の小片,tablet,11.26NH1_KeyWords_U9_英日_問題.pdf,タブラット,,tablet,tablet,,板状の小片,単語,0,原本保持
696,ニューホライズン,NH,1,U9,Unit9,Winter Vacation,Unit9 教科書本文,P104～P109,104,109,11,1,39,fortune slip,おみくじ,,0,,fortune slip,おみくじ,おみくじ,fortune slip,11.26NH1_KeyWords_U9_英日_問題.pdf,フォーチャン スリップ,,fortune slip,fortune slip,,おみくじ,複数語,1,原本保持
697,ニューホライズン,NH,1,U9,Unit9,Winter Vacation,Unit9 教科書本文,P104～P109,104,109,11,1,40,New Year's Day,元日,,0,,New Year's Day,元日,元日,New Year's Day,11.26NH1_KeyWords_U9_英日_問題.pdf,ニュー イヤー デイ,,New Year's Day,New Year's Day,,元日,複数語,1,原本保持
698,ニューホライズン,NH,1,U9,Unit9,Winter Vacation,Unit9 教科書本文,P104～P109,104,109,11,1,41,rice cake,もち,,0,,rice cake,もち,もち,rice cake,11.26NH1_KeyWords_U9_英日_問題.pdf,ライス ケーキ,,rice cake,rice cake,,もち,複数語,1,原本保持
699,ニューホライズン,NH,1,U9,Unit9,Winter Vacation,Unit9 教科書本文,P104～P109,104,109,11,1,42,board game,ボードゲーム,,0,,board game,ボードゲーム,ボードゲーム,board game,11.26NH1_KeyWords_U9_英日_問題.pdf,ボード ゲーム,,board game,board game,,ボードゲーム,複数語,1,原本保持
700,ニューホライズン,NH,1,U9,Unit9,Winter Vacation,Unit9 教科書本文,P104～P109,104,109,11,1,43,New Year's Eve,大みそか,,0,,New Year's Eve,大みそか,大みそか,New Year's Eve,11.26NH1_KeyWords_U9_英日_問題.pdf,ニュー イヤー イーヴ,,New Year's Eve,New Year's Eve,,大みそか,複数語,1,原本保持
701,ニューホライズン,NH,1,U9,Unit9 Winter,Vacation,Unit9 9-1～RT,P103～P109,103,109,11,2,44,relax,くつろぐ,☆,1,,relax,くつろぐ,くつろぐ,relax,11.26NH1_KeyWords_U9_英日_問題.pdf,リラックス,,relax,relax,,くつろぐ,単語,0,原本保持
702,ニューホライズン,NH,1,U9,Unit9 Winter,Vacation,Unit9 9-1～RT,P103～P109,103,109,11,2,45,wish,願い,☆,1,,wish,願い,願い,wish,11.26NH1_KeyWords_U9_英日_問題.pdf,ウィッシュ,,wish,wish,,願い,単語,0,原本保持
703,ニューホライズン,NH,1,U9,Unit9 Winter,Vacation,Unit9 9-1～RT,P103～P109,103,109,11,2,46,Good for you!,よくやった。,☆,1,,Good for you!,よくやった。,よくやった。,Good for you!,11.26NH1_KeyWords_U9_英日_問題.pdf,グッド フォー ユー,,Good for you!,Good for you!,,よくやった。,表現,1,原本保持
704,ニューホライズン,NH,1,U9,Unit9 Winter,Vacation,Real Life English 5 旅先からの便り-絵はがき-,P111,111,111,11,2,47,ski,スキーをする,☆,1,,ski,スキーをする,スキーをする,ski,11.26NH1_KeyWords_U9_英日_問題.pdf,スキ,,ski,ski,,スキーをする,単語,0,原本保持
705,ニューホライズン,NH,1,U9,Unit9 Winter,Vacation,Real Life English 5 旅先からの便り-絵はがき-,P111,111,111,11,2,48,~time,"~回, ~度",,0,,~time,"~回, ~度","~回, ~度",~time,11.26NH1_KeyWords_U9_英日_問題.pdf,～ タイム,,~time,~time,,"~回, ~度",表現,0,原本保持
706,ニューホライズン,NH,1,U9,Unit9 Winter,Vacation,Real Life English 5 旅先からの便り-絵はがき-,P111,111,111,11,2,49,fall-fell,"転ぶ, 倒れる[原形-過去形]",☆,1,,fall-fell,"転ぶ, 倒れる[原形-過去形]","転ぶ, 倒れる[原形-過去形]",fall-fell,11.26NH1_KeyWords_U9_英日_問題.pdf,フォール・フェル,,fall-fell,fall-fell,,"転ぶ, 倒れる[原形-過去形]",単語,0,原本保持
707,ニューホライズン,NH,1,U9,Unit9 Winter,Vacation,Real Life English 5 旅先からの便り-絵はがき-,P111,111,111,11,2,50,snow,雪,,0,,snow,雪,雪,snow,11.26NH1_KeyWords_U9_英日_問題.pdf,スノ,,snow,snow,,雪,単語,0,原本保持
708,ニューホライズン,NH,1,U9,Unit9 Winter,Vacation,Real Life English 5 旅先からの便り-絵はがき-,P111,111,111,11,2,51,dear,親愛なる,☆,1,,dear,親愛なる,親愛なる,dear,11.26NH1_KeyWords_U9_英日_問題.pdf,ディー,,dear,dear,,親愛なる,単語,0,原本保持
709,ニューホライズン,NH,1,U9,Unit9 Winter,Vacation,Real Life English 5 旅先からの便り-絵はがき-,P111,111,111,11,2,52,Mt.,[山の名の前につけて]~山,,0,,Mt.,[山の名の前につけて]~山,[山の名の前につけて]~山,Mt.,11.26NH1_KeyWords_U9_英日_問題.pdf,マウント,,Mt.,Mt.,,[山の名の前につけて]~山,単語,0,原本保持
710,ニューホライズン,NH,1,U9,Unit9 Winter,Vacation,Real Life English 5 旅先からの便り-絵はがき-,P111,111,111,11,2,53,outside,"外で[に, へ]",☆,1,,outside,"外で[に, へ]","外で[に, へ]",outside,11.26NH1_KeyWords_U9_英日_問題.pdf,アウトサイド,,outside,outside,,"外で[に, へ]",単語,0,原本保持
711,ニューホライズン,NH,1,U9,Unit9 Winter,Vacation,Real Life English 5 旅先からの便り-絵はがき-,P111,111,111,11,2,54,"Love,",[手紙などの結びの言葉],,0,,"Love,",[手紙などの結びの言葉],[手紙などの結びの言葉],"Love,",11.26NH1_KeyWords_U9_英日_問題.pdf,ラブ,,"Love,","Love,",,[手紙などの結びの言葉],単語,0,原本保持
712,ニューホライズン,NH,1,U9,Unit9 Winter,Vacation,Real Life English 5 旅先からの便り-絵はがき-,P111,111,111,11,2,55,for the first time,はじめて,☆,1,,for the first time,はじめて,はじめて,for the first time,11.26NH1_KeyWords_U9_英日_問題.pdf,フォー ザ ファースト タイム,,for the first time,for the first time,,はじめて,複数語,1,原本保持
713,ニューホライズン,NH,1,U9,Unit9 Winter,Vacation,Real Life English 5 旅先からの便り-絵はがき-,P111,111,111,11,2,56,hotel,"ホテル, 旅館",,0,,hotel,"ホテル, 旅館","ホテル, 旅館",hotel,11.26NH1_KeyWords_U9_英日_問題.pdf,ホテル,,hotel,hotel,,"ホテル, 旅館",単語,0,原本保持
714,ニューホライズン,NH,1,U9,Unit9 Winter,Vacation,Real Life English 5 旅先からの便り-絵はがき-,P111,111,111,11,2,57,go ~ing,~しに行く,☆,1,,go ~ing,~しに行く,~しに行く,go ~ing,11.26NH1_KeyWords_U9_英日_問題.pdf,ゴウ ～イング,,go ~ing,go ~ing,,~しに行く,表現,1,原本保持
715,ニューホライズン,NH,1,U9,Unit9 Winter,Vacation,Real Life English 5 旅先からの便り-絵はがき-,P111,111,111,11,2,58,grandpa,おじいちゃん,,0,,grandpa,おじいちゃん,おじいちゃん,grandpa,11.26NH1_KeyWords_U9_英日_問題.pdf,グランドパ,,grandpa,grandpa,,おじいちゃん,単語,0,原本保持
716,ニューホライズン,NH,1,U9,Unit9 Winter,Vacation,Real Life English 5 旅先からの便り-絵はがき-,P111,111,111,11,2,59,fall down,倒れる,☆,1,,fall down,倒れる,倒れる,fall down,11.26NH1_KeyWords_U9_英日_問題.pdf,フォール ダウン,,fall down,fall down,,倒れる,複数語,1,原本保持
717,ニューホライズン,NH,1,U9,Unit9 Winter,Vacation,Real Life English 5 旅先からの便り-絵はがき-,P111,111,111,11,2,60,grandma,おばあちゃん,,0,,grandma,おばあちゃん,おばあちゃん,grandma,11.26NH1_KeyWords_U9_英日_問題.pdf,グランドマ,,grandma,grandma,,おばあちゃん,単語,0,原本保持
718,ニューホライズン,NH,1,U9,Unit9 Winter,Vacation,Real Life English 5 旅先からの便り-絵はがき-,P111,111,111,11,2,61,Take care of yourself.,お体にお気をつけて。,☆,1,,Take care of yourself.,お体にお気をつけて。,お体にお気をつけて。,Take care of yourself.,11.26NH1_KeyWords_U9_英日_問題.pdf,テイク ケア オブ ユアセルフ,,Take care of yourself.,Take care of yourself.,,お体にお気をつけて。,複数語,1,原本保持
719,ニューホライズン,NH,1,U9,Unit9 Winter,Vacation,Real Life English 5 旅先からの便り-絵はがき-,P111,111,111,11,2,62,How are you?,お元気ですか。,,0,,How are you?,お元気ですか。,お元気ですか。,How are you?,11.26NH1_KeyWords_U9_英日_問題.pdf,ハウ アー ユー,,How are you?,How are you?,,お元気ですか。,表現,1,原本保持
720,ニューホライズン,NH,1,U9,Unit9 Winter,Vacation,Real Life English 5 旅先からの便り-絵はがき-,P111,111,111,11,2,63,miss,~がいないのをさびしく思う,,0,,miss,~がいないのをさびしく思う,~がいないのをさびしく思う,miss,11.26NH1_KeyWords_U9_英日_問題.pdf,ミス,,miss,miss,,~がいないのをさびしく思う,単語,0,原本保持
721,ニューホライズン,NH,1,U10,Unit10,This Year's Memories,Unit10 Part1,P113～P115,113,115,12,1,1,was,"am, isの過去形",☆,1,,was,"am, isの過去形","am, isの過去形",was,12.26NH1_KeyWords_U10_英日_問題.pdf,ワズ,,was,was,,"am, isの過去形",単語,0,原本保持
722,ニューホライズン,NH,1,U10,Unit10,This Year's Memories,Unit10 Part1,P113～P115,113,115,12,1,2,best,"[good, well, very muchの最上級]最も(よく)",☆,1,,best,"[good, well, very muchの最上級]最も(よく)","[good, well, very muchの最上級]最も(よく)",best,12.26NH1_KeyWords_U10_英日_問題.pdf,ベスト,,best,best,,"[good, well, very muchの最上級]最も(よく)",単語,0,原本保持
723,ニューホライズン,NH,1,U10,Unit10,This Year's Memories,Unit10 Part1,P113～P115,113,115,12,1,3,were,areの過去形,☆,1,,were,areの過去形,areの過去形,were,12.26NH1_KeyWords_U10_英日_問題.pdf,ワー,,were,were,,areの過去形,単語,0,原本保持
724,ニューホライズン,NH,1,U10,Unit10,This Year's Memories,Unit10 Part1,P113～P115,113,115,12,1,4,like ~ing,~するのが好きである,☆,1,,like ~ing,~するのが好きである,~するのが好きである,like ~ing,12.26NH1_KeyWords_U10_英日_問題.pdf,ライク ～イング,,like ~ing,like ~ing,,~するのが好きである,表現,1,原本保持
725,ニューホライズン,NH,1,U10,Unit10,This Year's Memories,Unit10 Part1,P113～P115,113,115,12,1,5,wasn't,was notの短縮形,☆,1,,wasn't,was notの短縮形,was notの短縮形,wasn't,12.26NH1_KeyWords_U10_英日_問題.pdf,ワズント,,wasn't,wasn't,,was notの短縮形,短縮形,0,原本保持
726,ニューホライズン,NH,1,U10,Unit10,This Year's Memories,Unit10 Part1,P113～P115,113,115,12,1,6,realize,~だと気づく,,0,,realize,~だと気づく,~だと気づく,realize,12.26NH1_KeyWords_U10_英日_問題.pdf,リアライズ,,realize,realize,,~だと気づく,単語,0,原本保持
727,ニューホライズン,NH,1,U10,Unit10,This Year's Memories,Unit10 Part1,P113～P115,113,115,12,1,7,weren't,were notの短縮形,☆,1,,weren't,were notの短縮形,were notの短縮形,weren't,12.26NH1_KeyWords_U10_英日_問題.pdf,ワーント,,weren't,weren't,,were notの短縮形,短縮形,0,原本保持
728,ニューホライズン,NH,1,U10,Unit10,This Year's Memories,Unit10 Part1,P113～P115,113,115,12,1,8,place,"順位, 立場",,0,,place,"順位, 立場","順位, 立場",place,12.26NH1_KeyWords_U10_英日_問題.pdf,プレイス,,place,place,,"順位, 立場",単語,0,原本保持
729,ニューホライズン,NH,1,U10,Unit10,This Year's Memories,Unit10 Part1,P113～P115,113,115,12,1,9,win-won,~を勝ち取る[原形-過去形],☆,1,,win-won,~を勝ち取る[原形-過去形],~を勝ち取る[原形-過去形],win-won,12.26NH1_KeyWords_U10_英日_問題.pdf,ウィン・ワン,,win-won,win-won,,~を勝ち取る[原形-過去形],単語,0,原本保持
730,ニューホライズン,NH,1,U10,Unit10,This Year's Memories,Unit10 Part1,P113～P115,113,115,12,1,10,memory,思い出,,0,,memory,思い出,思い出,memory,12.26NH1_KeyWords_U10_英日_問題.pdf,メマーイー,,memory,memory,,思い出,単語,0,原本保持
731,ニューホライズン,NH,1,U10,Unit10,This Year's Memories,Unit10 Part1,P113～P115,113,115,12,1,11,make-made,"~をする, 行う[原形-過去形]",☆,1,,make-made,"~をする, 行う[原形-過去形]","~をする, 行う[原形-過去形]",make-made,12.26NH1_KeyWords_U10_英日_問題.pdf,メイク・メイド,,make-made,make-made,,"~をする, 行う[原形-過去形]",単語,0,原本保持
732,ニューホライズン,NH,1,U10,Unit10,This Year's Memories,Unit10 Part1,P113～P115,113,115,12,1,12,bored,"退屈した, うんざりした",,0,,bored,"退屈した, うんざりした","退屈した, うんざりした",bored,12.26NH1_KeyWords_U10_英日_問題.pdf,ボード,,bored,bored,,"退屈した, うんざりした",単語,0,原本保持
733,ニューホライズン,NH,1,U10,Unit10,This Year's Memories,Unit10 Part1,P113～P115,113,115,12,1,13,at first,"最初は, はじめのうちは",☆,1,,at first,"最初は, はじめのうちは","最初は, はじめのうちは",at first,12.26NH1_KeyWords_U10_英日_問題.pdf,アット ファースト,,at first,at first,,"最初は, はじめのうちは",複数語,1,原本保持
734,ニューホライズン,NH,1,U10,Unit10,This Year's Memories,Unit10 Part1,P113～P115,113,115,12,1,14,anyway,"とにかく, それでも",,0,,anyway,"とにかく, それでも","とにかく, それでも",anyway,12.26NH1_KeyWords_U10_英日_問題.pdf,エニウェイ,,anyway,anyway,,"とにかく, それでも",単語,0,原本保持
735,ニューホライズン,NH,1,U10,Unit10,This Year's Memories,Unit10 Part1,P113～P115,113,115,12,1,15,remember,"(~を)思い出す, 覚えている",☆,1,,remember,"(~を)思い出す, 覚えている","(~を)思い出す, 覚えている",remember,12.26NH1_KeyWords_U10_英日_問題.pdf,リメンバー,,remember,remember,,"(~を)思い出す, 覚えている",単語,0,原本保持
736,ニューホライズン,NH,1,U10,Unit10,This Year's Memories,Unit10 Part1,P113～P115,113,115,12,1,16,can,~することがあり得る,,0,,can,~することがあり得る,~することがあり得る,can,12.26NH1_KeyWords_U10_英日_問題.pdf,キャン,,can,can,,~することがあり得る,単語,0,原本保持
737,ニューホライズン,NH,1,U10,Unit10,This Year's Memories,Unit10 Part1,P113～P115,113,115,12,1,17,practice,練習,☆,1,,practice,練習,練習,practice,12.26NH1_KeyWords_U10_英日_問題.pdf,プラクティス,,practice,practice,,練習,単語,0,原本保持
738,ニューホライズン,NH,1,U10,Unit10,This Year's Memories,Unit10 Part1,P113～P115,113,115,12,1,18,anyone,[肯定文で]だれでも,,0,,anyone,[肯定文で]だれでも,[肯定文で]だれでも,anyone,12.26NH1_KeyWords_U10_英日_問題.pdf,エニワン,,anyone,anyone,,[肯定文で]だれでも,単語,0,原本保持
739,ニューホライズン,NH,1,U10,Unit10,This Year's Memories,Unit10 Part1,P113～P115,113,115,12,1,19,mistake,"誤り, まちがい",☆,1,,mistake,"誤り, まちがい","誤り, まちがい",mistake,12.26NH1_KeyWords_U10_英日_問題.pdf,ミステイク,,mistake,mistake,,"誤り, まちがい",単語,0,原本保持
740,ニューホライズン,NH,1,U10,Unit10,This Year's Memories,Unit10 Part1,P113～P115,113,115,12,1,20,moral education,道徳,,0,,moral education,道徳,道徳,moral education,12.26NH1_KeyWords_U10_英日_問題.pdf,モラル エジャケイシャン,,moral education,moral education,,道徳,複数語,1,原本保持
741,ニューホライズン,NH,1,U10,Unit10,This Year's Memories,Unit10 Part2,"P116,P117",116,117,12,1,21,show,"~を見せる, 示す",☆,1,,show,"~を見せる, 示す","~を見せる, 示す",show,12.26NH1_KeyWords_U10_英日_問題.pdf,ショウ,,show,show,,"~を見せる, 示す",単語,0,原本保持
742,ニューホライズン,NH,1,U10,Unit10,This Year's Memories,Unit10 Part2,"P116,P117",116,117,12,1,22,fast,速く,☆,1,,fast,速く,速く,fast,12.26NH1_KeyWords_U10_英日_問題.pdf,ファスト,,fast,fast,,速く,単語,0,原本保持
743,ニューホライズン,NH,1,U10,Unit10,This Year's Memories,Unit10 Part2,"P116,P117",116,117,12,1,23,way,"道, 道筋",☆,1,,way,"道, 道筋","道, 道筋",way,12.26NH1_KeyWords_U10_英日_問題.pdf,ウェイ,,way,way,,"道, 道筋",単語,0,原本保持
744,ニューホライズン,NH,1,U10,Unit10,This Year's Memories,Unit10 Part2,"P116,P117",116,117,12,1,24,on my way to ~,~へ行く途中で,☆,1,,on my way to ~,~へ行く途中で,~へ行く途中で,on my way to ~,12.26NH1_KeyWords_U10_英日_問題.pdf,オン マイ ウェイ トゥ ～,,on my way to ~,on my way to ~,,~へ行く途中で,表現,1,原本保持
745,ニューホライズン,NH,1,U10,Unit10,This Year's Memories,Unit10 Part2,"P116,P117",116,117,12,1,25,these,これらの,☆,1,,these,これらの,これらの,these,12.26NH1_KeyWords_U10_英日_問題.pdf,ジーズ,,these,these,,これらの,単語,0,原本保持
746,ニューホライズン,NH,1,U10,Unit10,This Year's Memories,Unit10 Part2,"P116,P117",116,117,12,1,26,bring back ~,~を思い出させる,☆,1,,bring back ~,~を思い出させる,~を思い出させる,bring back ~,12.26NH1_KeyWords_U10_英日_問題.pdf,ブリング バック ～,,bring back ~,bring back ~,,~を思い出させる,表現,1,原本保持
747,ニューホライズン,NH,1,U10,Unit10,This Year's Memories,Unit10 Part2,"P116,P117",116,117,12,1,27,each,"それぞれの, 各自の",☆,1,,each,"それぞれの, 各自の","それぞれの, 各自の",each,12.26NH1_KeyWords_U10_英日_問題.pdf,イーチ,,each,each,,"それぞれの, 各自の",単語,0,原本保持
748,ニューホライズン,NH,1,U10,Unit10,This Year's Memories,Unit10 Part2,"P116,P117",116,117,12,1,28,heart,"心臓, 心",,0,,heart,"心臓, 心","心臓, 心",heart,12.26NH1_KeyWords_U10_英日_問題.pdf,ハート,,heart,heart,,"心臓, 心",単語,0,原本保持
749,ニューホライズン,NH,1,U10,Unit10,This Year's Memories,Unit10 Part2,"P116,P117",116,117,12,1,29,then,そのとき(に),☆,1,,then,そのとき(に),そのとき(に),then,12.26NH1_KeyWords_U10_英日_問題.pdf,ゼン,,then,then,,そのとき(に),単語,0,原本保持
750,ニューホライズン,NH,1,U10,Unit10,This Year's Memories,Unit10 Part2,"P116,P117",116,117,12,1,30,break,休憩,,0,,break,休憩,休憩,break,12.26NH1_KeyWords_U10_英日_問題.pdf,ブレイク,,break,break,,休憩,単語,0,原本保持
751,ニューホライズン,NH,1,U10,Unit10,This Year's Memories,Unit10 Read and Think,"P118,P119",118,119,12,1,31,there is[are]~,~がある[いる],☆,1,,there is[are]~,~がある[いる],~がある[いる],there is[are]~,12.26NH1_KeyWords_U10_英日_問題.pdf,ゼア イズ（アー） ～,,there is[are]~,there is[are]~,,~がある[いる],表現,1,原本保持
752,ニューホライズン,NH,1,U10,Unit10,This Year's Memories,Unit10 Read and Think,"P118,P119",118,119,12,1,32,event,"出来事, 行事",,0,,event,"出来事, 行事","出来事, 行事",event,12.26NH1_KeyWords_U10_英日_問題.pdf,イヴェント,,event,event,,"出来事, 行事",単語,0,原本保持
753,ニューホライズン,NH,1,U10,Unit10,This Year's Memories,Unit10 Read and Think,"P118,P119",118,119,12,1,33,trip,旅行,☆,1,,trip,旅行,旅行,trip,12.26NH1_KeyWords_U10_英日_問題.pdf,トリップ,,trip,trip,,旅行,単語,0,原本保持
754,ニューホライズン,NH,1,U10,Unit10,This Year's Memories,Unit10 Read and Think,"P118,P119",118,119,12,1,34,camping,キャンプ,,0,,camping,キャンプ,キャンプ,camping,12.26NH1_KeyWords_U10_英日_問題.pdf,カムピング,,camping,camping,,キャンプ,単語,0,原本保持
755,ニューホライズン,NH,1,U10,Unit10,This Year's Memories,Unit10 Read and Think,"P118,P119",118,119,12,1,35,night,"夜, 晩",☆,1,,night,"夜, 晩","夜, 晩",night,12.26NH1_KeyWords_U10_英日_問題.pdf,ナイト,,night,night,,"夜, 晩",単語,0,原本保持
756,ニューホライズン,NH,1,U10,Unit10,This Year's Memories,Unit10 Read and Think,"P118,P119",118,119,12,1,36,main,"主な, 主要な",,0,,main,"主な, 主要な","主な, 主要な",main,12.26NH1_KeyWords_U10_英日_問題.pdf,メイン,,main,main,,"主な, 主要な",単語,0,原本保持
757,ニューホライズン,NH,1,U10,Unit10,This Year's Memories,Unit10 Read and Think,"P118,P119",118,119,12,1,37,a lot,"たいへん, とても",☆,1,,a lot,"たいへん, とても","たいへん, とても",a lot,12.26NH1_KeyWords_U10_英日_問題.pdf,ア ラト,,a lot,a lot,,"たいへん, とても",複数語,1,原本保持
758,ニューホライズン,NH,1,U10,Unit10,This Year's Memories,Unit10 Read and Think,"P118,P119",118,119,12,1,38,there's,there isの短縮形,,0,,there's,there isの短縮形,there isの短縮形,there's,12.26NH1_KeyWords_U10_英日_問題.pdf,ゼア,,there's,there's,,there isの短縮形,短縮形,0,原本保持
759,ニューホライズン,NH,1,U10,Unit10,This Year's Memories,Unit10 Read and Think,"P118,P119",118,119,12,1,39,set-set,~を置く[原形-過去形],,0,,set-set,~を置く[原形-過去形],~を置く[原形-過去形],set-set,12.26NH1_KeyWords_U10_英日_問題.pdf,セット・セット,,set-set,set-set,,~を置く[原形-過去形],単語,0,原本保持
760,ニューホライズン,NH,1,U10,Unit10,This Year's Memories,Unit10 Read and Think,"P118,P119",118,119,12,1,40,set up ~,~を建てる,,0,,set up ~,~を建てる,~を建てる,set up ~,12.26NH1_KeyWords_U10_英日_問題.pdf,セット アップ ～,,set up ~,set up ~,,~を建てる,表現,1,原本保持
761,ニューホライズン,NH,1,U10,Unit10,This Year's Memories,Unit10 Read and Think,"P118,P119",118,119,12,1,41,tent,テント,,0,,tent,テント,テント,tent,12.26NH1_KeyWords_U10_英日_問題.pdf,テント,,tent,tent,,テント,単語,0,原本保持
762,ニューホライズン,NH,1,U10,Unit10,This Year's Memories,Unit10 Read and Think,"P118,P119",118,119,12,1,42,hot spring,温泉,,0,,hot spring,温泉,温泉,hot spring,12.26NH1_KeyWords_U10_英日_問題.pdf,ホット スプリング,,hot spring,hot spring,,温泉,複数語,1,原本保持
763,ニューホライズン,NH,1,U10,Unit10,This Year's Memories,Unit10 教科書本文,P114～P119,114,119,12,1,43,chorus contest,合唱コンクール,,0,,chorus contest,合唱コンクール,合唱コンクール,chorus contest,12.26NH1_KeyWords_U10_英日_問題.pdf,コラス カンテスト,,chorus contest,chorus contest,,合唱コンクール,複数語,1,原本保持
764,ニューホライズン,NH,1,U10,Unit10,This Year's Memories,Unit10 教科書本文,P114～P119,114,119,12,1,44,campfire,キャンプファイア,,0,,campfire,キャンプファイア,キャンプファイア,campfire,12.26NH1_KeyWords_U10_英日_問題.pdf,カムプファイアー,,campfire,campfire,,キャンプファイア,単語,0,原本保持
765,ニューホライズン,NH,1,U10,Unit10,This Year's Memories,Unit10 教科書本文,P114～P119,114,119,12,1,45,hey,"やあ, おい, ちょっと",,0,,hey,"やあ, おい, ちょっと","やあ, おい, ちょっと",hey,12.26NH1_KeyWords_U10_英日_問題.pdf,ヘイ,,hey,hey,,"やあ, おい, ちょっと",単語,0,原本保持
766,ニューホライズン,NH,1,U10,Unit10,This Year's Memories,Unit10 教科書本文,P114～P119,114,119,12,1,46,beat,どきどきする,,0,,beat,どきどきする,どきどきする,beat,12.26NH1_KeyWords_U10_英日_問題.pdf,ビト,,beat,beat,,どきどきする,単語,0,原本保持
767,ニューホライズン,NH,1,U10,Unit10,This Year's Memories,Unit10 教科書本文,P114～P119,114,119,12,1,47,campground,キャンプ場,,0,,campground,キャンプ場,キャンプ場,campground,12.26NH1_KeyWords_U10_英日_問題.pdf,カムプグラウンド,,campground,campground,,キャンプ場,単語,0,原本保持
768,ニューホライズン,NH,1,U10,Unit10,This Year's Memories,Unit10 教科書本文,P114～P119,114,119,12,1,48,album,アルバム,,0,,album,アルバム,アルバム,album,12.26NH1_KeyWords_U10_英日_問題.pdf,アルバム,,album,album,,アルバム,単語,0,原本保持
769,ニューホライズン,NH,1,U10,Unit10 This,Year's Memories,Unit10 10-1～RT,P113～P119,113,119,12,2,49,realize,~だと気づく,☆,1,,realize,~だと気づく,~だと気づく,realize,12.26NH1_KeyWords_U10_英日_問題.pdf,リアライズ,,realize,realize,,~だと気づく,単語,0,原本保持
770,ニューホライズン,NH,1,U10,Unit10 This,Year's Memories,Unit10 10-1～RT,P113～P119,113,119,12,2,50,break,休憩,☆,1,,break,休憩,休憩,break,12.26NH1_KeyWords_U10_英日_問題.pdf,ブレイク,,break,break,,休憩,単語,0,原本保持
771,ニューホライズン,NH,1,U10,Unit10 This,Year's Memories,Unit10 10-1～RT,P113～P119,113,119,12,2,51,memory,思い出,☆,1,,memory,思い出,思い出,memory,12.26NH1_KeyWords_U10_英日_問題.pdf,メマーイー,,memory,memory,,思い出,単語,0,原本保持
772,ニューホライズン,NH,1,U10,Unit10 This,Year's Memories,Unit10 10-1～RT,P113～P119,113,119,12,2,52,event,"出来事, 行事",☆,1,,event,"出来事, 行事","出来事, 行事",event,12.26NH1_KeyWords_U10_英日_問題.pdf,イヴェント,,event,event,,"出来事, 行事",単語,0,原本保持
773,ニューホライズン,NH,1,U10,Unit10 This,Year's Memories,Unit10 10-1～RT,P113～P119,113,119,12,2,53,bored,"退屈した, うんざりした",☆,1,,bored,"退屈した, うんざりした","退屈した, うんざりした",bored,12.26NH1_KeyWords_U10_英日_問題.pdf,ボード,,bored,bored,,"退屈した, うんざりした",単語,0,原本保持
774,ニューホライズン,NH,1,U10,Unit10 This,Year's Memories,Unit10 10-1～RT,P113～P119,113,119,12,2,54,main,"主な, 主要な",☆,1,,main,"主な, 主要な","主な, 主要な",main,12.26NH1_KeyWords_U10_英日_問題.pdf,メイン,,main,main,,"主な, 主要な",単語,0,原本保持
775,ニューホライズン,NH,1,U10,Unit10 This,Year's Memories,Unit10 10-1～RT,P113～P119,113,119,12,2,55,heart,"心臓, 心",☆,1,,heart,"心臓, 心","心臓, 心",heart,12.26NH1_KeyWords_U10_英日_問題.pdf,ハート,,heart,heart,,"心臓, 心",単語,0,原本保持
776,ニューホライズン,NH,1,U10,Unit10 This,Year's Memories,Real Life English 6 病院にて-症状や出来事を伝える-,P121,121,121,12,2,56,doctor,医者,☆,1,,doctor,医者,医者,doctor,12.26NH1_KeyWords_U10_英日_問題.pdf,ダクター,,doctor,doctor,,医者,単語,0,原本保持
777,ニューホライズン,NH,1,U10,Unit10 This,Year's Memories,Real Life English 6 病院にて-症状や出来事を伝える-,P121,121,121,12,2,57,headache,頭痛,,0,,headache,頭痛,頭痛,headache,12.26NH1_KeyWords_U10_英日_問題.pdf,ヘデイク,,headache,headache,,頭痛,単語,0,原本保持
778,ニューホライズン,NH,1,U10,Unit10 This,Year's Memories,Real Life English 6 病院にて-症状や出来事を伝える-,P121,121,121,12,2,58,before ~,~の前に[の],☆,1,,before ~,~の前に[の],~の前に[の],before ~,12.26NH1_KeyWords_U10_英日_問題.pdf,ビフォー ～,,before ~,before ~,,~の前に[の],表現,1,原本保持
779,ニューホライズン,NH,1,U10,Unit10 This,Year's Memories,Real Life English 6 病院にて-症状や出来事を伝える-,P121,121,121,12,2,59,rest,休息,,0,,rest,休息,休息,rest,12.26NH1_KeyWords_U10_英日_問題.pdf,レスト,,rest,rest,,休息,単語,0,原本保持
780,ニューホライズン,NH,1,U10,Unit10 This,Year's Memories,Real Life English 6 病院にて-症状や出来事を伝える-,P121,121,121,12,2,60,What's wrong?,どうかしたのですか。,☆,1,,What's wrong?,どうかしたのですか。,どうかしたのですか。,What's wrong?,12.26NH1_KeyWords_U10_英日_問題.pdf,ワット ロング,,What's wrong?,What's wrong?,,どうかしたのですか。,表現,1,原本保持
781,ニューホライズン,NH,1,U10,Unit10 This,Year's Memories,Real Life English 6 病院にて-症状や出来事を伝える-,P121,121,121,12,2,61,medicine,薬,,0,,medicine,薬,薬,medicine,12.26NH1_KeyWords_U10_英日_問題.pdf,メダサン,,medicine,medicine,,薬,単語,0,原本保持
782,ニューホライズン,NH,1,U10,Unit10 This,Year's Memories,Real Life English 6 病院にて-症状や出来事を伝える-,P121,121,121,12,2,62,wrong,ぐあいが悪い,,0,,wrong,ぐあいが悪い,ぐあいが悪い,wrong,12.26NH1_KeyWords_U10_英日_問題.pdf,ロング,,wrong,wrong,,ぐあいが悪い,単語,0,原本保持
783,ニューホライズン,NH,1,U10,Unit10 This,Year's Memories,Real Life English 6 病院にて-症状や出来事を伝える-,P121,121,121,12,2,63,fever,熱,,0,,fever,熱,熱,fever,12.26NH1_KeyWords_U10_英日_問題.pdf,フィヴァー,,fever,fever,,熱,単語,0,原本保持
784,ニューホライズン,NH,1,U10,Unit10 This,Year's Memories,Real Life English 6 病院にて-症状や出来事を伝える-,P121,121,121,12,2,64,toothache,歯痛,,0,,toothache,歯痛,歯痛,toothache,12.26NH1_KeyWords_U10_英日_問題.pdf,トゥースエイク,,toothache,toothache,,歯痛,単語,0,原本保持
785,ニューホライズン,NH,1,U10,Unit10 This,Year's Memories,Real Life English 6 病院にて-症状や出来事を伝える-,P121,121,121,12,2,65,mild,穏やかな,,0,,mild,穏やかな,穏やかな,mild,12.26NH1_KeyWords_U10_英日_問題.pdf,マイルド,,mild,mild,,穏やかな,単語,0,原本保持
786,ニューホライズン,NH,1,U10,Unit10 This,Year's Memories,Real Life English 6 病院にて-症状や出来事を伝える-,P121,121,121,12,2,66,stomachache,"胃痛, 腹痛",,0,,stomachache,"胃痛, 腹痛","胃痛, 腹痛",stomachache,12.26NH1_KeyWords_U10_英日_問題.pdf,ストマックエイク,,stomachache,stomachache,,"胃痛, 腹痛",単語,0,原本保持
787,ニューホライズン,NH,1,U10,Unit10 This,Year's Memories,Real Life English 6 病院にて-症状や出来事を伝える-,P121,121,121,12,2,67,take a rest,ひと休みする,,0,,take a rest,ひと休みする,ひと休みする,take a rest,12.26NH1_KeyWords_U10_英日_問題.pdf,テイク ア レスト,,take a rest,take a rest,,ひと休みする,複数語,1,原本保持
788,ニューホライズン,NH,1,U10,Unit10 This,Year's Memories,Stage Activity 3 My Favorite Event This Year,"P124,P125",124,125,12,2,68,run-ran,走る[原形-過去形],☆,1,,run-ran,走る[原形-過去形],走る[原形-過去形],run-ran,12.26NH1_KeyWords_U10_英日_問題.pdf,ラン・ラン,,run-ran,run-ran,,走る[原形-過去形],単語,0,原本保持
789,ニューホライズン,NH,1,U10,Unit10 This,Year's Memories,Stage Activity 3 My Favorite Event This Year,"P124,P125",124,125,12,2,69,runner,走者,,0,,runner,走者,走者,runner,12.26NH1_KeyWords_U10_英日_問題.pdf,ラナー,,runner,runner,,走者,単語,0,原本保持
790,ニューホライズン,NH,1,U10,Unit10 This,Year's Memories,Stage Activity 3 My Favorite Event This Year,"P124,P125",124,125,12,2,70,another,ほかの,☆,1,,another,ほかの,ほかの,another,12.26NH1_KeyWords_U10_英日_問題.pdf,アナザー,,another,another,,ほかの,単語,0,原本保持
791,ニューホライズン,NH,1,U10,Unit10 This,Year's Memories,Stage Activity 3 My Favorite Event This Year,"P124,P125",124,125,12,2,71,relay,リレー競走,,0,,relay,リレー競走,リレー競走,relay,12.26NH1_KeyWords_U10_英日_問題.pdf,リレイ,,relay,relay,,リレー競走,単語,0,原本保持
792,ニューホライズン,NH,1,U10,Unit10 This,Year's Memories,Stage Activity 3 My Favorite Event This Year,"P124,P125",124,125,12,2,72,just,ちょうど,☆,1,,just,ちょうど,ちょうど,just,12.26NH1_KeyWords_U10_英日_問題.pdf,ジャスト,,just,just,,ちょうど,単語,0,原本保持
793,ニューホライズン,NH,1,U10,Unit10 This,Year's Memories,Stage Activity 3 My Favorite Event This Year,"P124,P125",124,125,12,2,73,behind ~,~の後ろに[の],,0,,behind ~,~の後ろに[の],~の後ろに[の],behind ~,12.26NH1_KeyWords_U10_英日_問題.pdf,ビハインド ～,,behind ~,behind ~,,~の後ろに[の],表現,1,原本保持
794,ニューホライズン,NH,1,U10,Unit10 This,Year's Memories,Stage Activity 3 My Favorite Event This Year,"P124,P125",124,125,12,2,74,sports day,運動会,☆,1,,sports day,運動会,運動会,sports day,12.26NH1_KeyWords_U10_英日_問題.pdf,スポートス デイ,,sports day,sports day,,運動会,複数語,1,原本保持
795,ニューホライズン,NH,1,U10,Unit10 This,Year's Memories,Stage Activity 3 My Favorite Event This Year,"P124,P125",124,125,12,2,75,A and A,ますますA,,0,,A and A,ますますA,ますますA,A and A,12.26NH1_KeyWords_U10_英日_問題.pdf,ア アンド ア,,A and A,A and A,,ますますA,複数語,1,原本保持
796,ニューホライズン,NH,1,LR,"Gon,",the Fox Let's Read,Let's Read 教科書本文,P126～P128,126,128,13,1,1,think-thought,~だと思う[原形-過去形],☆,1,,think-thought,~だと思う[原形-過去形],~だと思う[原形-過去形],think-thought,13.26NH1_KeyWords_LR_英日_問題.pdf,シンク・ソット,,think-thought,think-thought,,~だと思う[原形-過去形],単語,0,原本保持
797,ニューホライズン,NH,1,LR,"Gon,",the Fox Let's Read,Let's Read 教科書本文,P126～P128,126,128,13,1,2,floor,床,,0,,floor,床,床,floor,13.26NH1_KeyWords_LR_英日_問題.pdf,フロー,,floor,floor,,床,単語,0,原本保持
798,ニューホライズン,NH,1,LR,"Gon,",the Fox Let's Read,Let's Read 教科書本文,P126～P128,126,128,13,1,3,receive,~を受け取る,,0,,receive,~を受け取る,~を受け取る,receive,13.26NH1_KeyWords_LR_英日_問題.pdf,ラシヴ,,receive,receive,,~を受け取る,単語,0,原本保持
799,ニューホライズン,NH,1,LR,"Gon,",the Fox Let's Read,Let's Read 教科書本文,P126～P128,126,128,13,1,4,door,"ドア, 戸",,0,,door,"ドア, 戸","ドア, 戸",door,13.26NH1_KeyWords_LR_英日_問題.pdf,ドー,,door,door,,"ドア, 戸",単語,0,原本保持
800,ニューホライズン,NH,1,LR,"Gon,",the Fox Let's Read,Let's Read 教科書本文,P126～P128,126,128,13,1,5,leave-left,~を置いていく[原形-過去形],,0,,leave-left,~を置いていく[原形-過去形],~を置いていく[原形-過去形],leave-left,13.26NH1_KeyWords_LR_英日_問題.pdf,リーブ・レフト,,leave-left,leave-left,,~を置いていく[原形-過去形],単語,0,原本保持
801,ニューホライズン,NH,1,LR,"Gon,",the Fox Let's Read,Let's Read 教科書本文,P126～P128,126,128,13,1,6,chestnut,クリ,,0,,chestnut,クリ,クリ,chestnut,13.26NH1_KeyWords_LR_英日_問題.pdf,チェスナット,,chestnut,chestnut,,クリ,単語,0,原本保持
802,ニューホライズン,NH,1,LR,"Gon,",the Fox Let's Read,Let's Read 教科書本文,P126～P128,126,128,13,1,7,hear-heard,~が聞こえる[原形-過去形],,0,,hear-heard,~が聞こえる[原形-過去形],~が聞こえる[原形-過去形],hear-heard,13.26NH1_KeyWords_LR_英日_問題.pdf,ヒア・ハード,,hear-heard,hear-heard,,~が聞こえる[原形-過去形],単語,0,原本保持
803,ニューホライズン,NH,1,LR,"Gon,",the Fox Let's Read,Let's Read 教科書本文,P126～P128,126,128,13,1,8,cart,"カート, 手押し車",,0,,cart,"カート, 手押し車","カート, 手押し車",cart,13.26NH1_KeyWords_LR_英日_問題.pdf,カート,,cart,cart,,"カート, 手押し車",単語,0,原本保持
804,ニューホライズン,NH,1,LR,"Gon,",the Fox Let's Read,Let's Read 教科書本文,P126～P128,126,128,13,1,9,bring-brought,"持ってくる, 連れてくる[原形-過去形]",,0,,bring-brought,"持ってくる, 連れてくる[原形-過去形]","持ってくる, 連れてくる[原形-過去形]",bring-brought,13.26NH1_KeyWords_LR_英日_問題.pdf,ブリング・ブロット,,bring-brought,bring-brought,,"持ってくる, 連れてくる[原形-過去形]",単語,0,原本保持
805,ニューホライズン,NH,1,LR,"Gon,",the Fox Let's Read,Let's Read 教科書本文,P126～P128,126,128,13,1,10,naughty,"いたずらな, わんぱくな",,0,,naughty,"いたずらな, わんぱくな","いたずらな, わんぱくな",naughty,13.26NH1_KeyWords_LR_英日_問題.pdf,ノティ,,naughty,naughty,,"いたずらな, わんぱくな",単語,0,原本保持
806,ニューホライズン,NH,1,LR,"Gon,",the Fox Let's Read,Let's Read 教科書本文,P126～P128,126,128,13,1,11,be full of ~,~でいっぱいである,,0,,be full of ~,~でいっぱいである,~でいっぱいである,be full of ~,13.26NH1_KeyWords_LR_英日_問題.pdf,ビー フル オブ ～,,be full of ~,be full of ~,,~でいっぱいである,表現,1,原本保持
807,ニューホライズン,NH,1,LR,"Gon,",the Fox Let's Read,Let's Read 教科書本文,P126～P128,126,128,13,1,12,little,"小さい, かわいい",,0,,little,"小さい, かわいい","小さい, かわいい",little,13.26NH1_KeyWords_LR_英日_問題.pdf,リットル,,little,little,,"小さい, かわいい",単語,0,原本保持
808,ニューホライズン,NH,1,LR,"Gon,",the Fox Let's Read,Let's Read 教科書本文,P126～P128,126,128,13,1,13,shout,(~と)叫ぶ,,0,,shout,(~と)叫ぶ,(~と)叫ぶ,shout,13.26NH1_KeyWords_LR_英日_問題.pdf,シャウト,,shout,shout,,(~と)叫ぶ,単語,0,原本保持
809,ニューホライズン,NH,1,LR,"Gon,",the Fox Let's Read,Let's Read 教科書本文,P126～P128,126,128,13,1,14,another,"ほかの, 別の",,0,,another,"ほかの, 別の","ほかの, 別の",another,13.26NH1_KeyWords_LR_英日_問題.pdf,アナザー,,another,another,,"ほかの, 別の",単語,0,原本保持
810,ニューホライズン,NH,1,LR,"Gon,",the Fox Let's Read,Let's Read 教科書本文,P126～P128,126,128,13,1,15,rise-rose,"のぼる, 上がる[原形-過去形]",,0,,rise-rose,"のぼる, 上がる[原形-過去形]","のぼる, 上がる[原形-過去形]",rise-rose,13.26NH1_KeyWords_LR_英日_問題.pdf,ライズ・ロズ,,rise-rose,rise-rose,,"のぼる, 上がる[原形-過去形]",単語,0,原本保持
811,ニューホライズン,NH,1,LR,"Gon,",the Fox Let's Read,Let's Read 教科書本文,P126～P128,126,128,13,1,16,alone,ひとりだけの,,0,,alone,ひとりだけの,ひとりだけの,alone,13.26NH1_KeyWords_LR_英日_問題.pdf,アロン,,alone,alone,,ひとりだけの,単語,0,原本保持
812,ニューホライズン,NH,1,LR,"Gon,",the Fox Let's Read,Let's Read 教科書本文,P126～P128,126,128,13,1,17,play,(いたずらなど)をする,,0,,play,(いたずらなど)をする,(いたずらなど)をする,play,13.26NH1_KeyWords_LR_英日_問題.pdf,プレイ,,play,play,,(いたずらなど)をする,単語,0,原本保持
813,ニューホライズン,NH,1,LR,"Gon,",the Fox Let's Read,Let's Read 教科書本文,P126～P128,126,128,13,1,18,later,"もっと遅く, あとで",,0,,later,"もっと遅く, あとで","もっと遅く, あとで",later,13.26NH1_KeyWords_LR_英日_問題.pdf,レイター,,later,later,,"もっと遅く, あとで",単語,0,原本保持
814,ニューホライズン,NH,1,LR,"Gon,",the Fox Let's Read,Let's Read 教科書本文,P126～P128,126,128,13,1,19,nod,うなずく,,0,,nod,うなずく,うなずく,nod,13.26NH1_KeyWords_LR_英日_問題.pdf,ナド,,nod,nod,,うなずく,単語,0,原本保持
815,ニューホライズン,NH,1,LR,"Gon,",the Fox Let's Read,Let's Read 教科書本文,P126～P128,126,128,13,1,20,through ~,~を通り抜けて,,0,,through ~,~を通り抜けて,~を通り抜けて,through ~,13.26NH1_KeyWords_LR_英日_問題.pdf,スルー ～,,through ~,through ~,,~を通り抜けて,表現,1,原本保持
816,ニューホライズン,NH,1,LR,"Gon,",the Fox Let's Read,Let's Read 教科書本文,P126～P128,126,128,13,1,21,let-let,~の状態にさせる[原形-過去形],,0,,let-let,~の状態にさせる[原形-過去形],~の状態にさせる[原形-過去形],let-let,13.26NH1_KeyWords_LR_英日_問題.pdf,レット・レット,,let-let,let-let,,~の状態にさせる[原形-過去形],単語,0,原本保持
817,ニューホライズン,NH,1,LR,"Gon,",the Fox Let's Read,Let's Read 教科書本文,P126～P128,126,128,13,1,22,into ~,~の中へ[に],,0,,into ~,~の中へ[に],~の中へ[に],into ~,13.26NH1_KeyWords_LR_英日_問題.pdf,イントゥ ～,,into ~,into ~,,~の中へ[に],表現,1,原本保持
818,ニューホライズン,NH,1,LR,"Gon,",the Fox Let's Read,Let's Read 教科書本文,P126～P128,126,128,13,1,23,escape,(~から)逃げる,,0,,escape,(~から)逃げる,(~から)逃げる,escape,13.26NH1_KeyWords_LR_英日_問題.pdf,イスケイプ,,escape,escape,,(~から)逃げる,単語,0,原本保持
819,ニューホライズン,NH,1,LR,"Gon,",the Fox Let's Read,Let's Read 教科書本文,P126～P128,126,128,13,1,24,something,"何か, あるもの",,0,,something,"何か, あるもの","何か, あるもの",something,13.26NH1_KeyWords_LR_英日_問題.pdf,サムシング,,something,something,,"何か, あるもの",単語,0,原本保持
820,ニューホライズン,NH,1,LR,"Gon,",the Fox Let's Read,Let's Read 教科書本文,P126～P128,126,128,13,1,25,die,死ぬ,,0,,die,死ぬ,死ぬ,die,13.26NH1_KeyWords_LR_英日_問題.pdf,ダイ,,die,die,,死ぬ,単語,0,原本保持
821,ニューホライズン,NH,1,LR,"Gon,",the Fox Let's Read,Let's Read 教科書本文,P126～P128,126,128,13,1,26,someone,"だれか, ある人",,0,,someone,"だれか, ある人","だれか, ある人",someone,13.26NH1_KeyWords_LR_英日_問題.pdf,サムワン,,someone,someone,,"だれか, ある人",単語,0,原本保持
822,ニューホライズン,NH,1,LR,"Gon,",the Fox Let's Read,Let's Read 教科書本文,P126～P128,126,128,13,1,27,creep-crept,はう[原形-過去形],,0,,creep-crept,はう[原形-過去形],はう[原形-過去形],creep-crept,13.26NH1_KeyWords_LR_英日_問題.pdf,クリプ・クレップト,,creep-crept,creep-crept,,はう[原形-過去形],単語,0,原本保持
823,ニューホライズン,NH,1,LR,"Gon,",the Fox Let's Read,Let's Read 教科書本文,P126～P128,126,128,13,1,28,himself,彼自身を[に],,0,,himself,彼自身を[に],彼自身を[に],himself,13.26NH1_KeyWords_LR_英日_問題.pdf,ヒムセルフ,,himself,himself,,彼自身を[に],単語,0,原本保持
824,ニューホライズン,NH,1,LR,"Gon,",the Fox Let's Read,Let's Read 教科書本文,P126～P128,126,128,13,1,29,thing,"もの, こと",,0,,thing,"もの, こと","もの, こと",thing,13.26NH1_KeyWords_LR_英日_問題.pdf,シング,,thing,thing,,"もの, こと",単語,0,原本保持
825,ニューホライズン,NH,1,LR,"Gon,",the Fox Let's Read,Let's Read 教科書本文,P126～P128,126,128,13,1,30,say to myself,ひとり言を言う,,0,,say to myself,ひとり言を言う,ひとり言を言う,say to myself,13.26NH1_KeyWords_LR_英日_問題.pdf,セイ トゥ マイセルフ,,say to myself,say to myself,,ひとり言を言う,複数語,1,原本保持
826,ニューホライズン,NH,1,LR,"Gon,",the Fox Let's Read,Let's Read 教科書本文,P126～P128,126,128,13,1,31,neighbor,"近所の人, 隣人",,0,,neighbor,"近所の人, 隣人","近所の人, 隣人",neighbor,13.26NH1_KeyWords_LR_英日_問題.pdf,ネイバー,,neighbor,neighbor,,"近所の人, 隣人",単語,0,原本保持
827,ニューホライズン,NH,1,LR,"Gon,",the Fox Let's Read,Let's Read 教科書本文,P126～P128,126,128,13,1,32,out of ~,~から(外へ),,0,,out of ~,~から(外へ),~から(外へ),out of ~,13.26NH1_KeyWords_LR_英日_問題.pdf,アウト オブ ～,,out of ~,out of ~,,~から(外へ),表現,1,原本保持
828,ニューホライズン,NH,1,LR,"Gon,",the Fox Let's Read,Let's Read 教科書本文,P126～P128,126,128,13,1,33,vendor,行商人,,0,,vendor,行商人,行商人,vendor,13.26NH1_KeyWords_LR_英日_問題.pdf,ヴェンダー,,vendor,vendor,,行商人,単語,0,原本保持
829,ニューホライズン,NH,1,LR,"Gon,",the Fox Let's Read,Let's Read 教科書本文,P126～P128,126,128,13,1,34,one day,ある日,,0,,one day,ある日,ある日,one day,13.26NH1_KeyWords_LR_英日_問題.pdf,ワン デイ,,one day,one day,,ある日,複数語,1,原本保持
830,ニューホライズン,NH,1,LR,"Gon,",the Fox Let's Read,Let's Read 教科書本文,P126～P128,126,128,13,1,35,ground,"地面, 土地",,0,,ground,"地面, 土地","地面, 土地",ground,13.26NH1_KeyWords_LR_英日_問題.pdf,グラウンド,,ground,ground,,"地面, 土地",単語,0,原本保持
831,ニューホライズン,NH,1,LR,"Gon,",the Fox Let's Read,Let's Read 教科書本文,P126～P128,126,128,13,1,36,look up,視線を上げる,,0,,look up,視線を上げる,視線を上げる,look up,13.26NH1_KeyWords_LR_英日_問題.pdf,ルック アップ,,look up,look up,,視線を上げる,複数語,1,原本保持
832,ニューホライズン,NH,1,LR,"Gon,",the Fox Let's Read,Let's Read 教科書本文,P126～P128,126,128,13,1,37,god,神,,0,,god,神,神,god,13.26NH1_KeyWords_LR_英日_問題.pdf,ガド,,god,god,,神,単語,0,原本保持
833,ニューホライズン,NH,2,[1年生]U10,[1年生],Unit10 This Year's Memories,Unit10 Part1,P113～P115,113,115,1,1,1,was,"am, isの過去形",☆,1,,was,"am, isの過去形","am, isの過去形",was,01.26NH2_KeyWords_[1年生]U10_英日_問題.pdf,ワズ,,was,was,,"am, isの過去形",単語,0,原本保持
834,ニューホライズン,NH,2,[1年生]U10,[1年生],Unit10 This Year's Memories,Unit10 Part1,P113～P115,113,115,1,1,2,best,"[good, well, very muchの最上級]最も(よく)",☆,1,,best,"[good, well, very muchの最上級]最も(よく)","[good, well, very muchの最上級]最も(よく)",best,01.26NH2_KeyWords_[1年生]U10_英日_問題.pdf,ベスト,,best,best,,"[good, well, very muchの最上級]最も(よく)",単語,0,原本保持
835,ニューホライズン,NH,2,[1年生]U10,[1年生],Unit10 This Year's Memories,Unit10 Part1,P113～P115,113,115,1,1,3,were,areの過去形,☆,1,,were,areの過去形,areの過去形,were,01.26NH2_KeyWords_[1年生]U10_英日_問題.pdf,ワー,,were,were,,areの過去形,単語,0,原本保持
836,ニューホライズン,NH,2,[1年生]U10,[1年生],Unit10 This Year's Memories,Unit10 Part1,P113～P115,113,115,1,1,4,like ~ing,~するのが好きである,☆,1,,like ~ing,~するのが好きである,~するのが好きである,like ~ing,01.26NH2_KeyWords_[1年生]U10_英日_問題.pdf,ライク ～イング,,like ~ing,like ~ing,,~するのが好きである,表現,1,原本保持
837,ニューホライズン,NH,2,[1年生]U10,[1年生],Unit10 This Year's Memories,Unit10 Part1,P113～P115,113,115,1,1,5,wasn't,was notの短縮形,☆,1,,wasn't,was notの短縮形,was notの短縮形,wasn't,01.26NH2_KeyWords_[1年生]U10_英日_問題.pdf,ワズント,,wasn't,wasn't,,was notの短縮形,短縮形,0,原本保持
838,ニューホライズン,NH,2,[1年生]U10,[1年生],Unit10 This Year's Memories,Unit10 Part1,P113～P115,113,115,1,1,6,realize,~だと気づく,,0,,realize,~だと気づく,~だと気づく,realize,01.26NH2_KeyWords_[1年生]U10_英日_問題.pdf,リアライズ,,realize,realize,,~だと気づく,単語,0,原本保持
839,ニューホライズン,NH,2,[1年生]U10,[1年生],Unit10 This Year's Memories,Unit10 Part1,P113～P115,113,115,1,1,7,weren't,were notの短縮形,☆,1,,weren't,were notの短縮形,were notの短縮形,weren't,01.26NH2_KeyWords_[1年生]U10_英日_問題.pdf,ワーント,,weren't,weren't,,were notの短縮形,短縮形,0,原本保持
840,ニューホライズン,NH,2,[1年生]U10,[1年生],Unit10 This Year's Memories,Unit10 Part1,P113～P115,113,115,1,1,8,place,"順位, 立場",,0,,place,"順位, 立場","順位, 立場",place,01.26NH2_KeyWords_[1年生]U10_英日_問題.pdf,プレイス,,place,place,,"順位, 立場",単語,0,原本保持
841,ニューホライズン,NH,2,[1年生]U10,[1年生],Unit10 This Year's Memories,Unit10 Part1,P113～P115,113,115,1,1,9,win-won,~を勝ち取る[原形-過去形],☆,1,,win-won,~を勝ち取る[原形-過去形],~を勝ち取る[原形-過去形],win-won,01.26NH2_KeyWords_[1年生]U10_英日_問題.pdf,ウィン・ワン,,win-won,win-won,,~を勝ち取る[原形-過去形],単語,0,原本保持
842,ニューホライズン,NH,2,[1年生]U10,[1年生],Unit10 This Year's Memories,Unit10 Part1,P113～P115,113,115,1,1,10,memory,思い出,,0,,memory,思い出,思い出,memory,01.26NH2_KeyWords_[1年生]U10_英日_問題.pdf,メマーイー,,memory,memory,,思い出,単語,0,原本保持
843,ニューホライズン,NH,2,[1年生]U10,[1年生],Unit10 This Year's Memories,Unit10 Part1,P113～P115,113,115,1,1,11,make-made,"~をする, 行う[原形-過去形]",☆,1,,make-made,"~をする, 行う[原形-過去形]","~をする, 行う[原形-過去形]",make-made,01.26NH2_KeyWords_[1年生]U10_英日_問題.pdf,メイク・メイド,,make-made,make-made,,"~をする, 行う[原形-過去形]",単語,0,原本保持
844,ニューホライズン,NH,2,[1年生]U10,[1年生],Unit10 This Year's Memories,Unit10 Part1,P113～P115,113,115,1,1,12,bored,"退屈した, うんざりした",,0,,bored,"退屈した, うんざりした","退屈した, うんざりした",bored,01.26NH2_KeyWords_[1年生]U10_英日_問題.pdf,ボード,,bored,bored,,"退屈した, うんざりした",単語,0,原本保持
845,ニューホライズン,NH,2,[1年生]U10,[1年生],Unit10 This Year's Memories,Unit10 Part1,P113～P115,113,115,1,1,13,at first,"最初は, はじめのうちは",☆,1,,at first,"最初は, はじめのうちは","最初は, はじめのうちは",at first,01.26NH2_KeyWords_[1年生]U10_英日_問題.pdf,アット ファースト,,at first,at first,,"最初は, はじめのうちは",複数語,1,原本保持
846,ニューホライズン,NH,2,[1年生]U10,[1年生],Unit10 This Year's Memories,Unit10 Part1,P113～P115,113,115,1,1,14,anyway,"とにかく, それでも",,0,,anyway,"とにかく, それでも","とにかく, それでも",anyway,01.26NH2_KeyWords_[1年生]U10_英日_問題.pdf,エニウェイ,,anyway,anyway,,"とにかく, それでも",単語,0,原本保持
847,ニューホライズン,NH,2,[1年生]U10,[1年生],Unit10 This Year's Memories,Unit10 Part1,P113～P115,113,115,1,1,15,remember,"(~を)思い出す, 覚えている",☆,1,,remember,"(~を)思い出す, 覚えている","(~を)思い出す, 覚えている",remember,01.26NH2_KeyWords_[1年生]U10_英日_問題.pdf,リメンバー,,remember,remember,,"(~を)思い出す, 覚えている",単語,0,原本保持
848,ニューホライズン,NH,2,[1年生]U10,[1年生],Unit10 This Year's Memories,Unit10 Part1,P113～P115,113,115,1,1,16,can,~することがあり得る,,0,,can,~することがあり得る,~することがあり得る,can,01.26NH2_KeyWords_[1年生]U10_英日_問題.pdf,キャン,,can,can,,~することがあり得る,単語,0,原本保持
849,ニューホライズン,NH,2,[1年生]U10,[1年生],Unit10 This Year's Memories,Unit10 Part1,P113～P115,113,115,1,1,17,practice,練習,☆,1,,practice,練習,練習,practice,01.26NH2_KeyWords_[1年生]U10_英日_問題.pdf,プラクティス,,practice,practice,,練習,単語,0,原本保持
850,ニューホライズン,NH,2,[1年生]U10,[1年生],Unit10 This Year's Memories,Unit10 Part1,P113～P115,113,115,1,1,18,anyone,[肯定文で]だれでも,,0,,anyone,[肯定文で]だれでも,[肯定文で]だれでも,anyone,01.26NH2_KeyWords_[1年生]U10_英日_問題.pdf,エニワン,,anyone,anyone,,[肯定文で]だれでも,単語,0,原本保持
851,ニューホライズン,NH,2,[1年生]U10,[1年生],Unit10 This Year's Memories,Unit10 Part1,P113～P115,113,115,1,1,19,mistake,"誤り, まちがい",☆,1,,mistake,"誤り, まちがい","誤り, まちがい",mistake,01.26NH2_KeyWords_[1年生]U10_英日_問題.pdf,ミステイク,,mistake,mistake,,"誤り, まちがい",単語,0,原本保持
852,ニューホライズン,NH,2,[1年生]U10,[1年生],Unit10 This Year's Memories,Unit10 Part1,P113～P115,113,115,1,1,20,moral education,道徳,,0,,moral education,道徳,道徳,moral education,01.26NH2_KeyWords_[1年生]U10_英日_問題.pdf,モラル エジャケイシャン,,moral education,moral education,,道徳,複数語,1,原本保持
853,ニューホライズン,NH,2,[1年生]U10,[1年生],Unit10 This Year's Memories,Unit10 Part2,"P116,P117",116,117,1,1,21,show,"~を見せる, 示す",☆,1,,show,"~を見せる, 示す","~を見せる, 示す",show,01.26NH2_KeyWords_[1年生]U10_英日_問題.pdf,ショウ,,show,show,,"~を見せる, 示す",単語,0,原本保持
854,ニューホライズン,NH,2,[1年生]U10,[1年生],Unit10 This Year's Memories,Unit10 Part2,"P116,P117",116,117,1,1,22,fast,速く,☆,1,,fast,速く,速く,fast,01.26NH2_KeyWords_[1年生]U10_英日_問題.pdf,ファスト,,fast,fast,,速く,単語,0,原本保持
855,ニューホライズン,NH,2,[1年生]U10,[1年生],Unit10 This Year's Memories,Unit10 Part2,"P116,P117",116,117,1,1,23,way,"道, 道筋",☆,1,,way,"道, 道筋","道, 道筋",way,01.26NH2_KeyWords_[1年生]U10_英日_問題.pdf,ウェイ,,way,way,,"道, 道筋",単語,0,原本保持
856,ニューホライズン,NH,2,[1年生]U10,[1年生],Unit10 This Year's Memories,Unit10 Part2,"P116,P117",116,117,1,1,24,on my way to ~,~へ行く途中で,☆,1,,on my way to ~,~へ行く途中で,~へ行く途中で,on my way to ~,01.26NH2_KeyWords_[1年生]U10_英日_問題.pdf,オン マイ ウェイ トゥ ～,,on my way to ~,on my way to ~,,~へ行く途中で,表現,1,原本保持
857,ニューホライズン,NH,2,[1年生]U10,[1年生],Unit10 This Year's Memories,Unit10 Part2,"P116,P117",116,117,1,1,25,these,これらの,☆,1,,these,これらの,これらの,these,01.26NH2_KeyWords_[1年生]U10_英日_問題.pdf,ジーズ,,these,these,,これらの,単語,0,原本保持
858,ニューホライズン,NH,2,[1年生]U10,[1年生],Unit10 This Year's Memories,Unit10 Part2,"P116,P117",116,117,1,1,26,bring back ~,~を思い出させる,☆,1,,bring back ~,~を思い出させる,~を思い出させる,bring back ~,01.26NH2_KeyWords_[1年生]U10_英日_問題.pdf,ブリング バック ～,,bring back ~,bring back ~,,~を思い出させる,表現,1,原本保持
859,ニューホライズン,NH,2,[1年生]U10,[1年生],Unit10 This Year's Memories,Unit10 Part2,"P116,P117",116,117,1,1,27,each,"それぞれの, 各自の",☆,1,,each,"それぞれの, 各自の","それぞれの, 各自の",each,01.26NH2_KeyWords_[1年生]U10_英日_問題.pdf,イーチ,,each,each,,"それぞれの, 各自の",単語,0,原本保持
860,ニューホライズン,NH,2,[1年生]U10,[1年生],Unit10 This Year's Memories,Unit10 Part2,"P116,P117",116,117,1,1,28,heart,"心臓, 心",,0,,heart,"心臓, 心","心臓, 心",heart,01.26NH2_KeyWords_[1年生]U10_英日_問題.pdf,ハート,,heart,heart,,"心臓, 心",単語,0,原本保持
861,ニューホライズン,NH,2,[1年生]U10,[1年生],Unit10 This Year's Memories,Unit10 Part2,"P116,P117",116,117,1,1,29,then,そのとき(に),☆,1,,then,そのとき(に),そのとき(に),then,01.26NH2_KeyWords_[1年生]U10_英日_問題.pdf,ゼン,,then,then,,そのとき(に),単語,0,原本保持
862,ニューホライズン,NH,2,[1年生]U10,[1年生],Unit10 This Year's Memories,Unit10 Part2,"P116,P117",116,117,1,1,30,break,休憩,,0,,break,休憩,休憩,break,01.26NH2_KeyWords_[1年生]U10_英日_問題.pdf,ブレイク,,break,break,,休憩,単語,0,原本保持
863,ニューホライズン,NH,2,[1年生]U10,[1年生],Unit10 This Year's Memories,Unit10 Read and Think,"P118,P119",118,119,1,1,31,there is[are]~,~がある[いる],☆,1,,there is[are]~,~がある[いる],~がある[いる],there is[are]~,01.26NH2_KeyWords_[1年生]U10_英日_問題.pdf,ゼア イズ（アー） ～,,there is[are]~,there is[are]~,,~がある[いる],表現,1,原本保持
864,ニューホライズン,NH,2,[1年生]U10,[1年生],Unit10 This Year's Memories,Unit10 Read and Think,"P118,P119",118,119,1,1,32,event,"出来事, 行事",,0,,event,"出来事, 行事","出来事, 行事",event,01.26NH2_KeyWords_[1年生]U10_英日_問題.pdf,イヴェント,,event,event,,"出来事, 行事",単語,0,原本保持
865,ニューホライズン,NH,2,[1年生]U10,[1年生],Unit10 This Year's Memories,Unit10 Read and Think,"P118,P119",118,119,1,1,33,trip,旅行,☆,1,,trip,旅行,旅行,trip,01.26NH2_KeyWords_[1年生]U10_英日_問題.pdf,トリップ,,trip,trip,,旅行,単語,0,原本保持
866,ニューホライズン,NH,2,[1年生]U10,[1年生],Unit10 This Year's Memories,Unit10 Read and Think,"P118,P119",118,119,1,1,34,camping,キャンプ,,0,,camping,キャンプ,キャンプ,camping,01.26NH2_KeyWords_[1年生]U10_英日_問題.pdf,カムピング,,camping,camping,,キャンプ,単語,0,原本保持
867,ニューホライズン,NH,2,[1年生]U10,[1年生],Unit10 This Year's Memories,Unit10 Read and Think,"P118,P119",118,119,1,1,35,night,"夜, 晩",☆,1,,night,"夜, 晩","夜, 晩",night,01.26NH2_KeyWords_[1年生]U10_英日_問題.pdf,ナイト,,night,night,,"夜, 晩",単語,0,原本保持
868,ニューホライズン,NH,2,[1年生]U10,[1年生],Unit10 This Year's Memories,Unit10 Read and Think,"P118,P119",118,119,1,1,36,main,"主な, 主要な",,0,,main,"主な, 主要な","主な, 主要な",main,01.26NH2_KeyWords_[1年生]U10_英日_問題.pdf,メイン,,main,main,,"主な, 主要な",単語,0,原本保持
869,ニューホライズン,NH,2,[1年生]U10,[1年生],Unit10 This Year's Memories,Unit10 Read and Think,"P118,P119",118,119,1,1,37,a lot,"たいへん, とても",☆,1,,a lot,"たいへん, とても","たいへん, とても",a lot,01.26NH2_KeyWords_[1年生]U10_英日_問題.pdf,ア ラト,,a lot,a lot,,"たいへん, とても",複数語,1,原本保持
870,ニューホライズン,NH,2,[1年生]U10,[1年生],Unit10 This Year's Memories,Unit10 Read and Think,"P118,P119",118,119,1,1,38,there's,there isの短縮形,,0,,there's,there isの短縮形,there isの短縮形,there's,01.26NH2_KeyWords_[1年生]U10_英日_問題.pdf,ゼア,,there's,there's,,there isの短縮形,短縮形,0,原本保持
871,ニューホライズン,NH,2,[1年生]U10,[1年生],Unit10 This Year's Memories,Unit10 Read and Think,"P118,P119",118,119,1,1,39,set-set,~を置く[原形-過去形],,0,,set-set,~を置く[原形-過去形],~を置く[原形-過去形],set-set,01.26NH2_KeyWords_[1年生]U10_英日_問題.pdf,セット・セット,,set-set,set-set,,~を置く[原形-過去形],単語,0,原本保持
872,ニューホライズン,NH,2,[1年生]U10,[1年生],Unit10 This Year's Memories,Unit10 Read and Think,"P118,P119",118,119,1,1,40,set up ~,~を建てる,,0,,set up ~,~を建てる,~を建てる,set up ~,01.26NH2_KeyWords_[1年生]U10_英日_問題.pdf,セット アップ ～,,set up ~,set up ~,,~を建てる,表現,1,原本保持
873,ニューホライズン,NH,2,[1年生]U10,[1年生],Unit10 This Year's Memories,Unit10 Read and Think,"P118,P119",118,119,1,1,41,tent,テント,,0,,tent,テント,テント,tent,01.26NH2_KeyWords_[1年生]U10_英日_問題.pdf,テント,,tent,tent,,テント,単語,0,原本保持
874,ニューホライズン,NH,2,[1年生]U10,[1年生],Unit10 This Year's Memories,Unit10 Read and Think,"P118,P119",118,119,1,1,42,hot spring,温泉,,0,,hot spring,温泉,温泉,hot spring,01.26NH2_KeyWords_[1年生]U10_英日_問題.pdf,ホット スプリング,,hot spring,hot spring,,温泉,複数語,1,原本保持
875,ニューホライズン,NH,2,[1年生]U10,[1年生],Unit10 This Year's Memories,Unit10 教科書本文,P114～P119,114,119,1,1,43,chorus contest,合唱コンクール,,0,,chorus contest,合唱コンクール,合唱コンクール,chorus contest,01.26NH2_KeyWords_[1年生]U10_英日_問題.pdf,コラス カンテスト,,chorus contest,chorus contest,,合唱コンクール,複数語,1,原本保持
876,ニューホライズン,NH,2,[1年生]U10,[1年生],Unit10 This Year's Memories,Unit10 教科書本文,P114～P119,114,119,1,1,44,campfire,キャンプファイア,,0,,campfire,キャンプファイア,キャンプファイア,campfire,01.26NH2_KeyWords_[1年生]U10_英日_問題.pdf,カムプファイアー,,campfire,campfire,,キャンプファイア,単語,0,原本保持
877,ニューホライズン,NH,2,[1年生]U10,[1年生],Unit10 This Year's Memories,Unit10 教科書本文,P114～P119,114,119,1,1,45,hey,"やあ, おい, ちょっと",,0,,hey,"やあ, おい, ちょっと","やあ, おい, ちょっと",hey,01.26NH2_KeyWords_[1年生]U10_英日_問題.pdf,ヘイ,,hey,hey,,"やあ, おい, ちょっと",単語,0,原本保持
878,ニューホライズン,NH,2,[1年生]U10,[1年生],Unit10 This Year's Memories,Unit10 教科書本文,P114～P119,114,119,1,1,46,beat,どきどきする,,0,,beat,どきどきする,どきどきする,beat,01.26NH2_KeyWords_[1年生]U10_英日_問題.pdf,ビト,,beat,beat,,どきどきする,単語,0,原本保持
879,ニューホライズン,NH,2,[1年生]U10,[1年生],Unit10 This Year's Memories,Unit10 教科書本文,P114～P119,114,119,1,1,47,campground,キャンプ場,,0,,campground,キャンプ場,キャンプ場,campground,01.26NH2_KeyWords_[1年生]U10_英日_問題.pdf,カムプグラウンド,,campground,campground,,キャンプ場,単語,0,原本保持
880,ニューホライズン,NH,2,[1年生]U10,[1年生],Unit10 This Year's Memories,Unit10 教科書本文,P114～P119,114,119,1,1,48,album,アルバム,,0,,album,アルバム,アルバム,album,01.26NH2_KeyWords_[1年生]U10_英日_問題.pdf,アルバム,,album,album,,アルバム,単語,0,原本保持
881,ニューホライズン,NH,2,[1年生]U10,Unit10 This,Year's Memories,Unit10 10-1～RT,P113～P119,113,119,1,2,49,realize,~だと気づく,☆,1,,realize,~だと気づく,~だと気づく,realize,01.26NH2_KeyWords_[1年生]U10_英日_問題.pdf,リアライズ,,realize,realize,,~だと気づく,単語,0,原本保持
882,ニューホライズン,NH,2,[1年生]U10,Unit10 This,Year's Memories,Unit10 10-1～RT,P113～P119,113,119,1,2,50,break,休憩,☆,1,,break,休憩,休憩,break,01.26NH2_KeyWords_[1年生]U10_英日_問題.pdf,ブレイク,,break,break,,休憩,単語,0,原本保持
883,ニューホライズン,NH,2,[1年生]U10,Unit10 This,Year's Memories,Unit10 10-1～RT,P113～P119,113,119,1,2,51,memory,思い出,☆,1,,memory,思い出,思い出,memory,01.26NH2_KeyWords_[1年生]U10_英日_問題.pdf,メマーイー,,memory,memory,,思い出,単語,0,原本保持
884,ニューホライズン,NH,2,[1年生]U10,Unit10 This,Year's Memories,Unit10 10-1～RT,P113～P119,113,119,1,2,52,event,"出来事, 行事",☆,1,,event,"出来事, 行事","出来事, 行事",event,01.26NH2_KeyWords_[1年生]U10_英日_問題.pdf,イヴェント,,event,event,,"出来事, 行事",単語,0,原本保持
885,ニューホライズン,NH,2,[1年生]U10,Unit10 This,Year's Memories,Unit10 10-1～RT,P113～P119,113,119,1,2,53,bored,"退屈した, うんざりした",☆,1,,bored,"退屈した, うんざりした","退屈した, うんざりした",bored,01.26NH2_KeyWords_[1年生]U10_英日_問題.pdf,ボード,,bored,bored,,"退屈した, うんざりした",単語,0,原本保持
886,ニューホライズン,NH,2,[1年生]U10,Unit10 This,Year's Memories,Unit10 10-1～RT,P113～P119,113,119,1,2,54,main,"主な, 主要な",☆,1,,main,"主な, 主要な","主な, 主要な",main,01.26NH2_KeyWords_[1年生]U10_英日_問題.pdf,メイン,,main,main,,"主な, 主要な",単語,0,原本保持
887,ニューホライズン,NH,2,[1年生]U10,Unit10 This,Year's Memories,Unit10 10-1～RT,P113～P119,113,119,1,2,55,heart,"心臓, 心",☆,1,,heart,"心臓, 心","心臓, 心",heart,01.26NH2_KeyWords_[1年生]U10_英日_問題.pdf,ハート,,heart,heart,,"心臓, 心",単語,0,原本保持
888,ニューホライズン,NH,2,[1年生]U10,Unit10 This,Year's Memories,Real Life English 6 病院にて-症状や出来事を伝える-,P121,121,121,1,2,56,doctor,医者,☆,1,,doctor,医者,医者,doctor,01.26NH2_KeyWords_[1年生]U10_英日_問題.pdf,ダクター,,doctor,doctor,,医者,単語,0,原本保持
889,ニューホライズン,NH,2,[1年生]U10,Unit10 This,Year's Memories,Real Life English 6 病院にて-症状や出来事を伝える-,P121,121,121,1,2,57,headache,頭痛,,0,,headache,頭痛,頭痛,headache,01.26NH2_KeyWords_[1年生]U10_英日_問題.pdf,ヘデイク,,headache,headache,,頭痛,単語,0,原本保持
890,ニューホライズン,NH,2,[1年生]U10,Unit10 This,Year's Memories,Real Life English 6 病院にて-症状や出来事を伝える-,P121,121,121,1,2,58,before ~,~の前に[の],☆,1,,before ~,~の前に[の],~の前に[の],before ~,01.26NH2_KeyWords_[1年生]U10_英日_問題.pdf,ビフォー ～,,before ~,before ~,,~の前に[の],表現,1,原本保持
891,ニューホライズン,NH,2,[1年生]U10,Unit10 This,Year's Memories,Real Life English 6 病院にて-症状や出来事を伝える-,P121,121,121,1,2,59,rest,休息,,0,,rest,休息,休息,rest,01.26NH2_KeyWords_[1年生]U10_英日_問題.pdf,レスト,,rest,rest,,休息,単語,0,原本保持
892,ニューホライズン,NH,2,[1年生]U10,Unit10 This,Year's Memories,Real Life English 6 病院にて-症状や出来事を伝える-,P121,121,121,1,2,60,What's wrong?,どうかしたのですか。,☆,1,,What's wrong?,どうかしたのですか。,どうかしたのですか。,What's wrong?,01.26NH2_KeyWords_[1年生]U10_英日_問題.pdf,ワット ロング,,What's wrong?,What's wrong?,,どうかしたのですか。,表現,1,原本保持
893,ニューホライズン,NH,2,[1年生]U10,Unit10 This,Year's Memories,Real Life English 6 病院にて-症状や出来事を伝える-,P121,121,121,1,2,61,medicine,薬,,0,,medicine,薬,薬,medicine,01.26NH2_KeyWords_[1年生]U10_英日_問題.pdf,メダサン,,medicine,medicine,,薬,単語,0,原本保持
894,ニューホライズン,NH,2,[1年生]U10,Unit10 This,Year's Memories,Real Life English 6 病院にて-症状や出来事を伝える-,P121,121,121,1,2,62,wrong,ぐあいが悪い,,0,,wrong,ぐあいが悪い,ぐあいが悪い,wrong,01.26NH2_KeyWords_[1年生]U10_英日_問題.pdf,ロング,,wrong,wrong,,ぐあいが悪い,単語,0,原本保持
895,ニューホライズン,NH,2,[1年生]U10,Unit10 This,Year's Memories,Real Life English 6 病院にて-症状や出来事を伝える-,P121,121,121,1,2,63,fever,熱,,0,,fever,熱,熱,fever,01.26NH2_KeyWords_[1年生]U10_英日_問題.pdf,フィヴァー,,fever,fever,,熱,単語,0,原本保持
896,ニューホライズン,NH,2,[1年生]U10,Unit10 This,Year's Memories,Real Life English 6 病院にて-症状や出来事を伝える-,P121,121,121,1,2,64,toothache,歯痛,,0,,toothache,歯痛,歯痛,toothache,01.26NH2_KeyWords_[1年生]U10_英日_問題.pdf,トゥースエイク,,toothache,toothache,,歯痛,単語,0,原本保持
897,ニューホライズン,NH,2,[1年生]U10,Unit10 This,Year's Memories,Real Life English 6 病院にて-症状や出来事を伝える-,P121,121,121,1,2,65,mild,穏やかな,,0,,mild,穏やかな,穏やかな,mild,01.26NH2_KeyWords_[1年生]U10_英日_問題.pdf,マイルド,,mild,mild,,穏やかな,単語,0,原本保持
898,ニューホライズン,NH,2,[1年生]U10,Unit10 This,Year's Memories,Real Life English 6 病院にて-症状や出来事を伝える-,P121,121,121,1,2,66,stomachache,"胃痛, 腹痛",,0,,stomachache,"胃痛, 腹痛","胃痛, 腹痛",stomachache,01.26NH2_KeyWords_[1年生]U10_英日_問題.pdf,ストマックエイク,,stomachache,stomachache,,"胃痛, 腹痛",単語,0,原本保持
899,ニューホライズン,NH,2,[1年生]U10,Unit10 This,Year's Memories,Real Life English 6 病院にて-症状や出来事を伝える-,P121,121,121,1,2,67,take a rest,ひと休みする,,0,,take a rest,ひと休みする,ひと休みする,take a rest,01.26NH2_KeyWords_[1年生]U10_英日_問題.pdf,テイク ア レスト,,take a rest,take a rest,,ひと休みする,複数語,1,原本保持
900,ニューホライズン,NH,2,[1年生]U10,Unit10 This,Year's Memories,Stage Activity 3 My Favorite Event This Year,"P124,P125",124,125,1,2,68,run-ran,走る[原形-過去形],☆,1,,run-ran,走る[原形-過去形],走る[原形-過去形],run-ran,01.26NH2_KeyWords_[1年生]U10_英日_問題.pdf,ラン・ラン,,run-ran,run-ran,,走る[原形-過去形],単語,0,原本保持
901,ニューホライズン,NH,2,[1年生]U10,Unit10 This,Year's Memories,Stage Activity 3 My Favorite Event This Year,"P124,P125",124,125,1,2,69,runner,走者,,0,,runner,走者,走者,runner,01.26NH2_KeyWords_[1年生]U10_英日_問題.pdf,ラナー,,runner,runner,,走者,単語,0,原本保持
902,ニューホライズン,NH,2,[1年生]U10,Unit10 This,Year's Memories,Stage Activity 3 My Favorite Event This Year,"P124,P125",124,125,1,2,70,another,ほかの,☆,1,,another,ほかの,ほかの,another,01.26NH2_KeyWords_[1年生]U10_英日_問題.pdf,アナザー,,another,another,,ほかの,単語,0,原本保持
903,ニューホライズン,NH,2,[1年生]U10,Unit10 This,Year's Memories,Stage Activity 3 My Favorite Event This Year,"P124,P125",124,125,1,2,71,relay,リレー競走,,0,,relay,リレー競走,リレー競走,relay,01.26NH2_KeyWords_[1年生]U10_英日_問題.pdf,リレイ,,relay,relay,,リレー競走,単語,0,原本保持
904,ニューホライズン,NH,2,[1年生]U10,Unit10 This,Year's Memories,Stage Activity 3 My Favorite Event This Year,"P124,P125",124,125,1,2,72,just,ちょうど,☆,1,,just,ちょうど,ちょうど,just,01.26NH2_KeyWords_[1年生]U10_英日_問題.pdf,ジャスト,,just,just,,ちょうど,単語,0,原本保持
905,ニューホライズン,NH,2,[1年生]U10,Unit10 This,Year's Memories,Stage Activity 3 My Favorite Event This Year,"P124,P125",124,125,1,2,73,behind ~,~の後ろに[の],,0,,behind ~,~の後ろに[の],~の後ろに[の],behind ~,01.26NH2_KeyWords_[1年生]U10_英日_問題.pdf,ビハインド ～,,behind ~,behind ~,,~の後ろに[の],表現,1,原本保持
906,ニューホライズン,NH,2,[1年生]U10,Unit10 This,Year's Memories,Stage Activity 3 My Favorite Event This Year,"P124,P125",124,125,1,2,74,sports day,運動会,☆,1,,sports day,運動会,運動会,sports day,01.26NH2_KeyWords_[1年生]U10_英日_問題.pdf,スポートス デイ,,sports day,sports day,,運動会,複数語,1,原本保持
907,ニューホライズン,NH,2,[1年生]U10,Unit10 This,Year's Memories,Stage Activity 3 My Favorite Event This Year,"P124,P125",124,125,1,2,75,A and A,ますますA,,0,,A and A,ますますA,ますますA,A and A,01.26NH2_KeyWords_[1年生]U10_英日_問題.pdf,ア アンド ア,,A and A,A and A,,ますますA,複数語,1,原本保持
908,ニューホライズン,NH,2,[1年生]LR,[1年生],"Gon, the Fox Let's Read",Let's Read 教科書本文,P126～P128,126,128,2,1,1,think-thought,~だと思う[原形-過去形],☆,1,,think-thought,~だと思う[原形-過去形],~だと思う[原形-過去形],think-thought,02.26NH2_KeyWords_[1年生]LR_英日_問題.pdf,シンク・ソット,,think-thought,think-thought,,~だと思う[原形-過去形],単語,0,原本保持
909,ニューホライズン,NH,2,[1年生]LR,[1年生],"Gon, the Fox Let's Read",Let's Read 教科書本文,P126～P128,126,128,2,1,2,floor,床,,0,,floor,床,床,floor,02.26NH2_KeyWords_[1年生]LR_英日_問題.pdf,フロー,,floor,floor,,床,単語,0,原本保持
910,ニューホライズン,NH,2,[1年生]LR,[1年生],"Gon, the Fox Let's Read",Let's Read 教科書本文,P126～P128,126,128,2,1,3,receive,~を受け取る,,0,,receive,~を受け取る,~を受け取る,receive,02.26NH2_KeyWords_[1年生]LR_英日_問題.pdf,ラシヴ,,receive,receive,,~を受け取る,単語,0,原本保持
911,ニューホライズン,NH,2,[1年生]LR,[1年生],"Gon, the Fox Let's Read",Let's Read 教科書本文,P126～P128,126,128,2,1,4,door,"ドア, 戸",,0,,door,"ドア, 戸","ドア, 戸",door,02.26NH2_KeyWords_[1年生]LR_英日_問題.pdf,ドー,,door,door,,"ドア, 戸",単語,0,原本保持
912,ニューホライズン,NH,2,[1年生]LR,[1年生],"Gon, the Fox Let's Read",Let's Read 教科書本文,P126～P128,126,128,2,1,5,leave-left,~を置いていく[原形-過去形],,0,,leave-left,~を置いていく[原形-過去形],~を置いていく[原形-過去形],leave-left,02.26NH2_KeyWords_[1年生]LR_英日_問題.pdf,リーブ・レフト,,leave-left,leave-left,,~を置いていく[原形-過去形],単語,0,原本保持
913,ニューホライズン,NH,2,[1年生]LR,[1年生],"Gon, the Fox Let's Read",Let's Read 教科書本文,P126～P128,126,128,2,1,6,chestnut,クリ,,0,,chestnut,クリ,クリ,chestnut,02.26NH2_KeyWords_[1年生]LR_英日_問題.pdf,チェスナット,,chestnut,chestnut,,クリ,単語,0,原本保持
914,ニューホライズン,NH,2,[1年生]LR,[1年生],"Gon, the Fox Let's Read",Let's Read 教科書本文,P126～P128,126,128,2,1,7,hear-heard,~が聞こえる[原形-過去形],,0,,hear-heard,~が聞こえる[原形-過去形],~が聞こえる[原形-過去形],hear-heard,02.26NH2_KeyWords_[1年生]LR_英日_問題.pdf,ヒア・ハード,,hear-heard,hear-heard,,~が聞こえる[原形-過去形],単語,0,原本保持
915,ニューホライズン,NH,2,[1年生]LR,[1年生],"Gon, the Fox Let's Read",Let's Read 教科書本文,P126～P128,126,128,2,1,8,cart,"カート, 手押し車",,0,,cart,"カート, 手押し車","カート, 手押し車",cart,02.26NH2_KeyWords_[1年生]LR_英日_問題.pdf,カート,,cart,cart,,"カート, 手押し車",単語,0,原本保持
916,ニューホライズン,NH,2,[1年生]LR,[1年生],"Gon, the Fox Let's Read",Let's Read 教科書本文,P126～P128,126,128,2,1,9,bring-brought,"持ってくる, 連れてくる[原形-過去形]",,0,,bring-brought,"持ってくる, 連れてくる[原形-過去形]","持ってくる, 連れてくる[原形-過去形]",bring-brought,02.26NH2_KeyWords_[1年生]LR_英日_問題.pdf,ブリング・ブロット,,bring-brought,bring-brought,,"持ってくる, 連れてくる[原形-過去形]",単語,0,原本保持
917,ニューホライズン,NH,2,[1年生]LR,[1年生],"Gon, the Fox Let's Read",Let's Read 教科書本文,P126～P128,126,128,2,1,10,naughty,"いたずらな, わんぱくな",,0,,naughty,"いたずらな, わんぱくな","いたずらな, わんぱくな",naughty,02.26NH2_KeyWords_[1年生]LR_英日_問題.pdf,ノティ,,naughty,naughty,,"いたずらな, わんぱくな",単語,0,原本保持
918,ニューホライズン,NH,2,[1年生]LR,[1年生],"Gon, the Fox Let's Read",Let's Read 教科書本文,P126～P128,126,128,2,1,11,be full of ~,~でいっぱいである,,0,,be full of ~,~でいっぱいである,~でいっぱいである,be full of ~,02.26NH2_KeyWords_[1年生]LR_英日_問題.pdf,ビー フル オブ ～,,be full of ~,be full of ~,,~でいっぱいである,表現,1,原本保持
919,ニューホライズン,NH,2,[1年生]LR,[1年生],"Gon, the Fox Let's Read",Let's Read 教科書本文,P126～P128,126,128,2,1,12,little,"小さい, かわいい",,0,,little,"小さい, かわいい","小さい, かわいい",little,02.26NH2_KeyWords_[1年生]LR_英日_問題.pdf,リットル,,little,little,,"小さい, かわいい",単語,0,原本保持
920,ニューホライズン,NH,2,[1年生]LR,[1年生],"Gon, the Fox Let's Read",Let's Read 教科書本文,P126～P128,126,128,2,1,13,shout,(~と)叫ぶ,,0,,shout,(~と)叫ぶ,(~と)叫ぶ,shout,02.26NH2_KeyWords_[1年生]LR_英日_問題.pdf,シャウト,,shout,shout,,(~と)叫ぶ,単語,0,原本保持
921,ニューホライズン,NH,2,[1年生]LR,[1年生],"Gon, the Fox Let's Read",Let's Read 教科書本文,P126～P128,126,128,2,1,14,another,"ほかの, 別の",,0,,another,"ほかの, 別の","ほかの, 別の",another,02.26NH2_KeyWords_[1年生]LR_英日_問題.pdf,アナザー,,another,another,,"ほかの, 別の",単語,0,原本保持
922,ニューホライズン,NH,2,[1年生]LR,[1年生],"Gon, the Fox Let's Read",Let's Read 教科書本文,P126～P128,126,128,2,1,15,rise-rose,"のぼる, 上がる[原形-過去形]",,0,,rise-rose,"のぼる, 上がる[原形-過去形]","のぼる, 上がる[原形-過去形]",rise-rose,02.26NH2_KeyWords_[1年生]LR_英日_問題.pdf,ライズ・ロズ,,rise-rose,rise-rose,,"のぼる, 上がる[原形-過去形]",単語,0,原本保持
923,ニューホライズン,NH,2,[1年生]LR,[1年生],"Gon, the Fox Let's Read",Let's Read 教科書本文,P126～P128,126,128,2,1,16,alone,ひとりだけの,,0,,alone,ひとりだけの,ひとりだけの,alone,02.26NH2_KeyWords_[1年生]LR_英日_問題.pdf,アロン,,alone,alone,,ひとりだけの,単語,0,原本保持
924,ニューホライズン,NH,2,[1年生]LR,[1年生],"Gon, the Fox Let's Read",Let's Read 教科書本文,P126～P128,126,128,2,1,17,play,(いたずらなど)をする,,0,,play,(いたずらなど)をする,(いたずらなど)をする,play,02.26NH2_KeyWords_[1年生]LR_英日_問題.pdf,プレイ,,play,play,,(いたずらなど)をする,単語,0,原本保持
925,ニューホライズン,NH,2,[1年生]LR,[1年生],"Gon, the Fox Let's Read",Let's Read 教科書本文,P126～P128,126,128,2,1,18,later,"もっと遅く, あとで",,0,,later,"もっと遅く, あとで","もっと遅く, あとで",later,02.26NH2_KeyWords_[1年生]LR_英日_問題.pdf,レイター,,later,later,,"もっと遅く, あとで",単語,0,原本保持
926,ニューホライズン,NH,2,[1年生]LR,[1年生],"Gon, the Fox Let's Read",Let's Read 教科書本文,P126～P128,126,128,2,1,19,nod,うなずく,,0,,nod,うなずく,うなずく,nod,02.26NH2_KeyWords_[1年生]LR_英日_問題.pdf,ナド,,nod,nod,,うなずく,単語,0,原本保持
927,ニューホライズン,NH,2,[1年生]LR,[1年生],"Gon, the Fox Let's Read",Let's Read 教科書本文,P126～P128,126,128,2,1,20,through ~,~を通り抜けて,,0,,through ~,~を通り抜けて,~を通り抜けて,through ~,02.26NH2_KeyWords_[1年生]LR_英日_問題.pdf,スルー ～,,through ~,through ~,,~を通り抜けて,表現,1,原本保持
928,ニューホライズン,NH,2,[1年生]LR,[1年生],"Gon, the Fox Let's Read",Let's Read 教科書本文,P126～P128,126,128,2,1,21,let-let,~の状態にさせる[原形-過去形],,0,,let-let,~の状態にさせる[原形-過去形],~の状態にさせる[原形-過去形],let-let,02.26NH2_KeyWords_[1年生]LR_英日_問題.pdf,レット・レット,,let-let,let-let,,~の状態にさせる[原形-過去形],単語,0,原本保持
929,ニューホライズン,NH,2,[1年生]LR,[1年生],"Gon, the Fox Let's Read",Let's Read 教科書本文,P126～P128,126,128,2,1,22,into ~,~の中へ[に],,0,,into ~,~の中へ[に],~の中へ[に],into ~,02.26NH2_KeyWords_[1年生]LR_英日_問題.pdf,イントゥ ～,,into ~,into ~,,~の中へ[に],表現,1,原本保持
930,ニューホライズン,NH,2,[1年生]LR,[1年生],"Gon, the Fox Let's Read",Let's Read 教科書本文,P126～P128,126,128,2,1,23,escape,(~から)逃げる,,0,,escape,(~から)逃げる,(~から)逃げる,escape,02.26NH2_KeyWords_[1年生]LR_英日_問題.pdf,イスケイプ,,escape,escape,,(~から)逃げる,単語,0,原本保持
931,ニューホライズン,NH,2,[1年生]LR,[1年生],"Gon, the Fox Let's Read",Let's Read 教科書本文,P126～P128,126,128,2,1,24,something,"何か, あるもの",,0,,something,"何か, あるもの","何か, あるもの",something,02.26NH2_KeyWords_[1年生]LR_英日_問題.pdf,サムシング,,something,something,,"何か, あるもの",単語,0,原本保持
932,ニューホライズン,NH,2,[1年生]LR,[1年生],"Gon, the Fox Let's Read",Let's Read 教科書本文,P126～P128,126,128,2,1,25,die,死ぬ,,0,,die,死ぬ,死ぬ,die,02.26NH2_KeyWords_[1年生]LR_英日_問題.pdf,ダイ,,die,die,,死ぬ,単語,0,原本保持
933,ニューホライズン,NH,2,[1年生]LR,[1年生],"Gon, the Fox Let's Read",Let's Read 教科書本文,P126～P128,126,128,2,1,26,someone,"だれか, ある人",,0,,someone,"だれか, ある人","だれか, ある人",someone,02.26NH2_KeyWords_[1年生]LR_英日_問題.pdf,サムワン,,someone,someone,,"だれか, ある人",単語,0,原本保持
934,ニューホライズン,NH,2,[1年生]LR,[1年生],"Gon, the Fox Let's Read",Let's Read 教科書本文,P126～P128,126,128,2,1,27,creep-crept,はう[原形-過去形],,0,,creep-crept,はう[原形-過去形],はう[原形-過去形],creep-crept,02.26NH2_KeyWords_[1年生]LR_英日_問題.pdf,クリプ・クレップト,,creep-crept,creep-crept,,はう[原形-過去形],単語,0,原本保持
935,ニューホライズン,NH,2,[1年生]LR,[1年生],"Gon, the Fox Let's Read",Let's Read 教科書本文,P126～P128,126,128,2,1,28,himself,彼自身を[に],,0,,himself,彼自身を[に],彼自身を[に],himself,02.26NH2_KeyWords_[1年生]LR_英日_問題.pdf,ヒムセルフ,,himself,himself,,彼自身を[に],単語,0,原本保持
936,ニューホライズン,NH,2,[1年生]LR,[1年生],"Gon, the Fox Let's Read",Let's Read 教科書本文,P126～P128,126,128,2,1,29,thing,"もの, こと",,0,,thing,"もの, こと","もの, こと",thing,02.26NH2_KeyWords_[1年生]LR_英日_問題.pdf,シング,,thing,thing,,"もの, こと",単語,0,原本保持
937,ニューホライズン,NH,2,[1年生]LR,[1年生],"Gon, the Fox Let's Read",Let's Read 教科書本文,P126～P128,126,128,2,1,30,say to myself,ひとり言を言う,,0,,say to myself,ひとり言を言う,ひとり言を言う,say to myself,02.26NH2_KeyWords_[1年生]LR_英日_問題.pdf,セイ トゥ マイセルフ,,say to myself,say to myself,,ひとり言を言う,複数語,1,原本保持
938,ニューホライズン,NH,2,[1年生]LR,[1年生],"Gon, the Fox Let's Read",Let's Read 教科書本文,P126～P128,126,128,2,1,31,neighbor,"近所の人, 隣人",,0,,neighbor,"近所の人, 隣人","近所の人, 隣人",neighbor,02.26NH2_KeyWords_[1年生]LR_英日_問題.pdf,ネイバー,,neighbor,neighbor,,"近所の人, 隣人",単語,0,原本保持
939,ニューホライズン,NH,2,[1年生]LR,[1年生],"Gon, the Fox Let's Read",Let's Read 教科書本文,P126～P128,126,128,2,1,32,out of ~,~から(外へ),,0,,out of ~,~から(外へ),~から(外へ),out of ~,02.26NH2_KeyWords_[1年生]LR_英日_問題.pdf,アウト オブ ～,,out of ~,out of ~,,~から(外へ),表現,1,原本保持
940,ニューホライズン,NH,2,[1年生]LR,[1年生],"Gon, the Fox Let's Read",Let's Read 教科書本文,P126～P128,126,128,2,1,33,vendor,行商人,,0,,vendor,行商人,行商人,vendor,02.26NH2_KeyWords_[1年生]LR_英日_問題.pdf,ヴェンダー,,vendor,vendor,,行商人,単語,0,原本保持
941,ニューホライズン,NH,2,[1年生]LR,[1年生],"Gon, the Fox Let's Read",Let's Read 教科書本文,P126～P128,126,128,2,1,34,one day,ある日,,0,,one day,ある日,ある日,one day,02.26NH2_KeyWords_[1年生]LR_英日_問題.pdf,ワン デイ,,one day,one day,,ある日,複数語,1,原本保持
942,ニューホライズン,NH,2,[1年生]LR,[1年生],"Gon, the Fox Let's Read",Let's Read 教科書本文,P126～P128,126,128,2,1,35,ground,"地面, 土地",,0,,ground,"地面, 土地","地面, 土地",ground,02.26NH2_KeyWords_[1年生]LR_英日_問題.pdf,グラウンド,,ground,ground,,"地面, 土地",単語,0,原本保持
943,ニューホライズン,NH,2,[1年生]LR,[1年生],"Gon, the Fox Let's Read",Let's Read 教科書本文,P126～P128,126,128,2,1,36,look up,視線を上げる,,0,,look up,視線を上げる,視線を上げる,look up,02.26NH2_KeyWords_[1年生]LR_英日_問題.pdf,ルック アップ,,look up,look up,,視線を上げる,複数語,1,原本保持
944,ニューホライズン,NH,2,[1年生]LR,[1年生],"Gon, the Fox Let's Read",Let's Read 教科書本文,P126～P128,126,128,2,1,37,god,神,,0,,god,神,神,god,02.26NH2_KeyWords_[1年生]LR_英日_問題.pdf,ガド,,god,god,,神,単語,0,原本保持
945,ニューホライズン,NH,2,U0,My,Spring Vacation Unit0,Unit0 教科書本文,"P6,P7",6,7,3,1,1,experience,"経験, ~を経験する",☆,1,,experience,"経験, ~を経験する","経験, ~を経験する",experience,03.26NH2_KeyWords_U0_英日_問題.pdf,イックスピリンス,,experience,experience,,"経験, ~を経験する",単語,0,原本保持
946,ニューホライズン,NH,2,U0,My,Spring Vacation Unit0,Unit0 教科書本文,"P6,P7",6,7,3,1,2,ramen,ラーメン,,0,,ramen,ラーメン,ラーメン,ramen,03.26NH2_KeyWords_U0_英日_問題.pdf,ラーメン,,ramen,ramen,,ラーメン,単語,0,原本保持
947,ニューホライズン,NH,2,U0,My,Spring Vacation Unit0,Unit0 教科書本文,"P6,P7",6,7,3,1,3,same,"同じ, 同一の",☆,1,,same,"同じ, 同一の","同じ, 同一の",same,03.26NH2_KeyWords_U0_英日_問題.pdf,セイム,,same,same,,"同じ, 同一の",単語,0,原本保持
948,ニューホライズン,NH,2,U0,My,Spring Vacation Unit0,Unit0 教科書本文,"P6,P7",6,7,3,1,4,noodle,"ヌードル, めん",,0,,noodle,"ヌードル, めん","ヌードル, めん",noodle,03.26NH2_KeyWords_U0_英日_問題.pdf,ヌドル,,noodle,noodle,,"ヌードル, めん",単語,0,原本保持
949,ニューホライズン,NH,2,U0,My,Spring Vacation Unit0,Unit0 教科書本文,"P6,P7",6,7,3,1,5,actually,"実は, 本当は",☆,1,,actually,"実は, 本当は","実は, 本当は",actually,03.26NH2_KeyWords_U0_英日_問題.pdf,アックチュアリ,,actually,actually,,"実は, 本当は",単語,0,原本保持
950,ニューホライズン,NH,2,U0,My,Spring Vacation Unit0,Unit0 教科書本文,"P6,P7",6,7,3,1,6,instant,"即席の, 緊急の",,0,,instant,"即席の, 緊急の","即席の, 緊急の",instant,03.26NH2_KeyWords_U0_英日_問題.pdf,インスタント,,instant,instant,,"即席の, 緊急の",単語,0,原本保持
951,ニューホライズン,NH,2,U0,My,Spring Vacation Unit0,Unit0 教科書本文,"P6,P7",6,7,3,1,7,by the way,ところで,☆,1,,by the way,ところで,ところで,by the way,03.26NH2_KeyWords_U0_英日_問題.pdf,バイ ザ ウェイ,,by the way,by the way,,ところで,複数語,1,原本保持
952,ニューホライズン,NH,2,U1,Unit1,What can we experience on a trip?,Unit1 Part1,"P9,P10",9,10,4,1,1,be going to ~,~するつもりだ,☆,1,*,be going to ~,~するつもりだ,~するつもりだ,be going to ~,04.26NH2_KeyWords_U1_英日_問題.pdf,ビー ゴイング トゥ ～,,be going to ~,be going to ~,,~するつもりだ,表現,1,原本保持
953,ニューホライズン,NH,2,U1,Unit1,What can we experience on a trip?,Unit1 Part1,"P9,P10",9,10,4,1,2,show,~を案内する,,0,,show,~を案内する,~を案内する,show,04.26NH2_KeyWords_U1_英日_問題.pdf,ショウ,,show,show,,~を案内する,単語,0,原本保持
954,ニューホライズン,NH,2,U1,Unit1,What can we experience on a trip?,Unit1 Part1,"P9,P10",9,10,4,1,3,meet,会う,☆,1,,meet,会う,会う,meet,04.26NH2_KeyWords_U1_英日_問題.pdf,ミート,,meet,meet,,会う,単語,0,原本保持
955,ニューホライズン,NH,2,U1,Unit1,What can we experience on a trip?,Unit1 Part1,"P9,P10",9,10,4,1,4,flight,"飛行, (飛行機の)便",,0,,flight,"飛行, (飛行機の)便","飛行, (飛行機の)便",flight,04.26NH2_KeyWords_U1_英日_問題.pdf,フライト,,flight,flight,,"飛行, (飛行機の)便",単語,0,原本保持
956,ニューホライズン,NH,2,U1,Unit1,What can we experience on a trip?,Unit1 Part1,"P9,P10",9,10,4,1,5,leave,"去る, 出発する",☆,1,,leave,"去る, 出発する","去る, 出発する",leave,04.26NH2_KeyWords_U1_英日_問題.pdf,リーブ,,leave,leave,,"去る, 出発する",単語,0,原本保持
957,ニューホライズン,NH,2,U1,Unit1,What can we experience on a trip?,Unit1 Part1,"P9,P10",9,10,4,1,6,airport,"空港, 飛行場",,0,,airport,"空港, 飛行場","空港, 飛行場",airport,04.26NH2_KeyWords_U1_英日_問題.pdf,エアポート,,airport,airport,,"空港, 飛行場",単語,0,原本保持
958,ニューホライズン,NH,2,U1,Unit1,What can we experience on a trip?,Unit1 Part1,"P9,P10",9,10,4,1,7,arrive,到着する,☆,1,,arrive,到着する,到着する,arrive,04.26NH2_KeyWords_U1_英日_問題.pdf,アーアイヴ,,arrive,arrive,,到着する,単語,0,原本保持
959,ニューホライズン,NH,2,U1,Unit1,What can we experience on a trip?,Unit1 Part1,"P9,P10",9,10,4,1,8,golden,"金色の, すばらしい",,0,,golden,"金色の, すばらしい","金色の, すばらしい",golden,04.26NH2_KeyWords_U1_英日_問題.pdf,ゴールダン,,golden,golden,,"金色の, すばらしい",単語,0,原本保持
960,ニューホライズン,NH,2,U1,Unit1,What can we experience on a trip?,Unit1 Part1,"P9,P10",9,10,4,1,9,holiday,"休日, 休暇",☆,1,,holiday,"休日, 休暇","休日, 休暇",holiday,04.26NH2_KeyWords_U1_英日_問題.pdf,ハラデイ,,holiday,holiday,,"休日, 休暇",単語,0,原本保持
961,ニューホライズン,NH,2,U1,Unit1,What can we experience on a trip?,Unit1 Part1,"P9,P10",9,10,4,1,10,around ~,"~のあちこちに[で, を]",,0,,around ~,"~のあちこちに[で, を]","~のあちこちに[で, を]",around ~,04.26NH2_KeyWords_U1_英日_問題.pdf,アラウンド ～,,around ~,around ~,,"~のあちこちに[で, を]",表現,1,原本保持
962,ニューホライズン,NH,2,U1,Unit1,What can we experience on a trip?,Unit1 Part1,"P9,P10",9,10,4,1,11,soon,"すぐに, まもなく",☆,1,,soon,"すぐに, まもなく","すぐに, まもなく",soon,04.26NH2_KeyWords_U1_英日_問題.pdf,スーン,,soon,soon,,"すぐに, まもなく",単語,0,原本保持
963,ニューホライズン,NH,2,U1,Unit1,What can we experience on a trip?,Unit1 Part1,"P9,P10",9,10,4,1,12,See you.,またね。,,0,,See you.,またね。,またね。,See you.,04.26NH2_KeyWords_U1_英日_問題.pdf,シー ユー,,See you.,See you.,,またね。,複数語,1,原本保持
964,ニューホライズン,NH,2,U1,Unit1,What can we experience on a trip?,Unit1 Part2,P11,11,11,4,1,13,will,"~でしょう, ~するつもりです",☆,1,,will,"~でしょう, ~するつもりです","~でしょう, ~するつもりです",will,04.26NH2_KeyWords_U1_英日_問題.pdf,ウィル,,will,will,,"~でしょう, ~するつもりです",単語,0,原本保持
965,ニューホライズン,NH,2,U1,Unit1,What can we experience on a trip?,Unit1 Part2,P11,11,11,4,1,14,you'll,you willの短縮形,,0,,you'll,you willの短縮形,you willの短縮形,you'll,04.26NH2_KeyWords_U1_英日_問題.pdf,ユール,,you'll,you'll,,you willの短縮形,短縮形,0,原本保持
966,ニューホライズン,NH,2,U1,Unit1,What can we experience on a trip?,Unit1 Part2,P11,11,11,4,1,15,won't,will notの短縮形,☆,1,,won't,will notの短縮形,will notの短縮形,won't,04.26NH2_KeyWords_U1_英日_問題.pdf,ウォント,,won't,won't,,will notの短縮形,短縮形,0,原本保持
967,ニューホライズン,NH,2,U1,Unit1,What can we experience on a trip?,Unit1 Part2,P11,11,11,4,1,16,seafood,シーフード,,0,,seafood,シーフード,シーフード,seafood,04.26NH2_KeyWords_U1_英日_問題.pdf,シフド,,seafood,seafood,,シーフード,単語,0,原本保持
968,ニューホライズン,NH,2,U1,Unit1,What can we experience on a trip?,Unit1 Part2,P11,11,11,4,1,17,I'll,I willの短縮形,☆,1,,I'll,I willの短縮形,I willの短縮形,I'll,04.26NH2_KeyWords_U1_英日_問題.pdf,アイル,,I'll,I'll,,I willの短縮形,短縮形,0,原本保持
969,ニューホライズン,NH,2,U1,Unit1,What can we experience on a trip?,Unit1 Part2,P11,11,11,4,1,18,reservation,予約,,0,,reservation,予約,予約,reservation,04.26NH2_KeyWords_U1_英日_問題.pdf,レザーヴェイシャン,,reservation,reservation,,予約,単語,0,原本保持
970,ニューホライズン,NH,2,U1,Unit1,What can we experience on a trip?,Unit1 Part2,P11,11,11,4,1,19,excited,わくわくした,☆,1,,excited,わくわくした,わくわくした,excited,04.26NH2_KeyWords_U1_英日_問題.pdf,イックサイタッド,,excited,excited,,わくわくした,単語,0,原本保持
971,ニューホライズン,NH,2,U1,Unit1,What can we experience on a trip?,Unit1 Part2,P11,11,11,4,1,20,far,遠くに[へ],,0,,far,遠くに[へ],遠くに[へ],far,04.26NH2_KeyWords_U1_英日_問題.pdf,ファー,,far,far,,遠くに[へ],単語,0,原本保持
972,ニューホライズン,NH,2,U1,Unit1,What can we experience on a trip?,Unit1 Part2,P11,11,11,4,1,21,first,最初に,☆,1,,first,最初に,最初に,first,04.26NH2_KeyWords_U1_英日_問題.pdf,ファースト,,first,first,,最初に,単語,0,原本保持
973,ニューホライズン,NH,2,U1,Unit1,What can we experience on a trip?,Unit1 Read and Think1,"P12,P13",12,13,4,1,22,find-found,"~を見つける, 発見する[原形-過去形]",☆,1,,find-found,"~を見つける, 発見する[原形-過去形]","~を見つける, 発見する[原形-過去形]",find-found,04.26NH2_KeyWords_U1_英日_問題.pdf,ファインド・ファウンド,,find-found,find-found,,"~を見つける, 発見する[原形-過去形]",単語,0,原本保持
974,ニューホライズン,NH,2,U1,Unit1,What can we experience on a trip?,Unit1 Read and Think1,"P12,P13",12,13,4,1,23,shop,買い物をする,,0,,shop,買い物をする,買い物をする,shop,04.26NH2_KeyWords_U1_英日_問題.pdf,シャプ,,shop,shop,,買い物をする,単語,0,原本保持
975,ニューホライズン,NH,2,U1,Unit1,What can we experience on a trip?,Unit1 Read and Think1,"P12,P13",12,13,4,1,24,language,"言語, 言葉",☆,1,,language,"言語, 言葉","言語, 言葉",language,04.26NH2_KeyWords_U1_英日_問題.pdf,ランググワジ,,language,language,,"言語, 言葉",単語,0,原本保持
976,ニューホライズン,NH,2,U1,Unit1,What can we experience on a trip?,Unit1 Read and Think1,"P12,P13",12,13,4,1,25,communicate,"連絡する, 意思の疎通をする",,0,,communicate,"連絡する, 意思の疎通をする","連絡する, 意思の疎通をする",communicate,04.26NH2_KeyWords_U1_英日_問題.pdf,カムユナケイト,,communicate,communicate,,"連絡する, 意思の疎通をする",単語,0,原本保持
977,ニューホライズン,NH,2,U1,Unit1,What can we experience on a trip?,Unit1 Read and Think1,"P12,P13",12,13,4,1,26,Chinese,中国語,☆,1,,Chinese,中国語,中国語,Chinese,04.26NH2_KeyWords_U1_英日_問題.pdf,チャイニーズ,,Chinese,Chinese,,中国語,単語,0,原本保持
978,ニューホライズン,NH,2,U1,Unit1,What can we experience on a trip?,Unit1 Read and Think1,"P12,P13",12,13,4,1,27,example,例,,0,,example,例,例,example,04.26NH2_KeyWords_U1_英日_問題.pdf,イッグザムパル,,example,example,,例,単語,0,原本保持
979,ニューホライズン,NH,2,U1,Unit1,What can we experience on a trip?,Unit1 Read and Think1,"P12,P13",12,13,4,1,28,different,"ちがう, 異なる",☆,1,,different,"ちがう, 異なる","ちがう, 異なる",different,04.26NH2_KeyWords_U1_英日_問題.pdf,ディファレント,,different,different,,"ちがう, 異なる",単語,0,原本保持
980,ニューホライズン,NH,2,U1,Unit1,What can we experience on a trip?,Unit1 Read and Think1,"P12,P13",12,13,4,1,29,meter,メートル,,0,,meter,メートル,メートル,meter,04.26NH2_KeyWords_U1_英日_問題.pdf,ミター,,meter,meter,,メートル,単語,0,原本保持
981,ニューホライズン,NH,2,U1,Unit1,What can we experience on a trip?,Unit1 Read and Think1,"P12,P13",12,13,4,1,30,for example,例えば,☆,1,,for example,例えば,例えば,for example,04.26NH2_KeyWords_U1_英日_問題.pdf,フォー イッグザムパル,,for example,for example,,例えば,複数語,1,原本保持
982,ニューホライズン,NH,2,U1,Unit1,What can we experience on a trip?,Unit1 Read and Think1,"P12,P13",12,13,4,1,31,dollar,ドル,,0,,dollar,ドル,ドル,dollar,04.26NH2_KeyWords_U1_英日_問題.pdf,ダラー,,dollar,dollar,,ドル,単語,0,原本保持
983,ニューホライズン,NH,2,U1,Unit1,What can we experience on a trip?,Unit1 Read and Think1,"P12,P13",12,13,4,1,32,weigh,~の重さがある,,0,,weigh,~の重さがある,~の重さがある,weigh,04.26NH2_KeyWords_U1_英日_問題.pdf,ウェイ,,weigh,weigh,,~の重さがある,単語,0,原本保持
984,ニューホライズン,NH,2,U1,Unit1,What can we experience on a trip?,Unit1 Read and Think1,"P12,P13",12,13,4,1,33,~tall,身長[高さ]が~ある,,0,,~tall,身長[高さ]が~ある,身長[高さ]が~ある,~tall,04.26NH2_KeyWords_U1_英日_問題.pdf,～ トール,,~tall,~tall,,身長[高さ]が~ある,表現,0,原本保持
985,ニューホライズン,NH,2,U1,Unit1,What can we experience on a trip?,Unit1 Read and Think2,"P14,P15",14,15,4,1,34,culture,文化,☆,1,,culture,文化,文化,culture,04.26NH2_KeyWords_U1_英日_問題.pdf,カルチャー,,culture,culture,,文化,単語,0,原本保持
986,ニューホライズン,NH,2,U1,Unit1,What can we experience on a trip?,Unit1 Read and Think2,"P14,P15",14,15,4,1,35,painting,(絵の具でかいた)絵,,0,,painting,(絵の具でかいた)絵,(絵の具でかいた)絵,painting,04.26NH2_KeyWords_U1_英日_問題.pdf,ペインティング,,painting,painting,,(絵の具でかいた)絵,単語,0,原本保持
987,ニューホライズン,NH,2,U1,Unit1,What can we experience on a trip?,Unit1 Read and Think2,"P14,P15",14,15,4,1,36,surprised,"驚いた, びっくりした",☆,1,,surprised,"驚いた, びっくりした","驚いた, びっくりした",surprised,04.26NH2_KeyWords_U1_英日_問題.pdf,サープライズド,,surprised,surprised,,"驚いた, びっくりした",単語,0,原本保持
988,ニューホライズン,NH,2,U1,Unit1,What can we experience on a trip?,Unit1 Read and Think2,"P14,P15",14,15,4,1,37,India,インド,,0,,India,インド,インド,India,04.26NH2_KeyWords_U1_英日_問題.pdf,インディア,,India,India,,インド,単語,0,原本保持
989,ニューホライズン,NH,2,U1,Unit1,What can we experience on a trip?,Unit1 Read and Think2,"P14,P15",14,15,4,1,38,area,"場所, 地域",☆,1,,area,"場所, 地域","場所, 地域",area,04.26NH2_KeyWords_U1_英日_問題.pdf,エリア,,area,area,,"場所, 地域",単語,0,原本保持
990,ニューホライズン,NH,2,U1,Unit1,What can we experience on a trip?,Unit1 Read and Think2,"P14,P15",14,15,4,1,39,wall,かべ,,0,,wall,かべ,かべ,wall,04.26NH2_KeyWords_U1_英日_問題.pdf,ウォール,,wall,wall,,かべ,単語,0,原本保持
991,ニューホライズン,NH,2,U1,Unit1,What can we experience on a trip?,Unit1 教科書本文,P10～P15,10,15,4,1,40,Singapore,シンガポール,,0,,Singapore,シンガポール,シンガポール,Singapore,04.26NH2_KeyWords_U1_英日_問題.pdf,シンガポール,,Singapore,Singapore,,シンガポール,単語,0,原本保持
992,ニューホライズン,NH,2,U1,Unit1,What can we experience on a trip?,Unit1 教科書本文,P10～P15,10,15,4,1,41,mosque,"モスク, イスラム教寺院",,0,,mosque,"モスク, イスラム教寺院","モスク, イスラム教寺院",mosque,04.26NH2_KeyWords_U1_英日_問題.pdf,マスク,,mosque,mosque,,"モスク, イスラム教寺院",単語,0,原本保持
993,ニューホライズン,NH,2,U1,Unit1,What can we experience on a trip?,Unit1 教科書本文,P10～P15,10,15,4,1,42,ton,トン[重さの単位],,0,,ton,トン[重さの単位],トン[重さの単位],ton,04.26NH2_KeyWords_U1_英日_問題.pdf,タン,,ton,ton,,トン[重さの単位],単語,0,原本保持
994,ニューホライズン,NH,2,U1,Unit1 What,can we experience on a trip?,Unit1 1～RT2,P9～P15,9,15,4,2,43,around,"~のあちこちに[で, を]",☆,1,,around,"~のあちこちに[で, を]","~のあちこちに[で, を]",around,04.26NH2_KeyWords_U1_英日_問題.pdf,アラウンド,,around,around,,"~のあちこちに[で, を]",単語,0,原本保持
995,ニューホライズン,NH,2,U1,Unit1 What,can we experience on a trip?,Unit1 1～RT2,P9～P15,9,15,4,2,44,dollar,ドル,☆,1,,dollar,ドル,ドル,dollar,04.26NH2_KeyWords_U1_英日_問題.pdf,ダラー,,dollar,dollar,,ドル,単語,0,原本保持
996,ニューホライズン,NH,2,U1,Unit1 What,can we experience on a trip?,Unit1 1～RT2,P9～P15,9,15,4,2,45,reservation,予約,☆,1,,reservation,予約,予約,reservation,04.26NH2_KeyWords_U1_英日_問題.pdf,レザーヴェイシャン,,reservation,reservation,,予約,単語,0,原本保持
997,ニューホライズン,NH,2,U1,Unit1 What,can we experience on a trip?,Unit1 1～RT2,P9～P15,9,15,4,2,46,~ tall,身長[高さ]が~ある,☆,1,,~ tall,身長[高さ]が~ある,身長[高さ]が~ある,~ tall,04.26NH2_KeyWords_U1_英日_問題.pdf,～ トール,,~ tall,~ tall,,身長[高さ]が~ある,表現,1,原本保持
998,ニューホライズン,NH,2,U1,Unit1 What,can we experience on a trip?,Unit1 1～RT2,P9～P15,9,15,4,2,47,far,遠くに[へ],☆,1,,far,遠くに[へ],遠くに[へ],far,04.26NH2_KeyWords_U1_英日_問題.pdf,ファー,,far,far,,遠くに[へ],単語,0,原本保持
999,ニューホライズン,NH,2,U1,Unit1 What,can we experience on a trip?,Unit1 1～RT2,P9～P15,9,15,4,2,48,wall,かべ,☆,1,,wall,かべ,かべ,wall,04.26NH2_KeyWords_U1_英日_問題.pdf,ウォール,,wall,wall,,かべ,単語,0,原本保持
1000,ニューホライズン,NH,2,U1,Unit1 What,can we experience on a trip?,Unit1 1～RT2,P9～P15,9,15,4,2,49,communicate,意思の疎通をする,☆,1,,communicate,意思の疎通をする,意思の疎通をする,communicate,04.26NH2_KeyWords_U1_英日_問題.pdf,カムユナケイト,,communicate,communicate,,意思の疎通をする,単語,0,原本保持
1001,ニューホライズン,NH,2,U2,What,is local food? Unit2,Unit2 Part1,"P19,P20",19,20,5,1,1,when ~,~するとき,☆,1,,when ~,~するとき,~するとき,when ~,05.26NH2_KeyWords_U2_英日_問題.pdf,ウェン ～,,when ~,when ~,,~するとき,表現,1,原本保持
1002,ニューホライズン,NH,2,U2,What,is local food? Unit2,Unit2 Part1,"P19,P20",19,20,5,1,2,soy sauce,しょうゆ,,0,,soy sauce,しょうゆ,しょうゆ,soy sauce,05.26NH2_KeyWords_U2_英日_問題.pdf,ソイ ソス,,soy sauce,soy sauce,,しょうゆ,複数語,1,原本保持
1003,ニューホライズン,NH,2,U2,What,is local food? Unit2,Unit2 Part1,"P19,P20",19,20,5,1,3,order,~を注文する,☆,1,,order,~を注文する,~を注文する,order,05.26NH2_KeyWords_U2_英日_問題.pdf,オーダー,,order,order,,~を注文する,単語,0,原本保持
1004,ニューホライズン,NH,2,U2,What,is local food? Unit2,Unit2 Part1,"P19,P20",19,20,5,1,4,salt,塩,,0,,salt,塩,塩,salt,05.26NH2_KeyWords_U2_英日_問題.pdf,ソールト,,salt,salt,,塩,単語,0,原本保持
1005,ニューホライズン,NH,2,U2,What,is local food? Unit2,Unit2 Part1,"P19,P20",19,20,5,1,5,various,いろいろな,☆,1,,various,いろいろな,いろいろな,various,05.26NH2_KeyWords_U2_英日_問題.pdf,ヴェリス,,various,various,,いろいろな,単語,0,原本保持
1006,ニューホライズン,NH,2,U2,What,is local food? Unit2,Unit2 Part1,"P19,P20",19,20,5,1,6,flavor,(香りもふくめた)風味,,0,,flavor,(香りもふくめた)風味,(香りもふくめた)風味,flavor,05.26NH2_KeyWords_U2_英日_問題.pdf,フレイヴァー,,flavor,flavor,,(香りもふくめた)風味,単語,0,原本保持
1007,ニューホライズン,NH,2,U2,What,is local food? Unit2,Unit2 Part1,"P19,P20",19,20,5,1,7,~and so on,~など,☆,1,,~and so on,~など,~など,~and so on,05.26NH2_KeyWords_U2_英日_問題.pdf,～ アンド ソウ オン,,~and so on,~and so on,,~など,表現,1,原本保持
1008,ニューホライズン,NH,2,U2,What,is local food? Unit2,Unit2 Part1,"P19,P20",19,20,5,1,8,so,そのように,,0,,so,そのように,そのように,so,05.26NH2_KeyWords_U2_英日_問題.pdf,ソウ,,so,so,,そのように,単語,0,原本保持
1009,ニューホライズン,NH,2,U2,What,is local food? Unit2,Unit2 Part1,"P19,P20",19,20,5,1,9,topping,トッピング,,0,,topping,トッピング,トッピング,topping,05.26NH2_KeyWords_U2_英日_問題.pdf,タピング,,topping,topping,,トッピング,単語,0,原本保持
1010,ニューホライズン,NH,2,U2,What,is local food? Unit2,Unit2 Part1,"P19,P20",19,20,5,1,10,especially,特に,,0,,especially,特に,特に,especially,05.26NH2_KeyWords_U2_英日_問題.pdf,アスペシュリ,,especially,especially,,特に,単語,0,原本保持
1011,ニューホライズン,NH,2,U2,What,is local food? Unit2,Unit2 Part2,P21,21,21,5,1,11,if ~,もし~ならば,☆,1,,if ~,もし~ならば,もし~ならば,if ~,05.26NH2_KeyWords_U2_英日_問題.pdf,イフ ～,,if ~,if ~,,もし~ならば,表現,1,原本保持
1012,ニューホライズン,NH,2,U2,What,is local food? Unit2,Unit2 Part2,P21,21,21,5,1,12,can,~してもよい,,0,,can,~してもよい,~してもよい,can,05.26NH2_KeyWords_U2_英日_問題.pdf,キャン,,can,can,,~してもよい,単語,0,原本保持
1013,ニューホライズン,NH,2,U2,What,is local food? Unit2,Unit2 Part2,P21,21,21,5,1,13,speech,"スピーチ, 演説",☆,1,,speech,"スピーチ, 演説","スピーチ, 演説",speech,05.26NH2_KeyWords_U2_英日_問題.pdf,スピチ,,speech,speech,,"スピーチ, 演説",単語,0,原本保持
1014,ニューホライズン,NH,2,U2,What,is local food? Unit2,Unit2 Part2,P21,21,21,5,1,14,butter,バター,,0,,butter,バター,バター,butter,05.26NH2_KeyWords_U2_英日_問題.pdf,バター,,butter,butter,,バター,単語,0,原本保持
1015,ニューホライズン,NH,2,U2,What,is local food? Unit2,Unit2 Part2,P21,21,21,5,1,15,sometime,"いつか, そのうち",☆,1,,sometime,"いつか, そのうち","いつか, そのうち",sometime,05.26NH2_KeyWords_U2_英日_問題.pdf,サムタイム,,sometime,sometime,,"いつか, そのうち",単語,0,原本保持
1016,ニューホライズン,NH,2,U2,What,is local food? Unit2,Unit2 Part2,P21,21,21,5,1,16,would love to ~,~したい(のですが),,0,,would love to ~,~したい(のですが),~したい(のですが),would love to ~,05.26NH2_KeyWords_U2_英日_問題.pdf,ウッド ラブ トゥ ～,,would love to ~,would love to ~,,~したい(のですが),表現,1,原本保持
1017,ニューホライズン,NH,2,U2,What,is local food? Unit2,Unit2 Part2,P21,21,21,5,1,17,add,"~を加える, 足す",,0,,add,"~を加える, 足す","~を加える, 足す",add,05.26NH2_KeyWords_U2_英日_問題.pdf,アッド,,add,add,,"~を加える, 足す",単語,0,原本保持
1018,ニューホライズン,NH,2,U2,What,is local food? Unit2,Unit2 Read and Think1,"P22,P23",22,23,5,1,18,because ~,~なので,☆,1,,because ~,~なので,~なので,because ~,05.26NH2_KeyWords_U2_英日_問題.pdf,ビコーズ ～,,because ~,because ~,,~なので,表現,1,原本保持
1019,ニューホライズン,NH,2,U2,What,is local food? Unit2,Unit2 Read and Think1,"P22,P23",22,23,5,1,19,stay,~のままでいる,,0,,stay,~のままでいる,~のままでいる,stay,05.26NH2_KeyWords_U2_英日_問題.pdf,ステイ,,stay,stay,,~のままでいる,単語,0,原本保持
1020,ニューホライズン,NH,2,U2,What,is local food? Unit2,Unit2 Read and Think1,"P22,P23",22,23,5,1,20,forget,忘れる,☆,1,,forget,忘れる,忘れる,forget,05.26NH2_KeyWords_U2_英日_問題.pdf,フォーゲット,,forget,forget,,忘れる,単語,0,原本保持
1021,ニューホライズン,NH,2,U2,What,is local food? Unit2,Unit2 Read and Think1,"P22,P23",22,23,5,1,21,thick,"濃い, どろっとした",,0,,thick,"濃い, どろっとした","濃い, どろっとした",thick,05.26NH2_KeyWords_U2_英日_問題.pdf,シック,,thick,thick,,"濃い, どろっとした",単語,0,原本保持
1022,ニューホライズン,NH,2,U2,What,is local food? Unit2,Unit2 Read and Think1,"P22,P23",22,23,5,1,22,early,早く,☆,1,,early,早く,早く,early,05.26NH2_KeyWords_U2_英日_問題.pdf,アーリー,,early,early,,早く,単語,0,原本保持
1023,ニューホライズン,NH,2,U2,What,is local food? Unit2,Unit2 Read and Think1,"P22,P23",22,23,5,1,23,recommended,おすすめの,,0,,recommended,おすすめの,おすすめの,recommended,05.26NH2_KeyWords_U2_英日_問題.pdf,レカメンディッド,,recommended,recommended,,おすすめの,単語,0,原本保持
1024,ニューホライズン,NH,2,U2,What,is local food? Unit2,Unit2 Read and Think1,"P22,P23",22,23,5,1,24,A kind(s) of ~,A種類の~,☆,1,,A kind(s) of ~,A種類の~,A種類の~,A kind(s) of ~,05.26NH2_KeyWords_U2_英日_問題.pdf,ア カインド エス オブ ～,,A kind(s) of ~,A kind(s) of ~,,A種類の~,表現,1,正本保持・展開なし
1025,ニューホライズン,NH,2,U2,What,is local food? Unit2,Unit2 Read and Think1,"P22,P23",22,23,5,1,25,~based,~をベースにした,,0,,~based,~をベースにした,~をベースにした,~based,05.26NH2_KeyWords_U2_英日_問題.pdf,～ ベイスト,,~based,~based,,~をベースにした,表現,0,原本保持
1026,ニューホライズン,NH,2,U2,What,is local food? Unit2,Unit2 Read and Think1,"P22,P23",22,23,5,1,26,be interested in ~,~に興味がある,☆,1,,be interested in ~,~に興味がある,~に興味がある,be interested in ~,05.26NH2_KeyWords_U2_英日_問題.pdf,ビー イントラスティッド イン ～,,be interested in ~,be interested in ~,,~に興味がある,表現,1,原本保持
1027,ニューホライズン,NH,2,U2,What,is local food? Unit2,Unit2 Read and Think2,"P24,P25",24,25,5,1,27,change,変わる,☆,1,,change,変わる,変わる,change,05.26NH2_KeyWords_U2_英日_問題.pdf,チェンジ,,change,change,,変わる,単語,0,原本保持
1028,ニューホライズン,NH,2,U2,What,is local food? Unit2,Unit2 Read and Think2,"P24,P25",24,25,5,1,28,reflect,(物事・考えなど)を反映する,,0,,reflect,(物事・考えなど)を反映する,(物事・考えなど)を反映する,reflect,05.26NH2_KeyWords_U2_英日_問題.pdf,リフレックト,,reflect,reflect,,(物事・考えなど)を反映する,単語,0,原本保持
1029,ニューホライズン,NH,2,U2,What,is local food? Unit2,Unit2 Read and Think2,"P24,P25",24,25,5,1,29,climate,気候,☆,1,,climate,気候,気候,climate,05.26NH2_KeyWords_U2_英日_問題.pdf,クライマット,,climate,climate,,気候,単語,0,原本保持
1030,ニューホライズン,NH,2,U2,What,is local food? Unit2,Unit2 Read and Think2,"P24,P25",24,25,5,1,30,variation,変化,,0,,variation,変化,変化,variation,05.26NH2_KeyWords_U2_英日_問題.pdf,ヴェリエイシャン,,variation,variation,,変化,単語,0,原本保持
1031,ニューホライズン,NH,2,U2,What,is local food? Unit2,Unit2 Read and Think2,"P24,P25",24,25,5,1,31,foreign,外国の,☆,1,,foreign,外国の,外国の,foreign,05.26NH2_KeyWords_U2_英日_問題.pdf,フォラン,,foreign,foreign,,外国の,単語,0,原本保持
1032,ニューホライズン,NH,2,U2,What,is local food? Unit2,Unit2 Read and Think2,"P24,P25",24,25,5,1,32,sauce,ソース,,0,,sauce,ソース,ソース,sauce,05.26NH2_KeyWords_U2_英日_問題.pdf,ソス,,sauce,sauce,,ソース,単語,0,原本保持
1033,ニューホライズン,NH,2,U2,What,is local food? Unit2,Unit2 Read and Think2,"P24,P25",24,25,5,1,33,name A after B,BにちなんでAと名づける,☆,1,,name A after B,BにちなんでAと名づける,BにちなんでAと名づける,name A after B,05.26NH2_KeyWords_U2_英日_問題.pdf,ネーム ア アフター ビー,,name A after B,name A after B,,BにちなんでAと名づける,複数語,1,原本保持
1034,ニューホライズン,NH,2,U2,What,is local food? Unit2,Unit2 Read and Think2,"P24,P25",24,25,5,1,34,creativity,創造力,,0,,creativity,創造力,創造力,creativity,05.26NH2_KeyWords_U2_英日_問題.pdf,クリエイティヴァティ,,creativity,creativity,,創造力,単語,0,原本保持
1035,ニューホライズン,NH,2,U2,What,is local food? Unit2,Unit2 Read and Think2,"P24,P25",24,25,5,1,35,Here is[are]~.,こちらに~があります。,☆,1,,Here is[are]~.,こちらに~があります。,こちらに~があります。,Here is[are]~.,05.26NH2_KeyWords_U2_英日_問題.pdf,ヒア イズ（アー）～,,Here is[are]~.,Here is[are]~.,,こちらに~があります。,表現,1,原本保持
1036,ニューホライズン,NH,2,U2,What,is local food? Unit2,Unit2 Read and Think2,"P24,P25",24,25,5,1,36,chef,"シェフ, コック長",,0,,chef,"シェフ, コック長","シェフ, コック長",chef,05.26NH2_KeyWords_U2_英日_問題.pdf,シェフ,,chef,chef,,"シェフ, コック長",単語,0,原本保持
1037,ニューホライズン,NH,2,U2,What,is local food? Unit2,Unit2 Read and Think2,"P24,P25",24,25,5,1,37,come from ~,"~出身である, ~から来ている",☆,1,,come from ~,"~出身である, ~から来ている","~出身である, ~から来ている",come from ~,05.26NH2_KeyWords_U2_英日_問題.pdf,カム フロム ～,,come from ~,come from ~,,"~出身である, ~から来ている",表現,1,原本保持
1038,ニューホライズン,NH,2,U2,What,is local food? Unit2,Unit2 Read and Think2,"P24,P25",24,25,5,1,38,lives,"life(人生, 生活)の複数形",,0,,lives,"life(人生, 生活)の複数形","life(人生, 生活)の複数形",lives,05.26NH2_KeyWords_U2_英日_問題.pdf,リヴズ,,lives,lives,,"life(人生, 生活)の複数形",単語,0,原本保持
1039,ニューホライズン,NH,2,U2,What,is local food? Unit2,Unit2 Read and Think2,"P24,P25",24,25,5,1,39,create,創造する,,0,,create,創造する,創造する,create,05.26NH2_KeyWords_U2_英日_問題.pdf,クリエイト,,create,create,,創造する,単語,0,原本保持
1040,ニューホライズン,NH,2,U2,What,is local food? Unit2,Unit2 教科書本文,P20～P25,20,25,5,1,40,manufacturer,"製造業者, メーカー",,0,,manufacturer,"製造業者, メーカー","製造業者, メーカー",manufacturer,05.26NH2_KeyWords_U2_英日_問題.pdf,マンヤファックチャーアー,,manufacturer,manufacturer,,"製造業者, メーカー",単語,0,原本保持
1041,ニューホライズン,NH,2,U2,What,is local food? Unit2,Unit2 教科書本文,P20～P25,20,25,5,1,41,Italy,イタリア,,0,,Italy,イタリア,イタリア,Italy,05.26NH2_KeyWords_U2_英日_問題.pdf,イタリー,,Italy,Italy,,イタリア,単語,0,原本保持
1042,ニューホライズン,NH,2,U2,Unit2 What,is local food?,Unit2 1～RT2,P19～P25,19,25,5,2,42,especially,特に,☆,1,,especially,特に,特に,especially,05.26NH2_KeyWords_U2_英日_問題.pdf,アスペシュリ,,especially,especially,,特に,単語,0,原本保持
1043,ニューホライズン,NH,2,U2,Unit2 What,is local food?,Unit2 1～RT2,P19～P25,19,25,5,2,43,recommended,おすすめの,☆,1,,recommended,おすすめの,おすすめの,recommended,05.26NH2_KeyWords_U2_英日_問題.pdf,レカメンディッド,,recommended,recommended,,おすすめの,単語,0,原本保持
1044,ニューホライズン,NH,2,U2,Unit2 What,is local food?,Unit2 1～RT2,P19～P25,19,25,5,2,44,add,"~を加える, 足す",☆,1,,add,"~を加える, 足す","~を加える, 足す",add,05.26NH2_KeyWords_U2_英日_問題.pdf,アッド,,add,add,,"~を加える, 足す",単語,0,原本保持
1045,ニューホライズン,NH,2,U2,Unit2 What,is local food?,Unit2 1～RT2,P19～P25,19,25,5,2,45,create,創造する,☆,1,,create,創造する,創造する,create,05.26NH2_KeyWords_U2_英日_問題.pdf,クリエイト,,create,create,,創造する,単語,0,原本保持
1046,ニューホライズン,NH,2,U2,Unit2 What,is local food?,Real Life English 2 旅行先で-許可を求める・依頼する-,P27,27,27,5,2,46,next to ~,~のとなりに[の],☆,1,,next to ~,~のとなりに[の],~のとなりに[の],next to ~,05.26NH2_KeyWords_U2_英日_問題.pdf,ネックスト トゥ ～,,next to ~,next to ~,,~のとなりに[の],表現,1,原本保持
1047,ニューホライズン,NH,2,U2,Unit2 What,is local food?,Real Life English 2 旅行先で-許可を求める・依頼する-,P27,27,27,5,2,47,traveler,旅行者,,0,,traveler,旅行者,旅行者,traveler,05.26NH2_KeyWords_U2_英日_問題.pdf,トラヴァラー,,traveler,traveler,,旅行者,単語,0,原本保持
1048,ニューホライズン,NH,2,U2,Unit2 What,is local food?,Real Life English 2 旅行先で-許可を求める・依頼する-,P27,27,27,5,2,48,May I ~?,~してもよいですか。,☆,1,,May I ~?,~してもよいですか。,~してもよいですか。,May I ~?,05.26NH2_KeyWords_U2_英日_問題.pdf,メイ アイ ～,,May I ~?,May I ~?,,~してもよいですか。,表現,1,原本保持
1049,ニューホライズン,NH,2,U2,Unit2 What,is local food?,Real Life English 2 旅行先で-許可を求める・依頼する-,P27,27,27,5,2,49,resident,住民,,0,,resident,住民,住民,resident,05.26NH2_KeyWords_U2_英日_問題.pdf,レジダント,,resident,resident,,住民,単語,0,原本保持
1050,ニューホライズン,NH,2,U2,Unit2 What,is local food?,Real Life English 2 旅行先で-許可を求める・依頼する-,P27,27,27,5,2,50,ask A a favor,Aにお願いする,☆,1,,ask A a favor,Aにお願いする,Aにお願いする,ask A a favor,05.26NH2_KeyWords_U2_英日_問題.pdf,アスク ア ア フェイヴァー,,ask A a favor,ask A a favor,,Aにお願いする,複数語,1,原本保持
1051,ニューホライズン,NH,2,U2,Unit2 What,is local food?,Real Life English 2 旅行先で-許可を求める・依頼する-,P27,27,27,5,2,51,menu,メニュー,,0,,menu,メニュー,メニュー,menu,05.26NH2_KeyWords_U2_英日_問題.pdf,メンユ,,menu,menu,,メニュー,単語,0,原本保持
1052,ニューホライズン,NH,2,U2,Unit2 What,is local food?,Real Life English 2 旅行先で-許可を求める・依頼する-,P27,27,27,5,2,52,Could you ~?,~してくださいませんか。,☆,1,,Could you ~?,~してくださいませんか。,~してくださいませんか。,Could you ~?,05.26NH2_KeyWords_U2_英日_問題.pdf,クッジュー ～,,Could you ~?,Could you ~?,,~してくださいませんか。,表現,1,原本保持
1053,ニューホライズン,NH,2,U2,Unit2 What,is local food?,Real Life English 2 旅行先で-許可を求める・依頼する-,P27,27,27,5,2,53,Say cheese!,"はい, チーズ!",,0,,Say cheese!,"はい, チーズ!","はい, チーズ!",Say cheese!,05.26NH2_KeyWords_U2_英日_問題.pdf,セイ チーズ,,Say cheese!,Say cheese!,,"はい, チーズ!",表現,1,原本保持
1054,ニューホライズン,NH,2,U3,What,kind of job are you interested in? Unit3,"Unit3 Part1, 2",P29～P31,29,31,6,1,1,information,情報,☆,1,,information,情報,情報,information,06.26NH2_KeyWords_U3_英日_問題.pdf,インファーメイシャン,,information,information,,情報,単語,0,原本保持
1055,ニューホライズン,NH,2,U3,What,kind of job are you interested in? Unit3,"Unit3 Part1, 2",P29～P31,29,31,6,1,2,career,職業,,0,,career,職業,職業,career,06.26NH2_KeyWords_U3_英日_問題.pdf,カーイー,,career,career,,職業,単語,0,原本保持
1056,ニューホライズン,NH,2,U3,What,kind of job are you interested in? Unit3,"Unit3 Part1, 2",P29～P31,29,31,6,1,3,own,"(自分)自身の, 独自の",☆,1,,own,"(自分)自身の, 独自の","(自分)自身の, 独自の",own,06.26NH2_KeyWords_U3_英日_問題.pdf,オウン,,own,own,,"(自分)自身の, 独自の",単語,0,原本保持
1057,ニューホライズン,NH,2,U3,What,kind of job are you interested in? Unit3,"Unit3 Part1, 2",P29～P31,29,31,6,1,4,Career Day,職業体験日,,0,,Career Day,職業体験日,職業体験日,Career Day,06.26NH2_KeyWords_U3_英日_問題.pdf,キャリア デイ,,Career Day,Career Day,,職業体験日,複数語,1,原本保持
1058,ニューホライズン,NH,2,U3,What,kind of job are you interested in? Unit3,"Unit3 Part1, 2",P29～P31,29,31,6,1,5,international,国際的な,☆,1,,international,国際的な,国際的な,international,06.26NH2_KeyWords_U3_英日_問題.pdf,インターナシャナル,,international,international,,国際的な,単語,0,原本保持
1059,ニューホライズン,NH,2,U3,What,kind of job are you interested in? Unit3,"Unit3 Part1, 2",P29～P31,29,31,6,1,6,nursery school,保育園,,0,,nursery school,保育園,保育園,nursery school,06.26NH2_KeyWords_U3_英日_問題.pdf,ナーサーイー スクール,,nursery school,nursery school,,保育園,複数語,1,原本保持
1060,ニューホライズン,NH,2,U3,What,kind of job are you interested in? Unit3,"Unit3 Part1, 2",P29～P31,29,31,6,1,7,play,遊ぶ,,0,,play,遊ぶ,遊ぶ,play,06.26NH2_KeyWords_U3_英日_問題.pdf,プレイ,,play,play,,遊ぶ,単語,0,原本保持
1061,ニューホライズン,NH,2,U3,What,kind of job are you interested in? Unit3,"Unit3 Part1, 2",P29～P31,29,31,6,1,8,choose-chose,選ぶ[原形-過去形],☆,1,,choose-chose,選ぶ[原形-過去形],選ぶ[原形-過去形],choose-chose,06.26NH2_KeyWords_U3_英日_問題.pdf,チューズ・チョズ,,choose-chose,choose-chose,,選ぶ[原形-過去形],単語,0,原本保持
1062,ニューホライズン,NH,2,U3,What,kind of job are you interested in? Unit3,"Unit3 Part1, 2",P29～P31,29,31,6,1,9,park,駐車する,,0,,park,駐車する,駐車する,park,06.26NH2_KeyWords_U3_英日_問題.pdf,パーク,,park,park,,駐車する,単語,0,原本保持
1063,ニューホライズン,NH,2,U3,What,kind of job are you interested in? Unit3,"Unit3 Part1, 2",P29～P31,29,31,6,1,10,How about ~?,~はどうですか。,☆,1,,How about ~?,~はどうですか。,~はどうですか。,How about ~?,06.26NH2_KeyWords_U3_英日_問題.pdf,ハウ アバウト ～,,How about ~?,How about ~?,,~はどうですか。,表現,1,原本保持
1064,ニューホライズン,NH,2,U3,What,kind of job are you interested in? Unit3,"Unit3 Part1, 2",P29～P31,29,31,6,1,11,tag,"下げ札, 荷札",,0,,tag,"下げ札, 荷札","下げ札, 荷札",tag,06.26NH2_KeyWords_U3_英日_問題.pdf,タッグ,,tag,tag,,"下げ札, 荷札",単語,0,原本保持
1065,ニューホライズン,NH,2,U3,What,kind of job are you interested in? Unit3,"Unit3 Part1, 2",P29～P31,29,31,6,1,12,illustration,"挿絵, イラスト",,0,,illustration,"挿絵, イラスト","挿絵, イラスト",illustration,06.26NH2_KeyWords_U3_英日_問題.pdf,イラストレイシャン,,illustration,illustration,,"挿絵, イラスト",単語,0,原本保持
1066,ニューホライズン,NH,2,U3,What,kind of job are you interested in? Unit3,"Unit3 Part1, 2",P29～P31,29,31,6,1,13,note,メモ,,0,,note,メモ,メモ,note,06.26NH2_KeyWords_U3_英日_問題.pdf,ノト,,note,note,,メモ,単語,0,原本保持
1067,ニューホライズン,NH,2,U3,What,kind of job are you interested in? Unit3,"Unit3 Part1, 2",P29～P31,29,31,6,1,14,colorful,色彩に富んだ,,0,,colorful,色彩に富んだ,色彩に富んだ,colorful,06.26NH2_KeyWords_U3_英日_問題.pdf,カラーファル,,colorful,colorful,,色彩に富んだ,単語,0,原本保持
1068,ニューホライズン,NH,2,U3,What,kind of job are you interested in? Unit3,"Unit3 Part1, 2",P29～P31,29,31,6,1,15,chopsticks,(食事用の)はし,,0,,chopsticks,(食事用の)はし,(食事用の)はし,chopsticks,06.26NH2_KeyWords_U3_英日_問題.pdf,チャプスティックス,,chopsticks,chopsticks,,(食事用の)はし,単語,0,原本保持
1069,ニューホライズン,NH,2,U3,What,kind of job are you interested in? Unit3,Unit3 Read and Think1,"P32,P33",32,33,6,1,16,taught,teach(教える)の過去形,☆,1,,taught,teach(教える)の過去形,teach(教える)の過去形,taught,06.26NH2_KeyWords_U3_英日_問題.pdf,トット,,taught,taught,,teach(教える)の過去形,単語,0,原本保持
1070,ニューホライズン,NH,2,U3,What,kind of job are you interested in? Unit3,Unit3 Read and Think1,"P32,P33",32,33,6,1,17,pear,西洋ナシ,,0,,pear,西洋ナシ,西洋ナシ,pear,06.26NH2_KeyWords_U3_英日_問題.pdf,ペー,,pear,pear,,西洋ナシ,単語,0,原本保持
1071,ニューホライズン,NH,2,U3,What,kind of job are you interested in? Unit3,Unit3 Read and Think1,"P32,P33",32,33,6,1,18,start,始める,☆,1,,start,始める,始める,start,06.26NH2_KeyWords_U3_英日_問題.pdf,スタート,,start,start,,始める,単語,0,原本保持
1072,ニューホライズン,NH,2,U3,What,kind of job are you interested in? Unit3,Unit3 Read and Think1,"P32,P33",32,33,6,1,19,moon,(天体の)月,,0,,moon,(天体の)月,(天体の)月,moon,06.26NH2_KeyWords_U3_英日_問題.pdf,ムーン,,moon,moon,,(天体の)月,単語,0,原本保持
1073,ニューホライズン,NH,2,U3,What,kind of job are you interested in? Unit3,Unit3 Read and Think1,"P32,P33",32,33,6,1,20,important,"重要な, 大切な",☆,1,,important,"重要な, 大切な","重要な, 大切な",important,06.26NH2_KeyWords_U3_英日_問題.pdf,インポータント,,important,important,,"重要な, 大切な",単語,0,原本保持
1074,ニューホライズン,NH,2,U3,What,kind of job are you interested in? Unit3,Unit3 Read and Think1,"P32,P33",32,33,6,1,21,light,光,,0,,light,光,光,light,06.26NH2_KeyWords_U3_英日_問題.pdf,ライト,,light,light,,光,単語,0,原本保持
1075,ニューホライズン,NH,2,U3,What,kind of job are you interested in? Unit3,Unit3 Read and Think1,"P32,P33",32,33,6,1,22,come out of ~,~から出てくる,☆,1,,come out of ~,~から出てくる,~から出てくる,come out of ~,06.26NH2_KeyWords_U3_英日_問題.pdf,カム アウト オブ ～,,come out of ~,come out of ~,,~から出てくる,表現,1,原本保持
1076,ニューホライズン,NH,2,U3,What,kind of job are you interested in? Unit3,Unit3 Read and Think1,"P32,P33",32,33,6,1,23,leaf,(草木の)葉,,0,,leaf,(草木の)葉,(草木の)葉,leaf,06.26NH2_KeyWords_U3_英日_問題.pdf,リフ,,leaf,leaf,,(草木の)葉,単語,0,原本保持
1077,ニューホライズン,NH,2,U3,What,kind of job are you interested in? Unit3,Unit3 Read and Think1,"P32,P33",32,33,6,1,24,come up,のぼる,☆,1,,come up,のぼる,のぼる,come up,06.26NH2_KeyWords_U3_英日_問題.pdf,カム アップ,,come up,come up,,のぼる,複数語,1,原本保持
1078,ニューホライズン,NH,2,U3,What,kind of job are you interested in? Unit3,Unit3 Read and Think1,"P32,P33",32,33,6,1,25,caterpillar,"イモムシ, 毛虫",,0,,caterpillar,"イモムシ, 毛虫","イモムシ, 毛虫",caterpillar,06.26NH2_KeyWords_U3_英日_問題.pdf,カタピラー,,caterpillar,caterpillar,,"イモムシ, 毛虫",単語,0,原本保持
1079,ニューホライズン,NH,2,U3,What,kind of job are you interested in? Unit3,Unit3 Read and Think1,"P32,P33",32,33,6,1,26,lie-lay,"位置する, ある[原形-過去形]",,0,,lie-lay,"位置する, ある[原形-過去形]","位置する, ある[原形-過去形]",lie-lay,06.26NH2_KeyWords_U3_英日_問題.pdf,ライ・レイ,,lie-lay,lie-lay,,"位置する, ある[原形-過去形]",単語,0,原本保持
1080,ニューホライズン,NH,2,U3,What,kind of job are you interested in? Unit3,Unit3 Read and Think1,"P32,P33",32,33,6,1,27,tiny,ごく小さい,,0,,tiny,ごく小さい,ごく小さい,tiny,06.26NH2_KeyWords_U3_英日_問題.pdf,タイニ,,tiny,tiny,,ごく小さい,単語,0,原本保持
1081,ニューホライズン,NH,2,U3,What,kind of job are you interested in? Unit3,Unit3 Read and Think1,"P32,P33",32,33,6,1,28,plum,"西洋スモモ, プラム",,0,,plum,"西洋スモモ, プラム","西洋スモモ, プラム",plum,06.26NH2_KeyWords_U3_英日_問題.pdf,プラム,,plum,plum,,"西洋スモモ, プラム",単語,0,原本保持
1082,ニューホライズン,NH,2,U3,What,kind of job are you interested in? Unit3,Unit3 Read and Think1,"P32,P33",32,33,6,1,29,pretty,"かわいい, きれいな",,0,,pretty,"かわいい, きれいな","かわいい, きれいな",pretty,06.26NH2_KeyWords_U3_英日_問題.pdf,プリティ,,pretty,pretty,,"かわいい, きれいな",単語,0,原本保持
1083,ニューホライズン,NH,2,U3,What,kind of job are you interested in? Unit3,Unit3 Read and Think2,"P34,P35",34,35,6,1,30,understand,理解する,☆,1,,understand,理解する,理解する,understand,06.26NH2_KeyWords_U3_英日_問題.pdf,アンダースタンド,,understand,understand,,理解する,単語,0,原本保持
1084,ニューホライズン,NH,2,U3,What,kind of job are you interested in? Unit3,Unit3 Read and Think2,"P34,P35",34,35,6,1,31,clap,"(手を)たたく, 拍手する",,0,,clap,"(手を)たたく, 拍手する","(手を)たたく, 拍手する",clap,06.26NH2_KeyWords_U3_英日_問題.pdf,クラップ,,clap,clap,,"(手を)たたく, 拍手する",単語,0,原本保持
1085,ニューホライズン,NH,2,U3,What,kind of job are you interested in? Unit3,Unit3 Read and Think2,"P34,P35",34,35,6,1,32,learn,"学ぶ, 習う",☆,1,,learn,"学ぶ, 習う","学ぶ, 習う",learn,06.26NH2_KeyWords_U3_英日_問題.pdf,ラーン,,learn,learn,,"学ぶ, 習う",単語,0,原本保持
1086,ニューホライズン,NH,2,U3,What,kind of job are you interested in? Unit3,Unit3 Read and Think2,"P34,P35",34,35,6,1,33,adjust,調節する,,0,,adjust,調節する,調節する,adjust,06.26NH2_KeyWords_U3_英日_問題.pdf,アジャスト,,adjust,adjust,,調節する,単語,0,原本保持
1087,ニューホライズン,NH,2,U3,What,kind of job are you interested in? Unit3,Unit3 Read and Think2,"P34,P35",34,35,6,1,34,story,"話, 物語",☆,1,,story,"話, 物語","話, 物語",story,06.26NH2_KeyWords_U3_英日_問題.pdf,ストリ,,story,story,,"話, 物語",単語,0,原本保持
1088,ニューホライズン,NH,2,U3,What,kind of job are you interested in? Unit3,Unit3 Read and Think2,"P34,P35",34,35,6,1,35,speed,"スピード, 速度",,0,,speed,"スピード, 速度","スピード, 速度",speed,06.26NH2_KeyWords_U3_英日_問題.pdf,スピド,,speed,speed,,"スピード, 速度",単語,0,原本保持
1089,ニューホライズン,NH,2,U3,What,kind of job are you interested in? Unit3,Unit3 Read and Think2,"P34,P35",34,35,6,1,36,necessary,必要な,☆,1,,necessary,必要な,必要な,necessary,06.26NH2_KeyWords_U3_英日_問題.pdf,ネサセリ,,necessary,necessary,,必要な,単語,0,原本保持
1090,ニューホライズン,NH,2,U3,What,kind of job are you interested in? Unit3,Unit3 Read and Think2,"P34,P35",34,35,6,1,37,sentence,文,,0,,sentence,文,文,sentence,06.26NH2_KeyWords_U3_英日_問題.pdf,センタンス,,sentence,sentence,,文,単語,0,原本保持
1091,ニューホライズン,NH,2,U3,What,kind of job are you interested in? Unit3,Unit3 Read and Think2,"P34,P35",34,35,6,1,38,glad,うれしい,☆,1,,glad,うれしい,うれしい,glad,06.26NH2_KeyWords_U3_英日_問題.pdf,グラッド,,glad,glad,,うれしい,単語,0,原本保持
1092,ニューホライズン,NH,2,U3,What,kind of job are you interested in? Unit3,Unit3 Read and Think2,"P34,P35",34,35,6,1,39,loud,大きな声で,,0,,loud,大きな声で,大きな声で,loud,06.26NH2_KeyWords_U3_英日_問題.pdf,ラウド,,loud,loud,,大きな声で,単語,0,原本保持
1093,ニューホライズン,NH,2,U3,What,kind of job are you interested in? Unit3,Unit3 Read and Think2,"P34,P35",34,35,6,1,40,difficult,難しい,☆,1,,difficult,難しい,難しい,difficult,06.26NH2_KeyWords_U3_英日_問題.pdf,ディファックルト,,difficult,difficult,,難しい,単語,0,原本保持
1094,ニューホライズン,NH,2,U3,What,kind of job are you interested in? Unit3,Unit3 Read and Think2,"P34,P35",34,35,6,1,41,clearly,はっきりと,,0,,clearly,はっきりと,はっきりと,clearly,06.26NH2_KeyWords_U3_英日_問題.pdf,クリーリ,,clearly,clearly,,はっきりと,単語,0,原本保持
1095,ニューホライズン,NH,2,U3,What,kind of job are you interested in? Unit3,Unit3 Read and Think2,"P34,P35",34,35,6,1,42,Thank you for ~.,~をありがとう。,☆,1,,Thank you for ~.,~をありがとう。,~をありがとう。,Thank you for ~.,06.26NH2_KeyWords_U3_英日_問題.pdf,サンク ユー フォー ～,,Thank you for ~.,Thank you for ~.,,~をありがとう。,表現,1,原本保持
1096,ニューホライズン,NH,2,U3,What,kind of job are you interested in? Unit3,Unit3 Read and Think2,"P34,P35",34,35,6,1,43,Sincerely(yours),[手紙の結びで]敬具,,0,,Sincerely(yours),[手紙の結びで]敬具,[手紙の結びで]敬具,Sincerely(yours),06.26NH2_KeyWords_U3_英日_問題.pdf,シンシアリー（ユアーズ）,,Sincerely(yours),Sincerely,Sincerely yours,[手紙の結びで]敬具,表現,0,個別正規化済み
1097,ニューホライズン,NH,2,U3,What,kind of job are you interested in? Unit3,Unit3 Read and Think2,"P34,P35",34,35,6,1,44,from now on,これからは,☆,1,,from now on,これからは,これからは,from now on,06.26NH2_KeyWords_U3_英日_問題.pdf,フロム ナウ オン,,from now on,from now on,,これからは,複数語,1,原本保持
1098,ニューホライズン,NH,2,U3,What,kind of job are you interested in? Unit3,Unit3 Read and Think2,"P34,P35",34,35,6,1,45,again and again,何度も何度も,,0,,again and again,何度も何度も,何度も何度も,again and again,06.26NH2_KeyWords_U3_英日_問題.pdf,アゲイン アンド アゲイン,,again and again,again and again,,何度も何度も,複数語,1,原本保持
1099,ニューホライズン,NH,2,U3,What,kind of job are you interested in? Unit3,Unit3 Read and Think2,"P34,P35",34,35,6,1,46,smile,ほほえむ,,0,,smile,ほほえむ,ほほえむ,smile,06.26NH2_KeyWords_U3_英日_問題.pdf,スマイル,,smile,smile,,ほほえむ,単語,0,原本保持
1100,ニューホライズン,NH,2,U3,What,kind of job are you interested in? Unit3,Unit3 教科書本文,P30～P35,30,35,6,1,47,pop,ポンと鳴る音,,0,,pop,ポンと鳴る音,ポンと鳴る音,pop,06.26NH2_KeyWords_U3_英日_問題.pdf,パプ,,pop,pop,,ポンと鳴る音,単語,0,原本保持
1101,ニューホライズン,NH,2,U3,What,kind of job are you interested in? Unit3,Unit3 教科書本文,P30～P35,30,35,6,1,48,picture book,"絵本, 図鑑",,0,,picture book,"絵本, 図鑑","絵本, 図鑑",picture book,06.26NH2_KeyWords_U3_英日_問題.pdf,ピックチャー ブック,,picture book,picture book,,"絵本, 図鑑",複数語,1,原本保持
1102,ニューホライズン,NH,2,U3,Unit3 What,kind of job are you interested in?,Unit3 1～RT2,P29～P35,29,35,6,2,49,park,駐車する,☆,1,,park,駐車する,駐車する,park,06.26NH2_KeyWords_U3_英日_問題.pdf,パーク,,park,park,,駐車する,単語,0,原本保持
1103,ニューホライズン,NH,2,U3,Unit3 What,kind of job are you interested in?,Unit3 1～RT2,P29～P35,29,35,6,2,50,pretty,"かわいい, きれいな",☆,1,,pretty,"かわいい, きれいな","かわいい, きれいな",pretty,06.26NH2_KeyWords_U3_英日_問題.pdf,プリティ,,pretty,pretty,,"かわいい, きれいな",単語,0,原本保持
1104,ニューホライズン,NH,2,U3,Unit3 What,kind of job are you interested in?,Unit3 1～RT2,P29～P35,29,35,6,2,51,illustration,"挿絵, イラスト",☆,1,,illustration,"挿絵, イラスト","挿絵, イラスト",illustration,06.26NH2_KeyWords_U3_英日_問題.pdf,イラストレイシャン,,illustration,illustration,,"挿絵, イラスト",単語,0,原本保持
1105,ニューホライズン,NH,2,U3,Unit3 What,kind of job are you interested in?,Unit3 1～RT2,P29～P35,29,35,6,2,52,smile,ほほえむ,☆,1,,smile,ほほえむ,ほほえむ,smile,06.26NH2_KeyWords_U3_英日_問題.pdf,スマイル,,smile,smile,,ほほえむ,単語,0,原本保持
1106,ニューホライズン,NH,2,U3,Unit3 What,kind of job are you interested in?,Stage Activity 1 My Favorite Japanese Food,"P40,P41",40,41,6,2,53,reason,"理由, 根拠",☆,1,,reason,"理由, 根拠","理由, 根拠",reason,06.26NH2_KeyWords_U3_英日_問題.pdf,リザン,,reason,reason,,"理由, 根拠",単語,0,原本保持
1107,ニューホライズン,NH,2,U3,Unit3 What,kind of job are you interested in?,Stage Activity 1 My Favorite Japanese Food,"P40,P41",40,41,6,2,54,cabbage,キャベツ,,0,,cabbage,キャベツ,キャベツ,cabbage,06.26NH2_KeyWords_U3_英日_問題.pdf,カバジ,,cabbage,cabbage,,キャベツ,単語,0,原本保持
1108,ニューホライズン,NH,2,U3,Unit3 What,kind of job are you interested in?,Stage Activity 1 My Favorite Japanese Food,"P40,P41",40,41,6,2,55,ingredient,(料理などの)材料,,0,,ingredient,(料理などの)材料,(料理などの)材料,ingredient,06.26NH2_KeyWords_U3_英日_問題.pdf,イングリディント,,ingredient,ingredient,,(料理などの)材料,単語,0,原本保持
1109,ニューホライズン,NH,2,U3,Unit3 What,kind of job are you interested in?,Stage Activity 1 My Favorite Japanese Food,"P40,P41",40,41,6,2,56,tasty,おいしい,,0,,tasty,おいしい,おいしい,tasty,06.26NH2_KeyWords_U3_英日_問題.pdf,テイスティ,,tasty,tasty,,おいしい,単語,0,原本保持
1110,ニューホライズン,NH,2,U3,Unit3 What,kind of job are you interested in?,Stage Activity 1 My Favorite Japanese Food,"P40,P41",40,41,6,2,57,flour,小麦粉,,0,,flour,小麦粉,小麦粉,flour,06.26NH2_KeyWords_U3_英日_問題.pdf,フラウアー,,flour,flour,,小麦粉,単語,0,原本保持
1111,ニューホライズン,NH,2,U3,Unit3 What,kind of job are you interested in?,Stage Activity 1 My Favorite Japanese Food,"P40,P41",40,41,6,2,58,crispy,カリカリした,,0,,crispy,カリカリした,カリカリした,crispy,06.26NH2_KeyWords_U3_英日_問題.pdf,クリスピ,,crispy,crispy,,カリカリした,単語,0,原本保持
1112,ニューホライズン,NH,2,LR1,History,of Clocks Let's Read 1,Let's Read 1 教科書本文,P44～P47,44,47,7,1,1,told,"tell(言う, 伝える)の過去形",☆,1,,told,"tell(言う, 伝える)の過去形","tell(言う, 伝える)の過去形",told,07.26NH2_KeyWords_LR1_英日_問題.pdf,トールド,,told,told,,"tell(言う, 伝える)の過去形",単語,0,原本保持
1113,ニューホライズン,NH,2,LR1,History,of Clocks Let's Read 1,Let's Read 1 教科書本文,P44～P47,44,47,7,1,2,hour,時刻,,0,,hour,時刻,時刻,hour,07.26NH2_KeyWords_LR1_英日_問題.pdf,アワー,,hour,hour,,時刻,単語,0,原本保持
1114,ニューホライズン,NH,2,LR1,History,of Clocks Let's Read 1,Let's Read 1 教科書本文,P44～P47,44,47,7,1,3,give-gave,与える[原形-過去形],☆,1,,give-gave,与える[原形-過去形],与える[原形-過去形],give-gave,07.26NH2_KeyWords_LR1_英日_問題.pdf,ギブ・ゲイヴ,,give-gave,give-gave,,与える[原形-過去形],単語,0,原本保持
1115,ニューホライズン,NH,2,LR1,History,of Clocks Let's Read 1,Let's Read 1 教科書本文,P44～P47,44,47,7,1,4,hole,穴,,0,,hole,穴,穴,hole,07.26NH2_KeyWords_LR1_英日_問題.pdf,ホール,,hole,hole,,穴,単語,0,原本保持
1116,ニューホライズン,NH,2,LR1,History,of Clocks Let's Read 1,Let's Read 1 教科書本文,P44～P47,44,47,7,1,5,begin-began,~を始める[原形-過去形],☆,1,,begin-began,~を始める[原形-過去形],~を始める[原形-過去形],begin-began,07.26NH2_KeyWords_LR1_英日_問題.pdf,ビギン・ビガン,,begin-began,begin-began,,~を始める[原形-過去形],単語,0,原本保持
1117,ニューホライズン,NH,2,LR1,History,of Clocks Let's Read 1,Let's Read 1 教科書本文,P44～P47,44,47,7,1,6,fire,"火, 炎",,0,,fire,"火, 炎","火, 炎",fire,07.26NH2_KeyWords_LR1_英日_問題.pdf,ファイアー,,fire,fire,,"火, 炎",単語,0,原本保持
1118,ニューホライズン,NH,2,LR1,History,of Clocks Let's Read 1,Let's Read 1 教科書本文,P44～P47,44,47,7,1,7,~ago,~前に,☆,1,,~ago,~前に,~前に,~ago,07.26NH2_KeyWords_LR1_英日_問題.pdf,～ アゴ,,~ago,~ago,,~前に,表現,0,原本保持
1119,ニューホライズン,NH,2,LR1,History,of Clocks Let's Read 1,Let's Read 1 教科書本文,P44～P47,44,47,7,1,8,Egyptian,エジプト人,,0,,Egyptian,エジプト人,エジプト人,Egyptian,07.26NH2_KeyWords_LR1_英日_問題.pdf,エジプシャン,,Egyptian,Egyptian,,エジプト人,単語,0,原本保持
1120,ニューホライズン,NH,2,LR1,History,of Clocks Let's Read 1,Let's Read 1 教科書本文,P44～P47,44,47,7,1,9,about,"およそ, 約",☆,1,,about,"およそ, 約","およそ, 約",about,07.26NH2_KeyWords_LR1_英日_問題.pdf,アバウト,,about,about,,"およそ, 約",単語,0,原本保持
1121,ニューホライズン,NH,2,LR1,History,of Clocks Let's Read 1,Let's Read 1 教科書本文,P44～P47,44,47,7,1,10,candle,ろうそく,,0,,candle,ろうそく,ろうそく,candle,07.26NH2_KeyWords_LR1_英日_問題.pdf,カンダル,,candle,candle,,ろうそく,単語,0,原本保持
1122,ニューホライズン,NH,2,LR1,History,of Clocks Let's Read 1,Let's Read 1 教科書本文,P44～P47,44,47,7,1,11,could,~することができた,,0,,could,~することができた,~することができた,could,07.26NH2_KeyWords_LR1_英日_問題.pdf,クッド,,could,could,,~することができた,単語,0,原本保持
1123,ニューホライズン,NH,2,LR1,History,of Clocks Let's Read 1,Let's Read 1 教科書本文,P44～P47,44,47,7,1,12,bell,"ベルや鈴, かね(の音)",,0,,bell,"ベルや鈴, かね(の音)","ベルや鈴, かね(の音)",bell,07.26NH2_KeyWords_LR1_英日_問題.pdf,ベル,,bell,bell,,"ベルや鈴, かね(の音)",単語,0,原本保持
1124,ニューホライズン,NH,2,LR1,History,of Clocks Let's Read 1,Let's Read 1 教科書本文,P44～P47,44,47,7,1,13,put-put,"置く, 入れる[原形-過去形]",,0,,put-put,"置く, 入れる[原形-過去形]","置く, 入れる[原形-過去形]",put-put,07.26NH2_KeyWords_LR1_英日_問題.pdf,プット・プット,,put-put,put-put,,"置く, 入れる[原形-過去形]",単語,0,原本保持
1125,ニューホライズン,NH,2,LR1,History,of Clocks Let's Read 1,Let's Read 1 教科書本文,P44～P47,44,47,7,1,14,timekeeping,時間の計測,,0,,timekeeping,時間の計測,時間の計測,timekeeping,07.26NH2_KeyWords_LR1_英日_問題.pdf,タイムキーピング,,timekeeping,timekeeping,,時間の計測,単語,0,原本保持
1126,ニューホライズン,NH,2,LR1,History,of Clocks Let's Read 1,Let's Read 1 教科書本文,P44～P47,44,47,7,1,15,power,~を動力で動かす,,0,,power,~を動力で動かす,~を動力で動かす,power,07.26NH2_KeyWords_LR1_英日_問題.pdf,パウアー,,power,power,,~を動力で動かす,単語,0,原本保持
1127,ニューホライズン,NH,2,LR1,History,of Clocks Let's Read 1,Let's Read 1 教科書本文,P44～P47,44,47,7,1,16,other,ほかの,,0,,other,ほかの,ほかの,other,07.26NH2_KeyWords_LR1_英日_問題.pdf,アザー,,other,other,,ほかの,単語,0,原本保持
1128,ニューホライズン,NH,2,LR1,History,of Clocks Let's Read 1,Let's Read 1 教科書本文,P44～P47,44,47,7,1,17,move,~を動かす,,0,,move,~を動かす,~を動かす,move,07.26NH2_KeyWords_LR1_英日_問題.pdf,ムーブ,,move,move,,~を動かす,単語,0,原本保持
1129,ニューホライズン,NH,2,LR1,History,of Clocks Let's Read 1,Let's Read 1 教科書本文,P44～P47,44,47,7,1,18,mechanical,機械の,,0,,mechanical,機械の,機械の,mechanical,07.26NH2_KeyWords_LR1_英日_問題.pdf,マカニックル,,mechanical,mechanical,,機械の,単語,0,原本保持
1130,ニューホライズン,NH,2,LR1,History,of Clocks Let's Read 1,Let's Read 1 教科書本文,P44～P47,44,47,7,1,19,measure,~をはかる,,0,,measure,~をはかる,~をはかる,measure,07.26NH2_KeyWords_LR1_英日_問題.pdf,メアー,,measure,measure,,~をはかる,単語,0,原本保持
1131,ニューホライズン,NH,2,LR1,History,of Clocks Let's Read 1,Let's Read 1 教科書本文,P44～P47,44,47,7,1,20,light,軽い,,0,,light,軽い,軽い,light,07.26NH2_KeyWords_LR1_英日_問題.pdf,ライト,,light,light,,軽い,単語,0,原本保持
1132,ニューホライズン,NH,2,LR1,History,of Clocks Let's Read 1,Let's Read 1 教科書本文,P44～P47,44,47,7,1,21,improve,~を改善する,,0,,improve,~を改善する,~を改善する,improve,07.26NH2_KeyWords_LR1_英日_問題.pdf,イムプルヴ,,improve,improve,,~を改善する,単語,0,原本保持
1133,ニューホライズン,NH,2,LR1,History,of Clocks Let's Read 1,Let's Read 1 教科書本文,P44～P47,44,47,7,1,22,heavy,重い,,0,,heavy,重い,重い,heavy,07.26NH2_KeyWords_LR1_英日_問題.pdf,ヘヴィ,,heavy,heavy,,重い,単語,0,原本保持
1134,ニューホライズン,NH,2,LR1,History,of Clocks Let's Read 1,Let's Read 1 教科書本文,P44～P47,44,47,7,1,23,decrease,減少する,,0,,decrease,減少する,減少する,decrease,07.26NH2_KeyWords_LR1_英日_問題.pdf,ディクリス,,decrease,decrease,,減少する,単語,0,原本保持
1135,ニューホライズン,NH,2,LR1,History,of Clocks Let's Read 1,Let's Read 1 教科書本文,P44～P47,44,47,7,1,24,great,"偉大な, 優れた",,0,,great,"偉大な, 優れた","偉大な, 優れた",great,07.26NH2_KeyWords_LR1_英日_問題.pdf,グレイト,,great,great,,"偉大な, 優れた",単語,0,原本保持
1136,ニューホライズン,NH,2,LR1,History,of Clocks Let's Read 1,Let's Read 1 教科書本文,P44～P47,44,47,7,1,25,check,~を調べる,,0,,check,~を調べる,~を調べる,check,07.26NH2_KeyWords_LR1_英日_問題.pdf,チェック,,check,check,,~を調べる,単語,0,原本保持
1137,ニューホライズン,NH,2,LR1,History,of Clocks Let's Read 1,Let's Read 1 教科書本文,P44～P47,44,47,7,1,26,ancient,古代の,,0,,ancient,古代の,古代の,ancient,07.26NH2_KeyWords_LR1_英日_問題.pdf,エインチャント,,ancient,ancient,,古代の,単語,0,原本保持
1138,ニューホライズン,NH,2,LR1,History,of Clocks Let's Read 1,Let's Read 1 教科書本文,P44～P47,44,47,7,1,27,carry,運ぶ,,0,,carry,運ぶ,運ぶ,carry,07.26NH2_KeyWords_LR1_英日_問題.pdf,キャリー,,carry,carry,,運ぶ,単語,0,原本保持
1139,ニューホライズン,NH,2,LR1,History,of Clocks Let's Read 1,Let's Read 1 教科書本文,P44～P47,44,47,7,1,28,however,しかしながら,,0,,however,しかしながら,しかしながら,however,07.26NH2_KeyWords_LR1_英日_問題.pdf,ハウエヴァー,,however,however,,しかしながら,単語,0,原本保持
1140,ニューホライズン,NH,2,LR1,History,of Clocks Let's Read 1,Let's Read 1 教科書本文,P44～P47,44,47,7,1,29,burn,~を燃やす,,0,,burn,~を燃やす,~を燃やす,burn,07.26NH2_KeyWords_LR1_英日_問題.pdf,バーン,,burn,burn,,~を燃やす,単語,0,原本保持
1141,ニューホライズン,NH,2,LR1,History,of Clocks Let's Read 1,Let's Read 1 教科書本文,P44～P47,44,47,7,1,30,even ~,~でさえ,,0,,even ~,~でさえ,~でさえ,even ~,07.26NH2_KeyWords_LR1_英日_問題.pdf,イーヴィン ～,,even ~,even ~,,~でさえ,表現,1,原本保持
1142,ニューホライズン,NH,2,LR1,History,of Clocks Let's Read 1,Let's Read 1 教科書本文,P44～P47,44,47,7,1,31,technology,(科学)技術,,0,,technology,(科学)技術,(科学)技術,technology,07.26NH2_KeyWords_LR1_英日_問題.pdf,テックナラジ,,technology,technology,,(科学)技術,単語,0,原本保持
1143,ニューホライズン,NH,2,LR1,History,of Clocks Let's Read 1,Let's Read 1 教科書本文,P44～P47,44,47,7,1,32,little by little,少しずつ,,0,,little by little,少しずつ,少しずつ,little by little,07.26NH2_KeyWords_LR1_英日_問題.pdf,リットル バイ リットル,,little by little,little by little,,少しずつ,複数語,1,原本保持
1144,ニューホライズン,NH,2,LR1,History,of Clocks Let's Read 1,Let's Read 1 教科書本文,P44～P47,44,47,7,1,33,stick,棒,,0,,stick,棒,棒,stick,07.26NH2_KeyWords_LR1_英日_問題.pdf,スティック,,stick,stick,,棒,単語,0,原本保持
1145,ニューホライズン,NH,2,LR1,History,of Clocks Let's Read 1,Let's Read 1 教科書本文,P44～P47,44,47,7,1,34,it is time to ~,~すべき時である,,0,,it is time to ~,~すべき時である,~すべき時である,it is time to ~,07.26NH2_KeyWords_LR1_英日_問題.pdf,イット イズ タイム トゥ ～,,it is time to ~,it is time to ~,,~すべき時である,表現,1,原本保持
1146,ニューホライズン,NH,2,LR1,History,of Clocks Let's Read 1,Let's Read 1 教科書本文,P44～P47,44,47,7,1,35,shadow,影,,0,,shadow,影,影,shadow,07.26NH2_KeyWords_LR1_英日_問題.pdf,シャド,,shadow,shadow,,影,単語,0,原本保持
1147,ニューホライズン,NH,2,LR1,History,of Clocks Let's Read 1,Let's Read 1 教科書本文,P44～P47,44,47,7,1,36,some of ~,~のうちいくつか,,0,,some of ~,~のうちいくつか,~のうちいくつか,some of ~,07.26NH2_KeyWords_LR1_英日_問題.pdf,サム オブ ～,,some of ~,some of ~,,~のうちいくつか,表現,1,原本保持
1148,ニューホライズン,NH,2,LR1,History,of Clocks Let's Read 1,Let's Read 1 教科書本文,P44～P47,44,47,7,1,37,pot,"つぼ, かめ",,0,,pot,"つぼ, かめ","つぼ, かめ",pot,07.26NH2_KeyWords_LR1_英日_問題.pdf,パト,,pot,pot,,"つぼ, かめ",単語,0,原本保持
1149,ニューホライズン,NH,2,LR1,History,of Clocks Let's Read 1,Let's Read 1 教科書本文,P44～P47,44,47,7,1,38,at night,夜に(は),,0,,at night,夜に(は),夜に(は),at night,07.26NH2_KeyWords_LR1_英日_問題.pdf,アット ナイト,,at night,at night,,夜に(は),複数語,1,原本保持
1150,ニューホライズン,NH,2,LR1,History,of Clocks Let's Read 1,Let's Read 1 教科書本文,P44～P47,44,47,7,1,39,line,線,,0,,line,線,線,line,07.26NH2_KeyWords_LR1_英日_問題.pdf,ライン,,line,line,,線,単語,0,原本保持
1151,ニューホライズン,NH,2,LR1,History,of Clocks Let's Read 1,Let's Read 1 教科書本文,P44～P47,44,47,7,1,40,long ago,ずっと前に,,0,,long ago,ずっと前に,ずっと前に,long ago,07.26NH2_KeyWords_LR1_英日_問題.pdf,ロング アゴ,,long ago,long ago,,ずっと前に,複数語,1,原本保持
1152,ニューホライズン,NH,2,LR1,History,of Clocks Let's Read 1,Let's Read 1 教科書本文,P44～P47,44,47,7,1,41,idea,考え,,0,,idea,考え,考え,idea,07.26NH2_KeyWords_LR1_英日_問題.pdf,アイディア,,idea,idea,,考え,単語,0,原本保持
1153,ニューホライズン,NH,2,U4,Unit4,What is important in a homestay?,Unit4 Part1,"P49,P50",49,50,8,1,1,have to ~,~しなければならない,☆,1,,have to ~,~しなければならない,~しなければならない,have to ~,08.26NH2_KeyWords_U4_英日_問題.pdf,ハブ トゥ ～,,have to ~,have to ~,,~しなければならない,表現,1,原本保持
1154,ニューホライズン,NH,2,U4,Unit4,What is important in a homestay?,Unit4 Part1,"P49,P50",49,50,8,1,2,host,(招待した客をもてなす)主人,,0,,host,(招待した客をもてなす)主人,(招待した客をもてなす)主人,host,08.26NH2_KeyWords_U4_英日_問題.pdf,ホスト,,host,host,,(招待した客をもてなす)主人,単語,0,原本保持
1155,ニューホライズン,NH,2,U4,Unit4,What is important in a homestay?,Unit4 Part1,"P49,P50",49,50,8,1,3,don't have to ~,"~しなくてよい, ~する必要がない",☆,1,,don't have to ~,"~しなくてよい, ~する必要がない","~しなくてよい, ~する必要がない",don't have to ~,08.26NH2_KeyWords_U4_英日_問題.pdf,ドント ハブ トゥ ～,,don't have to ~,don't have to ~,,"~しなくてよい, ~する必要がない",表現,1,原本保持
1156,ニューホライズン,NH,2,U4,Unit4,What is important in a homestay?,Unit4 Part1,"P49,P50",49,50,8,1,4,homestay,ホームステイ,,0,,homestay,ホームステイ,ホームステイ,homestay,08.26NH2_KeyWords_U4_英日_問題.pdf,ホームステイ,,homestay,homestay,,ホームステイ,単語,0,原本保持
1157,ニューホライズン,NH,2,U4,Unit4,What is important in a homestay?,Unit4 Part1,"P49,P50",49,50,8,1,5,follow,~に従う,☆,1,,follow,~に従う,~に従う,follow,08.26NH2_KeyWords_U4_英日_問題.pdf,ファロ,,follow,follow,,~に従う,単語,0,原本保持
1158,ニューホライズン,NH,2,U4,Unit4,What is important in a homestay?,Unit4 Part1,"P49,P50",49,50,8,1,6,guest,客,,0,,guest,客,客,guest,08.26NH2_KeyWords_U4_英日_問題.pdf,ゲスト,,guest,guest,,客,単語,0,原本保持
1159,ニューホライズン,NH,2,U4,Unit4,What is important in a homestay?,Unit4 Part1,"P49,P50",49,50,8,1,7,ask,"たずねる, 質問する",☆,1,,ask,"たずねる, 質問する","たずねる, 質問する",ask,08.26NH2_KeyWords_U4_英日_問題.pdf,アスク,,ask,ask,,"たずねる, 質問する",単語,0,原本保持
1160,ニューホライズン,NH,2,U4,Unit4,What is important in a homestay?,Unit4 Part1,"P49,P50",49,50,8,1,8,advice,"忠告, 助言",,0,,advice,"忠告, 助言","忠告, 助言",advice,08.26NH2_KeyWords_U4_英日_問題.pdf,アッドヴァイス,,advice,advice,,"忠告, 助言",単語,0,原本保持
1161,ニューホライズン,NH,2,U4,Unit4,What is important in a homestay?,Unit4 Part1,"P49,P50",49,50,8,1,9,rule,規則,☆,1,,rule,規則,規則,rule,08.26NH2_KeyWords_U4_英日_問題.pdf,ルール,,rule,rule,,規則,単語,0,原本保持
1162,ニューホライズン,NH,2,U4,Unit4,What is important in a homestay?,Unit4 Part1,"P49,P50",49,50,8,1,10,perfect,"完全な, 完ぺきな",,0,,perfect,"完全な, 完ぺきな","完全な, 完ぺきな",perfect,08.26NH2_KeyWords_U4_英日_問題.pdf,パーフェックト,,perfect,perfect,,"完全な, 完ぺきな",単語,0,原本保持
1163,ニューホライズン,NH,2,U4,Unit4,What is important in a homestay?,Unit4 Part1,"P49,P50",49,50,8,1,11,member,"一員, メンバー",☆,1,,member,"一員, メンバー","一員, メンバー",member,08.26NH2_KeyWords_U4_英日_問題.pdf,メムバー,,member,member,,"一員, メンバー",単語,0,原本保持
1164,ニューホライズン,NH,2,U4,Unit4,What is important in a homestay?,Unit4 Part2,P51,51,51,8,1,12,must ~,~しなければならない,☆,1,,must ~,~しなければならない,~しなければならない,must ~,08.26NH2_KeyWords_U4_英日_問題.pdf,マスト ～,,must ~,must ~,,~しなければならない,表現,1,原本保持
1165,ニューホライズン,NH,2,U4,Unit4,What is important in a homestay?,Unit4 Part2,P51,51,51,8,1,13,also,そのうえ,☆,1,,also,そのうえ,そのうえ,also,08.26NH2_KeyWords_U4_英日_問題.pdf,オールソ,,also,also,,そのうえ,単語,0,原本保持
1166,ニューホライズン,NH,2,U4,Unit4,What is important in a homestay?,Unit4 Part2,P51,51,51,8,1,14,must not ~,~してはいけない,☆,1,,must not ~,~してはいけない,~してはいけない,must not ~,08.26NH2_KeyWords_U4_英日_問題.pdf,マスト ノット ～,,must not ~,must not ~,,~してはいけない,表現,1,原本保持
1167,ニューホライズン,NH,2,U4,Unit4,What is important in a homestay?,Unit4 Part2,P51,51,51,8,1,15,save,~を節約する,,0,,save,~を節約する,~を節約する,save,08.26NH2_KeyWords_U4_英日_問題.pdf,セイヴ,,save,save,,~を節約する,単語,0,原本保持
1168,ニューホライズン,NH,2,U4,Unit4,What is important in a homestay?,Unit4 Part2,P51,51,51,8,1,16,mustn't,must notの短縮形,☆,1,,mustn't,must notの短縮形,must notの短縮形,mustn't,08.26NH2_KeyWords_U4_英日_問題.pdf,マサント,,mustn't,mustn't,,must notの短縮形,短縮形,0,原本保持
1169,ニューホライズン,NH,2,U4,Unit4,What is important in a homestay?,Unit4 Part2,P51,51,51,8,1,17,shower,シャワー,,0,,shower,シャワー,シャワー,shower,08.26NH2_KeyWords_U4_英日_問題.pdf,シャウアー,,shower,shower,,シャワー,単語,0,原本保持
1170,ニューホライズン,NH,2,U4,Unit4,What is important in a homestay?,Unit4 Part2,P51,51,51,8,1,18,by ~,~までに,☆,1,,by ~,~までに,~までに,by ~,08.26NH2_KeyWords_U4_英日_問題.pdf,バイ ～,,by ~,by ~,,~までに,表現,1,原本保持
1171,ニューホライズン,NH,2,U4,Unit4,What is important in a homestay?,Unit4 Part2,P51,51,51,8,1,19,limit,"限界, 制限",,0,,limit,"限界, 制限","限界, 制限",limit,08.26NH2_KeyWords_U4_英日_問題.pdf,リマット,,limit,limit,,"限界, 制限",単語,0,原本保持
1172,ニューホライズン,NH,2,U4,Unit4,What is important in a homestay?,"Unit4 Read and Think1, 2",P52～P55,52,55,8,1,20,finish,~を終える,☆,1,,finish,~を終える,~を終える,finish,08.26NH2_KeyWords_U4_英日_問題.pdf,フィニッシュ,,finish,finish,,~を終える,単語,0,原本保持
1173,ニューホライズン,NH,2,U4,Unit4,What is important in a homestay?,"Unit4 Read and Think1, 2",P52～P55,52,55,8,1,21,answer,~に答える,☆,1,,answer,~に答える,~に答える,answer,08.26NH2_KeyWords_U4_英日_問題.pdf,アンサー,,answer,answer,,~に答える,単語,0,原本保持
1174,ニューホライズン,NH,2,U4,Unit4,What is important in a homestay?,"Unit4 Read and Think1, 2",P52～P55,52,55,8,1,22,much,[数えられない名詞につけて]多くの,☆,1,,much,[数えられない名詞につけて]多くの,[数えられない名詞につけて]多くの,much,08.26NH2_KeyWords_U4_英日_問題.pdf,マッチ,,much,much,,[数えられない名詞につけて]多くの,単語,0,原本保持
1175,ニューホライズン,NH,2,U4,Unit4,What is important in a homestay?,"Unit4 Read and Think1, 2",P52～P55,52,55,8,1,23,carefully,注意深く,☆,1,,carefully,注意深く,注意深く,carefully,08.26NH2_KeyWords_U4_英日_問題.pdf,ケーファリ,,carefully,carefully,,注意深く,単語,0,原本保持
1176,ニューホライズン,NH,2,U4,Unit4,What is important in a homestay?,"Unit4 Read and Think1, 2",P52～P55,52,55,8,1,24,should,~すべきである,☆,1,,should,~すべきである,~すべきである,should,08.26NH2_KeyWords_U4_英日_問題.pdf,シュッド,,should,should,,~すべきである,単語,0,原本保持
1177,ニューホライズン,NH,2,U4,Unit4,What is important in a homestay?,"Unit4 Read and Think1, 2",P52～P55,52,55,8,1,25,take off,~を脱ぐ,☆,1,,take off,~を脱ぐ,~を脱ぐ,take off,08.26NH2_KeyWords_U4_英日_問題.pdf,テイク オフ,,take off,take off,,~を脱ぐ,複数語,1,原本保持
1178,ニューホライズン,NH,2,U4,Unit4,What is important in a homestay?,"Unit4 Read and Think1, 2",P52～P55,52,55,8,1,26,nothing ~,何も~ない,☆,1,,nothing ~,何も~ない,何も~ない,nothing ~,08.26NH2_KeyWords_U4_英日_問題.pdf,ナシング ～,,nothing ~,nothing ~,,何も~ない,表現,1,原本保持
1179,ニューホライズン,NH,2,U4,Unit4,What is important in a homestay?,"Unit4 Read and Think1, 2",P52～P55,52,55,8,1,27,keep ~ing,~し続ける,☆,1,,keep ~ing,~し続ける,~し続ける,keep ~ing,08.26NH2_KeyWords_U4_英日_問題.pdf,キープ ～イング,,keep ~ing,keep ~ing,,~し続ける,表現,1,原本保持
1180,ニューホライズン,NH,2,U4,Unit4,What is important in a homestay?,"Unit4 Read and Think1, 2",P52～P55,52,55,8,1,28,hurt,~を傷つける,,0,,hurt,~を傷つける,~を傷つける,hurt,08.26NH2_KeyWords_U4_英日_問題.pdf,ハート,,hurt,hurt,,~を傷つける,単語,0,原本保持
1181,ニューホライズン,NH,2,U4,Unit4,What is important in a homestay?,"Unit4 Read and Think1, 2",P52～P55,52,55,8,1,29,in the future,"未来に, 将来に",☆,1,,in the future,"未来に, 将来に","未来に, 将来に",in the future,08.26NH2_KeyWords_U4_英日_問題.pdf,イン ザ フュチャー,,in the future,in the future,,"未来に, 将来に",複数語,1,原本保持
1182,ニューホライズン,NH,2,U4,Unit4,What is important in a homestay?,"Unit4 Read and Think1, 2",P52～P55,52,55,8,1,30,plate,取り皿,,0,,plate,取り皿,取り皿,plate,08.26NH2_KeyWords_U4_英日_問題.pdf,プレイト,,plate,plate,,取り皿,単語,0,原本保持
1183,ニューホライズン,NH,2,U4,Unit4,What is important in a homestay?,"Unit4 Read and Think1, 2",P52～P55,52,55,8,1,31,feel like ~ing,~したい気がする,☆,1,,feel like ~ing,~したい気がする,~したい気がする,feel like ~ing,08.26NH2_KeyWords_U4_英日_問題.pdf,フィール ライク ～イング,,feel like ~ing,feel like ~ing,,~したい気がする,表現,1,原本保持
1184,ニューホライズン,NH,2,U4,Unit4,What is important in a homestay?,"Unit4 Read and Think1, 2",P52～P55,52,55,8,1,32,feeling,"感情, 気持ち",,0,,feeling,"感情, 気持ち","感情, 気持ち",feeling,08.26NH2_KeyWords_U4_英日_問題.pdf,フィリング,,feeling,feeling,,"感情, 気持ち",単語,0,原本保持
1185,ニューホライズン,NH,2,U4,Unit4,What is important in a homestay?,"Unit4 Read and Think1, 2",P52～P55,52,55,8,1,33,each other,たがい(に),☆,1,,each other,たがい(に),たがい(に),each other,08.26NH2_KeyWords_U4_英日_問題.pdf,イーチ アザー,,each other,each other,,たがい(に),複数語,1,原本保持
1186,ニューホライズン,NH,2,U4,Unit4,What is important in a homestay?,"Unit4 Read and Think1, 2",P52～P55,52,55,8,1,34,couple,夫婦,,0,,couple,夫婦,夫婦,couple,08.26NH2_KeyWords_U4_英日_問題.pdf,カップル,,couple,couple,,夫婦,単語,0,原本保持
1187,ニューホライズン,NH,2,U4,Unit4,What is important in a homestay?,"Unit4 Read and Think1, 2",P52～P55,52,55,8,1,35,couldn't,could notの短縮形,,0,,couldn't,could notの短縮形,could notの短縮形,couldn't,08.26NH2_KeyWords_U4_英日_問題.pdf,クダント,,couldn't,couldn't,,could notの短縮形,短縮形,0,原本保持
1188,ニューホライズン,NH,2,U4,Unit4,What is important in a homestay?,"Unit4 Read and Think1, 2",P52～P55,52,55,8,1,36,elderly,年配の,,0,,elderly,年配の,年配の,elderly,08.26NH2_KeyWords_U4_英日_問題.pdf,エルダーリ,,elderly,elderly,,年配の,単語,0,原本保持
1189,ニューホライズン,NH,2,U4,Unit4,What is important in a homestay?,"Unit4 Read and Think1, 2",P52～P55,52,55,8,1,37,explain,~を説明する,,0,,explain,~を説明する,~を説明する,explain,08.26NH2_KeyWords_U4_英日_問題.pdf,イックスプレイン,,explain,explain,,~を説明する,単語,0,原本保持
1190,ニューホライズン,NH,2,U4,Unit4,What is important in a homestay?,"Unit4 Read and Think1, 2",P52～P55,52,55,8,1,38,listen to ~,~を聞く,☆,1,,listen to ~,~を聞く,~を聞く,listen to ~,08.26NH2_KeyWords_U4_英日_問題.pdf,リッスン トゥ ～,,listen to ~,listen to ~,,~を聞く,表現,1,原本保持
1191,ニューホライズン,NH,2,U4,Unit4,What is important in a homestay?,"Unit4 Read and Think1, 2",P52～P55,52,55,8,1,39,enter,入る,,0,,enter,入る,入る,enter,08.26NH2_KeyWords_U4_英日_問題.pdf,エンター,,enter,enter,,入る,単語,0,原本保持
1192,ニューホライズン,NH,2,U4,Unit4,What is important in a homestay?,"Unit4 Read and Think1, 2",P52～P55,52,55,8,1,40,kept,"keep(保つ, ~し続ける)の過去形",☆,1,,kept,"keep(保つ, ~し続ける)の過去形","keep(保つ, ~し続ける)の過去形",kept,08.26NH2_KeyWords_U4_英日_問題.pdf,ケップト,,kept,kept,,"keep(保つ, ~し続ける)の過去形",単語,0,原本保持
1193,ニューホライズン,NH,2,U4,Unit4,What is important in a homestay?,"Unit4 Read and Think1, 2",P52～P55,52,55,8,1,41,end,最後,,0,,end,最後,最後,end,08.26NH2_KeyWords_U4_英日_問題.pdf,エンド,,end,end,,最後,単語,0,原本保持
1194,ニューホライズン,NH,2,U4,Unit4,What is important in a homestay?,"Unit4 Read and Think1, 2",P52～P55,52,55,8,1,42,get,"着く, 到着する",☆,1,,get,"着く, 到着する","着く, 到着する",get,08.26NH2_KeyWords_U4_英日_問題.pdf,ゲット,,get,get,,"着く, 到着する",単語,0,原本保持
1195,ニューホライズン,NH,2,U4,Unit4,What is important in a homestay?,"Unit4 Read and Think1, 2",P52～P55,52,55,8,1,43,in the end,結局,,0,,in the end,結局,結局,in the end,08.26NH2_KeyWords_U4_英日_問題.pdf,イン ザ エンド,,in the end,in the end,,結局,複数語,1,原本保持
1196,ニューホライズン,NH,2,U4,Unit4,What is important in a homestay?,"Unit4 Read and Think1, 2",P52～P55,52,55,8,1,44,feel-felt,感じる[原形-過去形],☆,1,,feel-felt,感じる[原形-過去形],感じる[原形-過去形],feel-felt,08.26NH2_KeyWords_U4_英日_問題.pdf,フィール・フェルト,,feel-felt,feel-felt,,感じる[原形-過去形],単語,0,原本保持
1197,ニューホライズン,NH,2,U4,Unit4,What is important in a homestay?,Unit4 教科書本文,P50～P55,50,55,8,1,45,host family,ホストファミリー,,0,,host family,ホストファミリー,ホストファミリー,host family,08.26NH2_KeyWords_U4_英日_問題.pdf,ホスト ファミリー,,host family,host family,,ホストファミリー,複数語,1,原本保持
1198,ニューホライズン,NH,2,U4,Unit4,What is important in a homestay?,Unit4 教科書本文,P50～P55,50,55,8,1,46,living room,居間,,0,,living room,居間,居間,living room,08.26NH2_KeyWords_U4_英日_問題.pdf,リヴィング ルーム,,living room,living room,,居間,複数語,1,原本保持
1199,ニューホライズン,NH,2,U4,Unit4 What,is important in a homestay?,Unit4 1～RT2,P49～P55,49,55,8,2,47,guest,客,☆,1,,guest,客,客,guest,08.26NH2_KeyWords_U4_英日_問題.pdf,ゲスト,,guest,guest,,客,単語,0,原本保持
1200,ニューホライズン,NH,2,U4,Unit4 What,is important in a homestay?,Unit4 1～RT2,P49～P55,49,55,8,2,48,feeling,"感情, 気持ち",☆,1,,feeling,"感情, 気持ち","感情, 気持ち",feeling,08.26NH2_KeyWords_U4_英日_問題.pdf,フィリング,,feeling,feeling,,"感情, 気持ち",単語,0,原本保持
1201,ニューホライズン,NH,2,U4,Unit4 What,is important in a homestay?,Unit4 1～RT2,P49～P55,49,55,8,2,49,save,~を節約する,☆,1,,save,~を節約する,~を節約する,save,08.26NH2_KeyWords_U4_英日_問題.pdf,セイヴ,,save,save,,~を節約する,単語,0,原本保持
1202,ニューホライズン,NH,2,U4,Unit4 What,is important in a homestay?,Unit4 1～RT2,P49～P55,49,55,8,2,50,explain,~を説明する,☆,1,,explain,~を説明する,~を説明する,explain,08.26NH2_KeyWords_U4_英日_問題.pdf,イックスプレイン,,explain,explain,,~を説明する,単語,0,原本保持
1203,ニューホライズン,NH,2,U4,Unit4 What,is important in a homestay?,Unit4 1～RT2,P49～P55,49,55,8,2,51,hurt,~を傷つける,☆,1,,hurt,~を傷つける,~を傷つける,hurt,08.26NH2_KeyWords_U4_英日_問題.pdf,ハート,,hurt,hurt,,~を傷つける,単語,0,原本保持
1204,ニューホライズン,NH,2,U4,Unit4 What,is important in a homestay?,Unit4 1～RT2,P49～P55,49,55,8,2,52,enter,入る,☆,1,,enter,入る,入る,enter,08.26NH2_KeyWords_U4_英日_問題.pdf,エンター,,enter,enter,,入る,単語,0,原本保持
1205,ニューホライズン,NH,2,U4,Unit4 What,is important in a homestay?,Real Life English 4 ホームステイのお礼状-手紙-,P57,57,57,8,2,53,be able to ~,~することができる,☆,1,,be able to ~,~することができる,~することができる,be able to ~,08.26NH2_KeyWords_U4_英日_問題.pdf,ビー エイブル トゥ ～,,be able to ~,be able to ~,,~することができる,表現,1,原本保持
1206,ニューホライズン,NH,2,U4,Unit4 What,is important in a homestay?,Real Life English 4 ホームステイのお礼状-手紙-,P57,57,57,8,2,54,Mrs.,"[結婚している女性をさして]~さん, 先生",,0,最終監査修正: 途中空白除去,Mrs.,"[結婚している女性をさして]~さん, 先生","[結婚している女性をさして]~さん, 先生",Mrs.,08.26NH2_KeyWords_U4_英日_問題.pdf,ミセス,,Mrs.,Mrs.,,"[結婚している女性をさして]~さん, 先生",単語,0,原本保持
1207,ニューホライズン,NH,2,U4,Unit4 What,is important in a homestay?,Real Life English 4 ホームステイのお礼状-手紙-,P57,57,57,8,2,55,"Best wishes,",それでは。 [結びの言葉],☆,1,,"Best wishes,",それでは。 [結びの言葉],それでは。 [結びの言葉],"Best wishes,",08.26NH2_KeyWords_U4_英日_問題.pdf,ベスト ウィッシーズ,,"Best wishes,","Best wishes,",,それでは。 [結びの言葉],複数語,1,原本保持
1208,ニューホライズン,NH,2,U4,Unit4 What,is important in a homestay?,Real Life English 4 ホームステイのお礼状-手紙-,P57,57,57,8,2,56,wish,祝福の言葉,,0,,wish,祝福の言葉,祝福の言葉,wish,08.26NH2_KeyWords_U4_英日_問題.pdf,ウィッシュ,,wish,wish,,祝福の言葉,単語,0,原本保持
1209,ニューホライズン,NH,2,U4,Unit4 What,is important in a homestay?,Real Life English 4 ホームステイのお礼状-手紙-,P57,57,57,8,2,57,precious,"貴重な, 大切な",,0,,precious,"貴重な, 大切な","貴重な, 大切な",precious,08.26NH2_KeyWords_U4_英日_問題.pdf,プレシャス,,precious,precious,,"貴重な, 大切な",単語,0,原本保持
1210,ニューホライズン,NH,2,U5,What,design is good for everyone? Unit5,Unit5 Part1,"P59,P60",59,60,9,1,1,how to ~,"~のしかた, どう~するか",☆,1,,how to ~,"~のしかた, どう~するか","~のしかた, どう~するか",how to ~,09.26NH2_KeyWords_U5_英日_問題.pdf,ハウ トゥ ～,,how to ~,how to ~,,"~のしかた, どう~するか",表現,1,原本保持
1211,ニューホライズン,NH,2,U5,What,design is good for everyone? Unit5,Unit5 Part1,"P59,P60",59,60,9,1,2,city hall,市役所,,0,,city hall,市役所,市役所,city hall,09.26NH2_KeyWords_U5_英日_問題.pdf,シティ ホール,,city hall,city hall,,市役所,複数語,1,原本保持
1212,ニューホライズン,NH,2,U5,What,design is good for everyone? Unit5,Unit5 Part1,"P59,P60",59,60,9,1,3,touch,~にさわる,☆,1,,touch,~にさわる,~にさわる,touch,09.26NH2_KeyWords_U5_英日_問題.pdf,タチ,,touch,touch,,~にさわる,単語,0,原本保持
1213,ニューホライズン,NH,2,U5,What,design is good for everyone? Unit5,Unit5 Part1,"P59,P60",59,60,9,1,4,bottle,"びん, ボトル",,0,,bottle,"びん, ボトル","びん, ボトル",bottle,09.26NH2_KeyWords_U5_英日_問題.pdf,バトル,,bottle,bottle,,"びん, ボトル",単語,0,原本保持
1214,ニューホライズン,NH,2,U5,What,design is good for everyone? Unit5,Unit5 Part1,"P59,P60",59,60,9,1,5,product,製品,☆,1,,product,製品,製品,product,09.26NH2_KeyWords_U5_英日_問題.pdf,プラダックト,,product,product,,製品,単語,0,原本保持
1215,ニューホライズン,NH,2,U5,What,design is good for everyone? Unit5,Unit5 Part1,"P59,P60",59,60,9,1,6,universal,全ての人々の,,0,,universal,全ての人々の,全ての人々の,universal,09.26NH2_KeyWords_U5_英日_問題.pdf,ユナヴァーサル,,universal,universal,,全ての人々の,単語,0,原本保持
1216,ニューホライズン,NH,2,U5,What,design is good for everyone? Unit5,Unit5 Part1,"P59,P60",59,60,9,1,7,fair,博覧会,,0,,fair,博覧会,博覧会,fair,09.26NH2_KeyWords_U5_英日_問題.pdf,フェー,,fair,fair,,博覧会,単語,0,原本保持
1217,ニューホライズン,NH,2,U5,What,design is good for everyone? Unit5,Unit5 Part1,"P59,P60",59,60,9,1,8,public,公共の,,0,,public,公共の,公共の,public,09.26NH2_KeyWords_U5_英日_問題.pdf,パブリック,,public,public,,公共の,単語,0,原本保持
1218,ニューホライズン,NH,2,U5,What,design is good for everyone? Unit5,Unit5 Part1,"P59,P60",59,60,9,1,9,facility,"施設, 設備",,0,,facility,"施設, 設備","施設, 設備",facility,09.26NH2_KeyWords_U5_英日_問題.pdf,ファシリティ,,facility,facility,,"施設, 設備",単語,0,原本保持
1219,ニューホライズン,NH,2,U5,What,design is good for everyone? Unit5,Unit5 Part1,"P59,P60",59,60,9,1,10,automatic,"自動式の, 機械的な",,0,,automatic,"自動式の, 機械的な","自動式の, 機械的な",automatic,09.26NH2_KeyWords_U5_英日_問題.pdf,オータマティック,,automatic,automatic,,"自動式の, 機械的な",単語,0,原本保持
1220,ニューホライズン,NH,2,U5,What,design is good for everyone? Unit5,Unit5 Part1,"P59,P60",59,60,9,1,11,design,デザイン,,0,,design,デザイン,デザイン,design,09.26NH2_KeyWords_U5_英日_問題.pdf,ディザイン,,design,design,,デザイン,単語,0,原本保持
1221,ニューホライズン,NH,2,U5,What,design is good for everyone? Unit5,Unit5 Part1,"P59,P60",59,60,9,1,12,adjustable,調節可能な,,0,,adjustable,調節可能な,調節可能な,adjustable,09.26NH2_KeyWords_U5_英日_問題.pdf,アジャスタッブル,,adjustable,adjustable,,調節可能な,単語,0,原本保持
1222,ニューホライズン,NH,2,U5,What,design is good for everyone? Unit5,Unit5 Part2,P61,61,61,9,1,13,both A and B,AもBも両方,☆,1,,both A and B,AもBも両方,AもBも両方,both A and B,09.26NH2_KeyWords_U5_英日_問題.pdf,ボウス エイ アンド ビー,,both A and B,both A and B,,AもBも両方,複数語,1,原本保持
1223,ニューホライズン,NH,2,U5,What,design is good for everyone? Unit5,Unit5 Part2,P61,61,61,9,1,14,paper,"紙, 用紙",,0,,paper,"紙, 用紙","紙, 用紙",paper,09.26NH2_KeyWords_U5_英日_問題.pdf,ペイパー,,paper,paper,,"紙, 用紙",単語,0,原本保持
1224,ニューホライズン,NH,2,U5,What,design is good for everyone? Unit5,Unit5 Part2,P61,61,61,9,1,15,thanks to ~,~のおかげで,☆,1,,thanks to ~,~のおかげで,~のおかげで,thanks to ~,09.26NH2_KeyWords_U5_英日_問題.pdf,サンクス トゥ ～,,thanks to ~,thanks to ~,,~のおかげで,表現,1,原本保持
1225,ニューホライズン,NH,2,U5,What,design is good for everyone? Unit5,Unit5 Part2,P61,61,61,9,1,16,right-handed,右利きの,,0,,right-handed,右利きの,右利きの,right-handed,09.26NH2_KeyWords_U5_英日_問題.pdf,ライト・ハンダッド,,right-handed,right-handed,,右利きの,単語,0,原本保持
1226,ニューホライズン,NH,2,U5,What,design is good for everyone? Unit5,Unit5 Part2,P61,61,61,9,1,17,tap,~を軽くたたく,,0,,tap,~を軽くたたく,~を軽くたたく,tap,09.26NH2_KeyWords_U5_英日_問題.pdf,タップ,,tap,tap,,~を軽くたたく,単語,0,原本保持
1227,ニューホライズン,NH,2,U5,What,design is good for everyone? Unit5,Unit5 Part2,P61,61,61,9,1,18,left-handed,左利きの,,0,,left-handed,左利きの,左利きの,left-handed,09.26NH2_KeyWords_U5_英日_問題.pdf,レフト・ハンダッド,,left-handed,left-handed,,左利きの,単語,0,原本保持
1228,ニューホライズン,NH,2,U5,What,design is good for everyone? Unit5,Unit5 Part2,P61,61,61,9,1,19,staff,"職員, 従業員",,0,,staff,"職員, 従業員","職員, 従業員",staff,09.26NH2_KeyWords_U5_英日_問題.pdf,スタフ,,staff,staff,,"職員, 従業員",単語,0,原本保持
1229,ニューホライズン,NH,2,U5,What,design is good for everyone? Unit5,Unit5 Part2,P61,61,61,9,1,20,over here,"こちらに, こちらでは",,0,,over here,"こちらに, こちらでは","こちらに, こちらでは",over here,09.26NH2_KeyWords_U5_英日_問題.pdf,オーバー ヒア,,over here,over here,,"こちらに, こちらでは",複数語,1,原本保持
1230,ニューホライズン,NH,2,U5,What,design is good for everyone? Unit5,"Unit5 Read and Think1, 2",P62～P65,62,65,9,1,21,be sure (that)~,"~を確信して, きっと~だと思う",☆,1,,be sure (that)~,"~を確信して, きっと~だと思う","~を確信して, きっと~だと思う",be sure (that)~,09.26NH2_KeyWords_U5_英日_問題.pdf,ビー シュー ザット,,be sure (that)~,be sure ~,be sure that ~,"~を確信して, きっと~だと思う",表現,1,個別正規化済み
1231,ニューホライズン,NH,2,U5,What,design is good for everyone? Unit5,"Unit5 Read and Think1, 2",P62～P65,62,65,9,1,22,regardless of ~,~にかかわらず,☆,1,,regardless of ~,~にかかわらず,~にかかわらず,regardless of ~,09.26NH2_KeyWords_U5_英日_問題.pdf,ラガードラス オブ ～,,regardless of ~,regardless of ~,,~にかかわらず,表現,1,原本保持
1232,ニューホライズン,NH,2,U5,What,design is good for everyone? Unit5,"Unit5 Read and Think1, 2",P62～P65,62,65,9,1,23,young,"若い, 幼い",☆,1,,young,"若い, 幼い","若い, 幼い",young,09.26NH2_KeyWords_U5_英日_問題.pdf,ヤング,,young,young,,"若い, 幼い",単語,0,原本保持
1233,ニューホライズン,NH,2,U5,What,design is good for everyone? Unit5,"Unit5 Read and Think1, 2",P62～P65,62,65,9,1,24,remove,取り除く,,0,,remove,取り除く,取り除く,remove,09.26NH2_KeyWords_U5_英日_問題.pdf,リムヴ,,remove,remove,,取り除く,単語,0,原本保持
1234,ニューホライズン,NH,2,U5,What,design is good for everyone? Unit5,"Unit5 Read and Think1, 2",P62～P65,62,65,9,1,25,useful,役に立つ,☆,1,,useful,役に立つ,役に立つ,useful,09.26NH2_KeyWords_U5_英日_問題.pdf,ユスファル,,useful,useful,,役に立つ,単語,0,原本保持
1235,ニューホライズン,NH,2,U5,What,design is good for everyone? Unit5,"Unit5 Read and Think1, 2",P62～P65,62,65,9,1,26,found,創立する,,0,,found,創立する,創立する,found,09.26NH2_KeyWords_U5_英日_問題.pdf,ファウンド,,found,found,,創立する,単語,0,原本保持
1236,ニューホライズン,NH,2,U5,What,design is good for everyone? Unit5,"Unit5 Read and Think1, 2",P62～P65,62,65,9,1,27,pull,~をひっぱる,,0,,pull,~をひっぱる,~をひっぱる,pull,09.26NH2_KeyWords_U5_英日_問題.pdf,プル,,pull,pull,,~をひっぱる,単語,0,原本保持
1237,ニューホライズン,NH,2,U5,What,design is good for everyone? Unit5,"Unit5 Read and Think1, 2",P62～P65,62,65,9,1,28,situation,"立場, 状況",,0,,situation,"立場, 状況","立場, 状況",situation,09.26NH2_KeyWords_U5_英日_問題.pdf,シチュエイシャン,,situation,situation,,"立場, 状況",単語,0,原本保持
1238,ニューホライズン,NH,2,U5,What,design is good for everyone? Unit5,"Unit5 Read and Think1, 2",P62～P65,62,65,9,1,29,wheelchair,車いす,,0,,wheelchair,車いす,車いす,wheelchair,09.26NH2_KeyWords_U5_英日_問題.pdf,ウィールチェー,,wheelchair,wheelchair,,車いす,単語,0,原本保持
1239,ニューホライズン,NH,2,U5,What,design is good for everyone? Unit5,"Unit5 Read and Think1, 2",P62～P65,62,65,9,1,30,professor,教授,,0,,professor,教授,教授,professor,09.26NH2_KeyWords_U5_英日_問題.pdf,プラフェサー,,professor,professor,,教授,単語,0,原本保持
1240,ニューホライズン,NH,2,U5,What,design is good for everyone? Unit5,"Unit5 Read and Think1, 2",P62～P65,62,65,9,1,31,stair,[stairsで]階段,,0,,stair,[stairsで]階段,[stairsで]階段,stair,09.26NH2_KeyWords_U5_英日_問題.pdf,ステー,,stair,stair,,[stairsで]階段,単語,0,原本保持
1241,ニューホライズン,NH,2,U5,What,design is good for everyone? Unit5,"Unit5 Read and Think1, 2",P62～P65,62,65,9,1,32,childhood,子供のころ,,0,,childhood,子供のころ,子供のころ,childhood,09.26NH2_KeyWords_U5_英日_問題.pdf,チャイルドフッド,,childhood,childhood,,子供のころ,単語,0,原本保持
1242,ニューホライズン,NH,2,U5,What,design is good for everyone? Unit5,"Unit5 Read and Think1, 2",P62～P65,62,65,9,1,33,sign,標識,,0,,sign,標識,標識,sign,09.26NH2_KeyWords_U5_英日_問題.pdf,サイン,,sign,sign,,標識,単語,0,原本保持
1243,ニューホライズン,NH,2,U5,What,design is good for everyone? Unit5,"Unit5 Read and Think1, 2",P62～P65,62,65,9,1,34,center,"中心地, センター",,0,,center,"中心地, センター","中心地, センター",center,09.26NH2_KeyWords_U5_英日_問題.pdf,センター,,center,center,,"中心地, センター",単語,0,原本保持
1244,ニューホライズン,NH,2,U5,What,design is good for everyone? Unit5,"Unit5 Read and Think1, 2",P62～P65,62,65,9,1,35,presentation,"発表, プレゼンテーション",,0,,presentation,"発表, プレゼンテーション","発表, プレゼンテーション",presentation,09.26NH2_KeyWords_U5_英日_問題.pdf,プレザンテイシャン,,presentation,presentation,,"発表, プレゼンテーション",単語,0,原本保持
1245,ニューホライズン,NH,2,U5,What,design is good for everyone? Unit5,"Unit5 Read and Think1, 2",P62～P65,62,65,9,1,36,barrier,"壁, 障壁",,0,,barrier,"壁, 障壁","壁, 障壁",barrier,09.26NH2_KeyWords_U5_英日_問題.pdf,バリアー,,barrier,barrier,,"壁, 障壁",単語,0,原本保持
1246,ニューホライズン,NH,2,U5,What,design is good for everyone? Unit5,"Unit5 Read and Think1, 2",P62～P65,62,65,9,1,37,baggage,手荷物,,0,,baggage,手荷物,手荷物,baggage,09.26NH2_KeyWords_U5_英日_問題.pdf,バガジ,,baggage,baggage,,手荷物,単語,0,原本保持
1247,ニューホライズン,NH,2,U5,What,design is good for everyone? Unit5,"Unit5 Read and Think1, 2",P62～P65,62,65,9,1,38,ability,"能力, 才能",,0,,ability,"能力, 才能","能力, 才能",ability,09.26NH2_KeyWords_U5_英日_問題.pdf,アビラティ,,ability,ability,,"能力, 才能",単語,0,原本保持
1248,ニューホライズン,NH,2,U5,What,design is good for everyone? Unit5,"Unit5 Read and Think1, 2",P62～P65,62,65,9,1,39,baby,赤ん坊,,0,,baby,赤ん坊,赤ん坊,baby,09.26NH2_KeyWords_U5_英日_問題.pdf,ベイビ,,baby,baby,,赤ん坊,単語,0,原本保持
1249,ニューホライズン,NH,2,U5,What,design is good for everyone? Unit5,"Unit5 Read and Think1, 2",P62～P65,62,65,9,1,40,disabled,体の不自由な,,0,,disabled,体の不自由な,体の不自由な,disabled,09.26NH2_KeyWords_U5_英日_問題.pdf,ディセイブルド,,disabled,disabled,,体の不自由な,単語,0,原本保持
1250,ニューホライズン,NH,2,U5,What,design is good for everyone? Unit5,"Unit5 Read and Think1, 2",P62～P65,62,65,9,1,41,the elderly,お年寄り,,0,,the elderly,お年寄り,お年寄り,the elderly,09.26NH2_KeyWords_U5_英日_問題.pdf,ザ エルダーリ,,the elderly,the elderly,,お年寄り,複数語,1,原本保持
1251,ニューホライズン,NH,2,U5,What,design is good for everyone? Unit5,"Unit5 Read and Think1, 2",P62～P65,62,65,9,1,42,American,"アメリカの, アメリカ人の",,0,,American,"アメリカの, アメリカ人の","アメリカの, アメリカ人の",American,09.26NH2_KeyWords_U5_英日_問題.pdf,アメリカン,,American,American,,"アメリカの, アメリカ人の",単語,0,原本保持
1252,ニューホライズン,NH,2,U5,What,design is good for everyone? Unit5,"Unit5 Read and Think1, 2",P62～P65,62,65,9,1,43,spread-spread,"広げる, 広める[原形-過去形]",☆,1,,spread-spread,"広げる, 広める[原形-過去形]","広げる, 広める[原形-過去形]",spread-spread,09.26NH2_KeyWords_U5_英日_問題.pdf,スプレッド・スプレッド,,spread-spread,spread-spread,,"広げる, 広める[原形-過去形]",単語,0,原本保持
1253,ニューホライズン,NH,2,U5,What,design is good for everyone? Unit5,"Unit5 Read and Think1, 2",P62～P65,62,65,9,1,44,accessible,"使いやすい, 行きやすい",,0,,accessible,"使いやすい, 行きやすい","使いやすい, 行きやすい",accessible,09.26NH2_KeyWords_U5_英日_問題.pdf,アックセサッブル,,accessible,accessible,,"使いやすい, 行きやすい",単語,0,原本保持
1254,ニューホライズン,NH,2,U5,What,design is good for everyone? Unit5,Unit5 教科書本文,P60～P65,60,65,9,1,45,castanets,カスタネット,,0,,castanets,カスタネット,カスタネット,castanets,09.26NH2_KeyWords_U5_英日_問題.pdf,カスタネッツ,,castanets,castanets,,カスタネット,単語,0,原本保持
1255,ニューホライズン,NH,2,U5,What,design is good for everyone? Unit5,Unit5 教科書本文,P60～P65,60,65,9,1,46,the 1970s,1970年代,,0,,the 1970s,1970年代,1970年代,the 1970s,09.26NH2_KeyWords_U5_英日_問題.pdf,ザ 1970 エス,,the 1970s,the 1970s,,1970年代,複数語,1,原本保持
1256,ニューホライズン,NH,2,U5,What,design is good for everyone? Unit5,Unit5 教科書本文,P60～P65,60,65,9,1,47,ramp,スロープ,,0,,ramp,スロープ,スロープ,ramp,09.26NH2_KeyWords_U5_英日_問題.pdf,ラムプ,,ramp,ramp,,スロープ,単語,0,原本保持
1257,ニューホライズン,NH,2,U5,Unit5 What,design is good for everyone?,Unit5 1～RT2,P59～P65,59,65,9,2,48,bottle,"びん, ボトル",☆,1,,bottle,"びん, ボトル","びん, ボトル",bottle,09.26NH2_KeyWords_U5_英日_問題.pdf,バトル,,bottle,bottle,,"びん, ボトル",単語,0,原本保持
1258,ニューホライズン,NH,2,U5,Unit5 What,design is good for everyone?,Unit5 1～RT2,P59～P65,59,65,9,2,49,baby,赤ん坊,☆,1,,baby,赤ん坊,赤ん坊,baby,09.26NH2_KeyWords_U5_英日_問題.pdf,ベイビ,,baby,baby,,赤ん坊,単語,0,原本保持
1259,ニューホライズン,NH,2,U5,Unit5 What,design is good for everyone?,Unit5 1～RT2,P59～P65,59,65,9,2,50,staff,"職員, 従業員",☆,1,,staff,"職員, 従業員","職員, 従業員",staff,09.26NH2_KeyWords_U5_英日_問題.pdf,スタフ,,staff,staff,,"職員, 従業員",単語,0,原本保持
1260,ニューホライズン,NH,2,U5,Unit5 What,design is good for everyone?,Unit5 1～RT2,P59～P65,59,65,9,2,51,American,"アメリカの, アメリカ人の",☆,1,,American,"アメリカの, アメリカ人の","アメリカの, アメリカ人の",American,09.26NH2_KeyWords_U5_英日_問題.pdf,アメリカン,,American,American,,"アメリカの, アメリカ人の",単語,0,原本保持
1261,ニューホライズン,NH,2,U6,Unit6,How can we make a good presentation?,Unit6 Part1,"P69,P70",69,70,10,1,1,than ~,~よりも,☆,1,,than ~,~よりも,~よりも,than ~,10.26NH2_KeyWords_U6_英日_問題.pdf,ザン ～,,than ~,than ~,,~よりも,表現,1,原本保持
1262,ニューホライズン,NH,2,U6,Unit6,How can we make a good presentation?,Unit6 Part1,"P69,P70",69,70,10,1,2,quiz,クイズ,,0,,quiz,クイズ,クイズ,quiz,10.26NH2_KeyWords_U6_英日_問題.pdf,クイズ,,quiz,quiz,,クイズ,単語,0,原本保持
1263,ニューホライズン,NH,2,U6,Unit6,How can we make a good presentation?,Unit6 Part1,"P69,P70",69,70,10,1,3,trivia,雑学的な知識,,0,,trivia,雑学的な知識,雑学的な知識,trivia,10.26NH2_KeyWords_U6_英日_問題.pdf,トリヴィア,,trivia,trivia,,雑学的な知識,単語,0,原本保持
1264,ニューホライズン,NH,2,U6,Unit6,How can we make a good presentation?,Unit6 Part1,"P69,P70",69,70,10,1,4,court,(テニス・バレーボールなどの)コート,,0,,court,(テニス・バレーボールなどの)コート,(テニス・バレーボールなどの)コート,court,10.26NH2_KeyWords_U6_英日_問題.pdf,コート,,court,court,,(テニス・バレーボールなどの)コート,単語,0,原本保持
1265,ニューホライズン,NH,2,U6,Unit6,How can we make a good presentation?,Unit6 Part2,P71,71,71,10,1,5,more,(~より)もっと~,☆,1,,more,(~より)もっと~,(~より)もっと~,more,10.26NH2_KeyWords_U6_英日_問題.pdf,モー,,more,more,,(~より)もっと~,単語,0,原本保持
1266,ニューホライズン,NH,2,U6,Unit6,How can we make a good presentation?,Unit6 Part2,P71,71,71,10,1,6,skill,"腕前, 技術",,0,,skill,"腕前, 技術","腕前, 技術",skill,10.26NH2_KeyWords_U6_英日_問題.pdf,スキル,,skill,skill,,"腕前, 技術",単語,0,原本保持
1267,ニューホライズン,NH,2,U6,Unit6,How can we make a good presentation?,Unit6 Part2,P71,71,71,10,1,7,most,"いちばん~, 最も~",☆,1,,most,"いちばん~, 最も~","いちばん~, 最も~",most,10.26NH2_KeyWords_U6_英日_問題.pdf,モスト,,most,most,,"いちばん~, 最も~",単語,0,原本保持
1268,ニューホライズン,NH,2,U6,Unit6,How can we make a good presentation?,Unit6 Part2,P71,71,71,10,1,8,curling,カーリング,,0,,curling,カーリング,カーリング,curling,10.26NH2_KeyWords_U6_英日_問題.pdf,カーリング,,curling,curling,,カーリング,単語,0,原本保持
1269,ニューホライズン,NH,2,U6,Unit6,How can we make a good presentation?,Unit6 Part2,P71,71,71,10,1,9,survey,調査,,0,,survey,調査,調査,survey,10.26NH2_KeyWords_U6_英日_問題.pdf,サーヴェイ,,survey,survey,,調査,単語,0,原本保持
1270,ニューホライズン,NH,2,U6,Unit6,How can we make a good presentation?,Unit6 Part2,P71,71,71,10,1,10,answer,"答え, 返事",,0,,answer,"答え, 返事","答え, 返事",answer,10.26NH2_KeyWords_U6_英日_問題.pdf,アンサー,,answer,answer,,"答え, 返事",単語,0,原本保持
1271,ニューホライズン,NH,2,U6,Unit6,How can we make a good presentation?,Unit6 Part2,P71,71,71,10,1,11,strategy,"戦略, 作戦",,0,,strategy,"戦略, 作戦","戦略, 作戦",strategy,10.26NH2_KeyWords_U6_英日_問題.pdf,ストラタジ,,strategy,strategy,,"戦略, 作戦",単語,0,原本保持
1272,ニューホライズン,NH,2,U6,Unit6,How can we make a good presentation?,Unit6 Read and Think1,"P72,P73",72,73,10,1,12,in conclusion,結論として,☆,1,,in conclusion,結論として,結論として,in conclusion,10.26NH2_KeyWords_U6_英日_問題.pdf,イン カンクルアン,,in conclusion,in conclusion,,結論として,複数語,1,原本保持
1273,ニューホライズン,NH,2,U6,Unit6,How can we make a good presentation?,Unit6 Read and Think1,"P72,P73",72,73,10,1,13,better,"[good, well, very muchの比較級]より(よく)",☆,1,,better,"[good, well, very muchの比較級]より(よく)","[good, well, very muchの比較級]より(よく)",better,10.26NH2_KeyWords_U6_英日_問題.pdf,ベター,,better,better,,"[good, well, very muchの比較級]より(よく)",単語,0,原本保持
1274,ニューホライズン,NH,2,U6,Unit6,How can we make a good presentation?,Unit6 Read and Think1,"P72,P73",72,73,10,1,14,find,"~に気がつく, ~がわかる",,0,,find,"~に気がつく, ~がわかる","~に気がつく, ~がわかる",find,10.26NH2_KeyWords_U6_英日_問題.pdf,ファインド,,find,find,,"~に気がつく, ~がわかる",単語,0,原本保持
1275,ニューホライズン,NH,2,U6,Unit6,How can we make a good presentation?,Unit6 Read and Think1,"P72,P73",72,73,10,1,15,percent,パーセント,,0,,percent,パーセント,パーセント,percent,10.26NH2_KeyWords_U6_英日_問題.pdf,パーセント,,percent,percent,,パーセント,単語,0,原本保持
1276,ニューホライズン,NH,2,U6,Unit6,How can we make a good presentation?,Unit6 Read and Think1,"P72,P73",72,73,10,1,16,best,"[good, well, very muchの最上級]最も(よく)",☆,1,,best,"[good, well, very muchの最上級]最も(よく)","[good, well, very muchの最上級]最も(よく)",best,10.26NH2_KeyWords_U6_英日_問題.pdf,ベスト,,best,best,,"[good, well, very muchの最上級]最も(よく)",単語,0,原本保持
1277,ニューホライズン,NH,2,U6,Unit6,How can we make a good presentation?,Unit6 Read and Think1,"P72,P73",72,73,10,1,17,half,"半分, 2分の1",,0,,half,"半分, 2分の1","半分, 2分の1",half,10.26NH2_KeyWords_U6_英日_問題.pdf,ハフ,,half,half,,"半分, 2分の1",単語,0,原本保持
1278,ニューホライズン,NH,2,U6,Unit6,How can we make a good presentation?,Unit6 Read and Think1,"P72,P73",72,73,10,1,18,then,それから,☆,1,,then,それから,それから,then,10.26NH2_KeyWords_U6_英日_問題.pdf,ゼン,,then,then,,それから,単語,0,原本保持
1279,ニューホライズン,NH,2,U6,Unit6,How can we make a good presentation?,Unit6 Read and Think1,"P72,P73",72,73,10,1,19,graph,"グラフ, 図表",,0,,graph,"グラフ, 図表","グラフ, 図表",graph,10.26NH2_KeyWords_U6_英日_問題.pdf,グラフ,,graph,graph,,"グラフ, 図表",単語,0,原本保持
1280,ニューホライズン,NH,2,U6,Unit6,How can we make a good presentation?,Unit6 Read and Think1,"P72,P73",72,73,10,1,20,according to ~,~によれば,☆,1,,according to ~,~によれば,~によれば,according to ~,10.26NH2_KeyWords_U6_英日_問題.pdf,アコーディング トゥ ～,,according to ~,according to ~,,~によれば,表現,1,原本保持
1281,ニューホライズン,NH,2,U6,Unit6,How can we make a good presentation?,Unit6 Read and Think1,"P72,P73",72,73,10,1,21,more,"[many, muchの比較級]もっと多くの",,0,,more,"[many, muchの比較級]もっと多くの","[many, muchの比較級]もっと多くの",more,10.26NH2_KeyWords_U6_英日_問題.pdf,モー,,more,more,,"[many, muchの比較級]もっと多くの",単語,0,原本保持
1282,ニューホライズン,NH,2,U6,Unit6,How can we make a good presentation?,Unit6 Read and Think1,"P72,P73",72,73,10,1,22,A such as B,BのようなA,☆,1,,A such as B,BのようなA,BのようなA,A such as B,10.26NH2_KeyWords_U6_英日_問題.pdf,エイ サッチ アズ ビー,,A such as B,A such as B,,BのようなA,複数語,1,原本保持
1283,ニューホライズン,NH,2,U6,Unit6,How can we make a good presentation?,Unit6 Read and Think1,"P72,P73",72,73,10,1,23,as for ~,~について言えば,,0,,as for ~,~について言えば,~について言えば,as for ~,10.26NH2_KeyWords_U6_英日_問題.pdf,アズ フォー ～,,as for ~,as for ~,,~について言えば,表現,1,原本保持
1284,ニューホライズン,NH,2,U6,Unit6,How can we make a good presentation?,Unit6 Read and Think2,"P74,P75",74,75,10,1,24,as A as B,Bと同じくらいA,☆,1,,as A as B,Bと同じくらいA,Bと同じくらいA,as A as B,10.26NH2_KeyWords_U6_英日_問題.pdf,アズ エイ アズ ビー,,as A as B,as A as B,,Bと同じくらいA,複数語,1,原本保持
1285,ニューホライズン,NH,2,U6,Unit6,How can we make a good presentation?,Unit6 Read and Think2,"P74,P75",74,75,10,1,25,feedback,"意見, フィードバック",,0,,feedback,"意見, フィードバック","意見, フィードバック",feedback,10.26NH2_KeyWords_U6_英日_問題.pdf,フィドバック,,feedback,feedback,,"意見, フィードバック",単語,0,原本保持
1286,ニューホライズン,NH,2,U6,Unit6,How can we make a good presentation?,Unit6 Read and Think2,"P74,P75",74,75,10,1,26,spoke,speak(話す)の過去形,☆,1,,spoke,speak(話す)の過去形,speak(話す)の過去形,spoke,10.26NH2_KeyWords_U6_英日_問題.pdf,スポク,,spoke,spoke,,speak(話す)の過去形,単語,0,原本保持
1287,ニューホライズン,NH,2,U6,Unit6,How can we make a good presentation?,Unit6 Read and Think2,"P74,P75",74,75,10,1,27,delivery,話しぶり,,0,,delivery,話しぶり,話しぶり,delivery,10.26NH2_KeyWords_U6_英日_問題.pdf,ディリヴァーイー,,delivery,delivery,,話しぶり,単語,0,原本保持
1288,ニューホライズン,NH,2,U6,Unit6,How can we make a good presentation?,Unit6 Read and Think2,"P74,P75",74,75,10,1,28,letter,文字,☆,1,,letter,文字,文字,letter,10.26NH2_KeyWords_U6_英日_問題.pdf,レター,,letter,letter,,文字,単語,0,原本保持
1289,ニューホライズン,NH,2,U6,Unit6,How can we make a good presentation?,Unit6 Read and Think2,"P74,P75",74,75,10,1,29,data,"資料, データ",,0,,data,"資料, データ","資料, データ",data,10.26NH2_KeyWords_U6_英日_問題.pdf,デイタ,,data,data,,"資料, データ",単語,0,原本保持
1290,ニューホライズン,NH,2,U6,Unit6,How can we make a good presentation?,Unit6 Read and Think2,"P74,P75",74,75,10,1,30,work,"仕事, 職",,0,,work,"仕事, 職","仕事, 職",work,10.26NH2_KeyWords_U6_英日_問題.pdf,ワーク,,work,work,,"仕事, 職",単語,0,原本保持
1291,ニューホライズン,NH,2,U6,Unit6,How can we make a good presentation?,Unit6 Read and Think2,"P74,P75",74,75,10,1,31,content,"中身, 内容",,0,,content,"中身, 内容","中身, 内容",content,10.26NH2_KeyWords_U6_英日_問題.pdf,カンテント,,content,content,,"中身, 内容",単語,0,原本保持
1292,ニューホライズン,NH,2,U6,Unit6,How can we make a good presentation?,Unit6 Read and Think2,"P74,P75",74,75,10,1,32,topic,"話題, トピック",,0,,topic,"話題, トピック","話題, トピック",topic,10.26NH2_KeyWords_U6_英日_問題.pdf,タピック,,topic,topic,,"話題, トピック",単語,0,原本保持
1293,ニューホライズン,NH,2,U6,Unit6,How can we make a good presentation?,Unit6 Read and Think2,"P74,P75",74,75,10,1,33,contact,接触,,0,,contact,接触,接触,contact,10.26NH2_KeyWords_U6_英日_問題.pdf,カンタックト,,contact,contact,,接触,単語,0,原本保持
1294,ニューホライズン,NH,2,U6,Unit6,How can we make a good presentation?,Unit6 Read and Think2,"P74,P75",74,75,10,1,34,speaker,話す人,,0,,speaker,話す人,話す人,speaker,10.26NH2_KeyWords_U6_英日_問題.pdf,スピカー,,speaker,speaker,,話す人,単語,0,原本保持
1295,ニューホライズン,NH,2,U6,Unit6,How can we make a good presentation?,Unit6 Read and Think2,"P74,P75",74,75,10,1,35,comment,"批評, コメント",,0,,comment,"批評, コメント","批評, コメント",comment,10.26NH2_KeyWords_U6_英日_問題.pdf,カメント,,comment,comment,,"批評, コメント",単語,0,原本保持
1296,ニューホライズン,NH,2,U6,Unit6,How can we make a good presentation?,Unit6 Read and Think2,"P74,P75",74,75,10,1,36,slide,(プレゼンテーション用の)スライド,,0,,slide,(プレゼンテーション用の)スライド,(プレゼンテーション用の)スライド,slide,10.26NH2_KeyWords_U6_英日_問題.pdf,スライド,,slide,slide,,(プレゼンテーション用の)スライド,単語,0,原本保持
1297,ニューホライズン,NH,2,U6,Unit6,How can we make a good presentation?,Unit6 Read and Think2,"P74,P75",74,75,10,1,37,clear,はっきりした,,0,,clear,はっきりした,はっきりした,clear,10.26NH2_KeyWords_U6_英日_問題.pdf,クリー,,clear,clear,,はっきりした,単語,0,原本保持
1298,ニューホライズン,NH,2,U6,Unit6,How can we make a good presentation?,Unit6 教科書本文,P70～P75,70,75,10,1,38,however,しかしながら,☆,1,,however,しかしながら,しかしながら,however,10.26NH2_KeyWords_U6_英日_問題.pdf,ハウエヴァー,,however,however,,しかしながら,単語,0,原本保持
1299,ニューホライズン,NH,2,U6,Unit6,How can we make a good presentation?,Unit6 教科書本文,P70～P75,70,75,10,1,39,eye contact,アイコンタクト,,0,,eye contact,アイコンタクト,アイコンタクト,eye contact,10.26NH2_KeyWords_U6_英日_問題.pdf,アイ カンタックト,,eye contact,eye contact,,アイコンタクト,複数語,1,原本保持
1300,ニューホライズン,NH,2,U6,Unit6 How,can we make a good presentation?,Unit6 1～RT2,P69～P75,69,75,10,2,40,as for ~,~について言えば,☆,1,,as for ~,~について言えば,~について言えば,as for ~,10.26NH2_KeyWords_U6_英日_問題.pdf,アズ フォー ～,,as for ~,as for ~,,~について言えば,表現,1,原本保持
1301,ニューホライズン,NH,2,U6,Unit6 How,can we make a good presentation?,Unit6 1～RT2,P69～P75,69,75,10,2,41,topic,"話題, トピック",☆,1,,topic,"話題, トピック","話題, トピック",topic,10.26NH2_KeyWords_U6_英日_問題.pdf,タピック,,topic,topic,,"話題, トピック",単語,0,原本保持
1302,ニューホライズン,NH,2,U6,Unit6 How,can we make a good presentation?,Real Life English 6 電車の乗りかえ-道案内-,P77,77,77,10,2,42,take,(乗り物などに)乗る,☆,1,,take,(乗り物などに)乗る,(乗り物などに)乗る,take,10.26NH2_KeyWords_U6_英日_問題.pdf,テイク,,take,take,,(乗り物などに)乗る,単語,0,原本保持
1303,ニューホライズン,NH,2,U6,Unit6 How,can we make a good presentation?,Real Life English 6 電車の乗りかえ-道案内-,P77,77,77,10,2,43,get to ~,~に着く,☆,1,,get to ~,~に着く,~に着く,get to ~,10.26NH2_KeyWords_U6_英日_問題.pdf,ゲット トゥ ～,,get to ~,get to ~,,~に着く,表現,1,原本保持
1304,ニューホライズン,NH,2,U6,Unit6 How,can we make a good presentation?,Real Life English 6 電車の乗りかえ-道案内-,P77,77,77,10,2,44,stop,"停留所, 駅",☆,1,,stop,"停留所, 駅","停留所, 駅",stop,10.26NH2_KeyWords_U6_英日_問題.pdf,ストップ,,stop,stop,,"停留所, 駅",単語,0,原本保持
1305,ニューホライズン,NH,2,U6,Unit6 How,can we make a good presentation?,Real Life English 6 電車の乗りかえ-道案内-,P77,77,77,10,2,45,direction,"方向, 方角",,0,,direction,"方向, 方角","方向, 方角",direction,10.26NH2_KeyWords_U6_英日_問題.pdf,ダーエックシャン,,direction,direction,,"方向, 方角",単語,0,原本保持
1306,ニューホライズン,NH,2,U6,Unit6 How,can we make a good presentation?,Real Life English 6 電車の乗りかえ-道案内-,P77,77,77,10,2,46,change trains,電車を乗りかえる,☆,1,,change trains,電車を乗りかえる,電車を乗りかえる,change trains,10.26NH2_KeyWords_U6_英日_問題.pdf,チェンジ トレインズ,,change trains,change trains,,電車を乗りかえる,複数語,1,原本保持
1307,ニューホライズン,NH,2,U6,Unit6 How,can we make a good presentation?,Real Life English 6 電車の乗りかえ-道案内-,P77,77,77,10,2,47,goodbye,さようなら,,0,,goodbye,さようなら,さようなら,goodbye,10.26NH2_KeyWords_U6_英日_問題.pdf,グッドバイ,,goodbye,goodbye,,さようなら,単語,0,原本保持
1308,ニューホライズン,NH,2,U6,Unit6 How,can we make a good presentation?,Real Life English 6 電車の乗りかえ-道案内-,P77,77,77,10,2,48,Shall I ~?,~しましょうか。,☆,1,,Shall I ~?,~しましょうか。,~しましょうか。,Shall I ~?,10.26NH2_KeyWords_U6_英日_問題.pdf,シャル アイ ～,,Shall I ~?,Shall I ~?,,~しましょうか。,表現,1,原本保持
1309,ニューホライズン,NH,2,U6,Unit6 How,can we make a good presentation?,Stage Activity 2 My School and School Life,"P80,P81",80,81,10,2,49,belong to ~,~に所属する,☆,1,,belong to ~,~に所属する,~に所属する,belong to ~,10.26NH2_KeyWords_U6_英日_問題.pdf,ビロング トゥ ～,,belong to ~,belong to ~,,~に所属する,表現,1,原本保持
1310,ニューホライズン,NH,2,U6,Unit6 How,can we make a good presentation?,Stage Activity 2 My School and School Life,"P80,P81",80,81,10,2,50,video,"映像, 動画",,0,,video,"映像, 動画","映像, 動画",video,10.26NH2_KeyWords_U6_英日_問題.pdf,ビデオ,,video,video,,"映像, 動画",単語,0,原本保持
1311,ニューホライズン,NH,2,U6,Unit6 How,can we make a good presentation?,Stage Activity 2 My School and School Life,"P80,P81",80,81,10,2,51,field,競技場,☆,1,,field,競技場,競技場,field,10.26NH2_KeyWords_U6_英日_問題.pdf,フィールド,,field,field,,競技場,単語,0,原本保持
1312,ニューホライズン,NH,2,U6,Unit6 How,can we make a good presentation?,Stage Activity 2 My School and School Life,"P80,P81",80,81,10,2,52,turf,"芝, 芝地",,0,,turf,"芝, 芝地","芝, 芝地",turf,10.26NH2_KeyWords_U6_英日_問題.pdf,ターフ,,turf,turf,,"芝, 芝地",単語,0,原本保持
1313,ニューホライズン,NH,2,U6,Unit6 How,can we make a good presentation?,Stage Activity 2 My School and School Life,"P80,P81",80,81,10,2,53,letter,手紙,☆,1,,letter,手紙,手紙,letter,10.26NH2_KeyWords_U6_英日_問題.pdf,レター,,letter,letter,,手紙,単語,0,原本保持
1314,ニューホライズン,NH,2,U6,Unit6 How,can we make a good presentation?,Stage Activity 2 My School and School Life,"P80,P81",80,81,10,2,54,unique,"特有の, 独特な",,0,,unique,"特有の, 独特な","特有の, 独特な",unique,10.26NH2_KeyWords_U6_英日_問題.pdf,ユニク,,unique,unique,,"特有の, 独特な",単語,0,原本保持
1315,ニューホライズン,NH,2,U6,Unit6 How,can we make a good presentation?,Stage Activity 2 My School and School Life,"P80,P81",80,81,10,2,55,almost,ほとんど,☆,1,,almost,ほとんど,ほとんど,almost,10.26NH2_KeyWords_U6_英日_問題.pdf,オールモスト,,almost,almost,,ほとんど,単語,0,原本保持
1316,ニューホライズン,NH,2,U6,Unit6 How,can we make a good presentation?,Stage Activity 2 My School and School Life,"P80,P81",80,81,10,2,56,artificial,人工的な,,0,,artificial,人工的な,人工的な,artificial,10.26NH2_KeyWords_U6_英日_問題.pdf,アータフィシャル,,artificial,artificial,,人工的な,単語,0,原本保持
1317,ニューホライズン,NH,2,U6,Unit6 How,can we make a good presentation?,Stage Activity 2 My School and School Life,"P80,P81",80,81,10,2,57,clean up,きれいにそうじする,☆,1,,clean up,きれいにそうじする,きれいにそうじする,clean up,10.26NH2_KeyWords_U6_英日_問題.pdf,クリーン アップ,,clean up,clean up,,きれいにそうじする,複数語,1,原本保持
1318,ニューホライズン,NH,2,LR2,A,Glass of Milk Let's Read 2,Let's Read 2 教科書本文,P84～P87,84,87,11,1,1,send-sent,おくる[原形-過去形],☆,1,,send-sent,おくる[原形-過去形],おくる[原形-過去形],send-sent,11.26NH2_KeyWords_LR2_英日_問題.pdf,センド・セント,,send-sent,send-sent,,おくる[原形-過去形],単語,0,原本保持
1319,ニューホライズン,NH,2,LR2,A,Glass of Milk Let's Read 2,Let's Read 2 教科書本文,P84～P87,84,87,11,1,2,old,年をとった,,0,,old,年をとった,年をとった,old,11.26NH2_KeyWords_LR2_英日_問題.pdf,オールド,,old,old,,年をとった,単語,0,原本保持
1320,ニューホライズン,NH,2,LR2,A,Glass of Milk Let's Read 2,Let's Read 2 教科書本文,P84～P87,84,87,11,1,3,be afraid to ~,~するのがこわい,☆,1,,be afraid to ~,~するのがこわい,~するのがこわい,be afraid to ~,11.26NH2_KeyWords_LR2_英日_問題.pdf,ビー アフレイド トゥ ～,,be afraid to ~,be afraid to ~,,~するのがこわい,表現,1,原本保持
1321,ニューホライズン,NH,2,LR2,A,Glass of Milk Let's Read 2,Let's Read 2 教科書本文,P84～P87,84,87,11,1,4,ill,"病気で, ぐあいが悪い",,0,,ill,"病気で, ぐあいが悪い","病気で, ぐあいが悪い",ill,11.26NH2_KeyWords_LR2_英日_問題.pdf,イル,,ill,ill,,"病気で, ぐあいが悪い",単語,0,原本保持
1322,ニューホライズン,NH,2,LR2,A,Glass of Milk Let's Read 2,Let's Read 2 教科書本文,P84～P87,84,87,11,1,5,wonder,思いをめぐらす,,0,,wonder,思いをめぐらす,思いをめぐらす,wonder,11.26NH2_KeyWords_LR2_英日_問題.pdf,ワンダー,,wonder,wonder,,思いをめぐらす,単語,0,原本保持
1323,ニューホライズン,NH,2,LR2,A,Glass of Milk Let's Read 2,Let's Read 2 教科書本文,P84～P87,84,87,11,1,6,alive,生きて,,0,,alive,生きて,生きて,alive,11.26NH2_KeyWords_LR2_英日_問題.pdf,アライヴ,,alive,alive,,生きて,単語,0,原本保持
1324,ニューホライズン,NH,2,LR2,A,Glass of Milk Let's Read 2,Let's Read 2 教科書本文,P84～P87,84,87,11,1,7,sell,~を売る,,0,,sell,~を売る,~を売る,sell,11.26NH2_KeyWords_LR2_英日_問題.pdf,セル,,sell,sell,,~を売る,単語,0,原本保持
1325,ニューホライズン,NH,2,LR2,A,Glass of Milk Let's Read 2,Let's Read 2 教科書本文,P84～P87,84,87,11,1,8,once,"かつて, 以前",,0,,once,"かつて, 以前","かつて, 以前",once,11.26NH2_KeyWords_LR2_英日_問題.pdf,ワンス,,once,once,,"かつて, 以前",単語,0,原本保持
1326,ニューホライズン,NH,2,LR2,A,Glass of Milk Let's Read 2,Let's Read 2 教科書本文,P84～P87,84,87,11,1,9,say,~と書いてある,,0,,say,~と書いてある,~と書いてある,say,11.26NH2_KeyWords_LR2_英日_問題.pdf,セイ,,say,say,,~と書いてある,単語,0,原本保持
1327,ニューホライズン,NH,2,LR2,A,Glass of Milk Let's Read 2,Let's Read 2 教科書本文,P84～P87,84,87,11,1,10,much,"ずっと, はるかに",,0,,much,"ずっと, はるかに","ずっと, はるかに",much,11.26NH2_KeyWords_LR2_英日_問題.pdf,マッチ,,much,much,,"ずっと, はるかに",単語,0,原本保持
1328,ニューホライズン,NH,2,LR2,A,Glass of Milk Let's Read 2,Let's Read 2 教科書本文,P84～P87,84,87,11,1,11,reply,~と答える,,0,,reply,~と答える,~と答える,reply,11.26NH2_KeyWords_LR2_英日_問題.pdf,リプライ,,reply,reply,,~と答える,単語,0,原本保持
1329,ニューホライズン,NH,2,LR2,A,Glass of Milk Let's Read 2,Let's Read 2 教科書本文,P84～P87,84,87,11,1,12,inside,"内側に, 内部に",,0,,inside,"内側に, 内部に","内側に, 内部に",inside,11.26NH2_KeyWords_LR2_英日_問題.pdf,インサイド,,inside,inside,,"内側に, 内部に",単語,0,原本保持
1330,ニューホライズン,NH,2,LR2,A,Glass of Milk Let's Read 2,Let's Read 2 教科書本文,P84～P87,84,87,11,1,13,pay,(代金などを)支払う,,0,,pay,(代金などを)支払う,(代金などを)支払う,pay,11.26NH2_KeyWords_LR2_英日_問題.pdf,ペイ,,pay,pay,,(代金などを)支払う,単語,0,原本保持
1331,ニューホライズン,NH,2,LR2,A,Glass of Milk Let's Read 2,Let's Read 2 教科書本文,P84～P87,84,87,11,1,14,door-to-door,1軒ずつ,,0,,door-to-door,1軒ずつ,1軒ずつ,door-to-door,11.26NH2_KeyWords_LR2_英日_問題.pdf,ドー・トゥ・ドー,,door-to-door,door-to-door,,1軒ずつ,単語,0,原本保持
1332,ニューホライズン,NH,2,LR2,A,Glass of Milk Let's Read 2,Let's Read 2 教科書本文,P84～P87,84,87,11,1,15,knock,ノックする,,0,,knock,ノックする,ノックする,knock,11.26NH2_KeyWords_LR2_英日_問題.pdf,ナク,,knock,knock,,ノックする,単語,0,原本保持
1333,ニューホライズン,NH,2,LR2,A,Glass of Milk Let's Read 2,Let's Read 2 教科書本文,P84～P87,84,87,11,1,16,before,"以前に, かつて",,0,,before,"以前に, かつて","以前に, かつて",before,11.26NH2_KeyWords_LR2_英日_問題.pdf,ビフォー,,before,before,,"以前に, かつて",単語,0,原本保持
1334,ニューホライズン,NH,2,LR2,A,Glass of Milk Let's Read 2,Let's Read 2 教科書本文,P84～P87,84,87,11,1,17,earn,~をかせぐ,,0,,earn,~をかせぐ,~をかせぐ,earn,11.26NH2_KeyWords_LR2_英日_問題.pdf,ン,,earn,earn,,~をかせぐ,単語,0,原本保持
1335,ニューホライズン,NH,2,LR2,A,Glass of Milk Let's Read 2,Let's Read 2 教科書本文,P84～P87,84,87,11,1,18,away,"はなれて, 去って",,0,,away,"はなれて, 去って","はなれて, 去って",away,11.26NH2_KeyWords_LR2_英日_問題.pdf,アウェイ,,away,away,,"はなれて, 去って",単語,0,原本保持
1336,ニューホライズン,NH,2,LR2,A,Glass of Milk Let's Read 2,Let's Read 2 教科書本文,P84～P87,84,87,11,1,19,smile,"ほほえみ, 微笑",,0,,smile,"ほほえみ, 微笑","ほほえみ, 微笑",smile,11.26NH2_KeyWords_LR2_英日_問題.pdf,スマイル,,smile,smile,,"ほほえみ, 微笑",単語,0,原本保持
1337,ニューホライズン,NH,2,LR2,A,Glass of Milk Let's Read 2,Let's Read 2 教科書本文,P84～P87,84,87,11,1,20,herself,彼女自身,,0,,herself,彼女自身,彼女自身,herself,11.26NH2_KeyWords_LR2_英日_問題.pdf,ハーセルフ,,herself,herself,,彼女自身,単語,0,原本保持
1338,ニューホライズン,NH,2,LR2,A,Glass of Milk Let's Read 2,Let's Read 2 教科書本文,P84～P87,84,87,11,1,21,pocket,ポケット,,0,,pocket,ポケット,ポケット,pocket,11.26NH2_KeyWords_LR2_英日_問題.pdf,パカット,,pocket,pocket,,ポケット,単語,0,原本保持
1339,ニューホライズン,NH,2,LR2,A,Glass of Milk Let's Read 2,Let's Read 2 教科書本文,P84～P87,84,87,11,1,22,and,[命令文のあとで]そうすれば,,0,,and,[命令文のあとで]そうすれば,[命令文のあとで]そうすれば,and,11.26NH2_KeyWords_LR2_英日_問題.pdf,アンド,,and,and,,[命令文のあとで]そうすれば,単語,0,原本保持
1340,ニューホライズン,NH,2,LR2,A,Glass of Milk Let's Read 2,Let's Read 2 教科書本文,P84～P87,84,87,11,1,23,operation,手術,,0,,operation,手術,手術,operation,11.26NH2_KeyWords_LR2_英日_問題.pdf,アパーエイシャン,,operation,operation,,手術,単語,0,原本保持
1341,ニューホライズン,NH,2,LR2,A,Glass of Milk Let's Read 2,Let's Read 2 教科書本文,P84～P87,84,87,11,1,24,be about to ~,今にも~しようとしている,,0,,be about to ~,今にも~しようとしている,今にも~しようとしている,be about to ~,11.26NH2_KeyWords_LR2_英日_問題.pdf,ビー アバウト トゥ ～,,be about to ~,be about to ~,,今にも~しようとしている,表現,1,原本保持
1342,ニューホライズン,NH,2,LR2,A,Glass of Milk Let's Read 2,Let's Read 2 教科書本文,P84～P87,84,87,11,1,25,kindness,親切,,0,,kindness,親切,親切,kindness,11.26NH2_KeyWords_LR2_英日_問題.pdf,カインドナス,,kindness,kindness,,親切,単語,0,原本保持
1343,ニューホライズン,NH,2,LR2,A,Glass of Milk Let's Read 2,Let's Read 2 教科書本文,P84～P87,84,87,11,1,26,here's,here isの短縮形,,0,,here's,here isの短縮形,here isの短縮形,here's,11.26NH2_KeyWords_LR2_英日_問題.pdf,ヒア,,here's,here's,,here isの短縮形,短縮形,0,原本保持
1344,ニューホライズン,NH,2,LR2,A,Glass of Milk Let's Read 2,Let's Read 2 教科書本文,P84～P87,84,87,11,1,27,envelope,封筒,,0,,envelope,封筒,封筒,envelope,11.26NH2_KeyWords_LR2_英日_問題.pdf,エンヴァロプ,,envelope,envelope,,封筒,単語,0,原本保持
1345,ニューホライズン,NH,2,LR2,A,Glass of Milk Let's Read 2,Let's Read 2 教科書本文,P84～P87,84,87,11,1,28,do well,"順調にやる, 元気になる",,0,,do well,"順調にやる, 元気になる","順調にやる, 元気になる",do well,11.26NH2_KeyWords_LR2_英日_問題.pdf,ドゥ ウェル,,do well,do well,,"順調にやる, 元気になる",複数語,1,原本保持
1346,ニューホライズン,NH,2,LR2,A,Glass of Milk Let's Read 2,Let's Read 2 教科書本文,P84～P87,84,87,11,1,29,coin,"硬貨, コイン",,0,,coin,"硬貨, コイン","硬貨, コイン",coin,11.26NH2_KeyWords_LR2_英日_問題.pdf,コイン,,coin,coin,,"硬貨, コイン",単語,0,原本保持
1347,ニューホライズン,NH,2,LR2,A,Glass of Milk Let's Read 2,Let's Read 2 教科書本文,P84～P87,84,87,11,1,30,with a smile,にっこり笑って,,0,,with a smile,にっこり笑って,にっこり笑って,with a smile,11.26NH2_KeyWords_LR2_英日_問題.pdf,ウィズ ア スマイル,,with a smile,with a smile,,にっこり笑って,複数語,1,原本保持
1348,ニューホライズン,NH,2,LR2,A,Glass of Milk Let's Read 2,Let's Read 2 教科書本文,P84～P87,84,87,11,1,31,candy,キャンディー,,0,,candy,キャンディー,キャンディー,candy,11.26NH2_KeyWords_LR2_英日_問題.pdf,カンディ,,candy,candy,,キャンディー,単語,0,原本保持
1349,ニューホライズン,NH,2,LR2,A,Glass of Milk Let's Read 2,Let's Read 2 教科書本文,P84～P87,84,87,11,1,32,right away,すぐに,,0,,right away,すぐに,すぐに,right away,11.26NH2_KeyWords_LR2_英日_問題.pdf,ライト アウェイ,,right away,right away,,すぐに,複数語,1,原本保持
1350,ニューホライズン,NH,2,LR2,A,Glass of Milk Let's Read 2,Let's Read 2 教科書本文,P84～P87,84,87,11,1,33,bill,請求書,,0,,bill,請求書,請求書,bill,11.26NH2_KeyWords_LR2_英日_問題.pdf,ビル,,bill,bill,,請求書,単語,0,原本保持
1351,ニューホライズン,NH,2,LR2,A,Glass of Milk Let's Read 2,Let's Read 2 教科書本文,P84～P87,84,87,11,1,34,go by,(時間が)過ぎる,,0,,go by,(時間が)過ぎる,(時間が)過ぎる,go by,11.26NH2_KeyWords_LR2_英日_問題.pdf,ゴウ バイ,,go by,go by,,(時間が)過ぎる,複数語,1,原本保持
1352,ニューホライズン,NH,2,LR2,A,Glass of Milk Let's Read 2,Let's Read 2 教科書本文,P84～P87,84,87,11,1,35,well-off,裕福な,,0,,well-off,裕福な,裕福な,well-off,11.26NH2_KeyWords_LR2_英日_問題.pdf,ウェル・オフ,,well-off,well-off,,裕福な,単語,0,原本保持
1353,ニューホライズン,NH,2,LR2,A,Glass of Milk Let's Read 2,Let's Read 2 教科書本文,P84～P87,84,87,11,1,36,a glass of ~,コップ1杯(の量)の,,0,,a glass of ~,コップ1杯(の量)の,コップ1杯(の量)の,a glass of ~,11.26NH2_KeyWords_LR2_英日_問題.pdf,ア グラス オブ ～,,a glass of ~,a glass of ~,,コップ1杯(の量)の,表現,1,原本保持
1354,ニューホライズン,NH,2,LR2,A,Glass of Milk Let's Read 2,Let's Read 2 教科書本文,P84～P87,84,87,11,1,37,sorry,"気の毒で, かわいそうで",,0,,sorry,"気の毒で, かわいそうで","気の毒で, かわいそうで",sorry,11.26NH2_KeyWords_LR2_英日_問題.pdf,ソーリー,,sorry,sorry,,"気の毒で, かわいそうで",単語,0,原本保持
1355,ニューホライズン,NH,2,LR2,A,Glass of Milk Let's Read 2,Let's Read 2 教科書本文,P84～P87,84,87,11,1,38,in full,全部,,0,,in full,全部,全部,in full,11.26NH2_KeyWords_LR2_英日_問題.pdf,イン フル,,in full,in full,,全部,複数語,1,原本保持
1356,ニューホライズン,NH,2,LR2,A,Glass of Milk Let's Read 2,Let's Read 2 教科書本文,P84～P87,84,87,11,1,39,rich,"金持ちの, 裕福な",,0,,rich,"金持ちの, 裕福な","金持ちの, 裕福な",rich,11.26NH2_KeyWords_LR2_英日_問題.pdf,リチ,,rich,rich,,"金持ちの, 裕福な",単語,0,原本保持
1357,ニューホライズン,NH,2,LR2,A,Glass of Milk Let's Read 2,Let's Read 2 教科書本文,P84～P87,84,87,11,1,40,in front of ~,~の前で[に],,0,,in front of ~,~の前で[に],~の前で[に],in front of ~,11.26NH2_KeyWords_LR2_英日_問題.pdf,イン フラント オブ ～,,in front of ~,in front of ~,,~の前で[に],表現,1,原本保持
1358,ニューホライズン,NH,2,LR2,A,Glass of Milk Let's Read 2,Let's Read 2 教科書本文,P84～P87,84,87,11,1,41,poor,"貧しい, かわいそうな",,0,,poor,"貧しい, かわいそうな","貧しい, かわいそうな",poor,11.26NH2_KeyWords_LR2_英日_問題.pdf,プー,,poor,poor,,"貧しい, かわいそうな",単語,0,原本保持
1359,ニューホライズン,NH,2,LR2,A,Glass of Milk Let's Read 2,Let's Read 2 教科書本文,P84～P87,84,87,11,1,42,a few,"少数の, いくらかの",,0,,a few,"少数の, いくらかの","少数の, いくらかの",a few,11.26NH2_KeyWords_LR2_英日_問題.pdf,ア フュ,,a few,a few,,"少数の, いくらかの",複数語,1,原本保持
1360,ニューホライズン,NH,2,LR2,A,Glass of Milk Let's Read 2,Let's Read 2 教科書本文,P84～P87,84,87,11,1,43,paid,支払い済みの,,0,,paid,支払い済みの,支払い済みの,paid,11.26NH2_KeyWords_LR2_英日_問題.pdf,ペイド,,paid,paid,,支払い済みの,単語,0,原本保持
1361,ニューホライズン,NH,2,U7,Unit7,What are World Heritage sites and their problems?,"Unit7 Part1, 2",P89～P91,89,91,12,1,1,decide,~を決める,☆,1,,decide,~を決める,~を決める,decide,12.26NH2_KeyWords_U7_英日_問題.pdf,ディサイド,,decide,decide,,~を決める,単語,0,原本保持
1362,ニューホライズン,NH,2,U7,Unit7,What are World Heritage sites and their problems?,"Unit7 Part1, 2",P89～P91,89,91,12,1,2,know-knew-known,知っている[原形-過去形-過去分詞形],☆,1,,know-knew-known,知っている[原形-過去形-過去分詞形],知っている[原形-過去形-過去分詞形],know-knew-known,12.26NH2_KeyWords_U7_英日_問題.pdf,ノウ・ヌ・ノン,,know-knew-known,know-knew-known,,知っている[原形-過去形-過去分詞形],単語,0,原本保持
1363,ニューホライズン,NH,2,U7,Unit7,What are World Heritage sites and their problems?,"Unit7 Part1, 2",P89～P91,89,91,12,1,3,natural,自然の,☆,1,,natural,自然の,自然の,natural,12.26NH2_KeyWords_U7_英日_問題.pdf,ナチュラル,,natural,natural,,自然の,単語,0,原本保持
1364,ニューホライズン,NH,2,U7,Unit7,What are World Heritage sites and their problems?,"Unit7 Part1, 2",P89～P91,89,91,12,1,4,find-found-found,見つける[原形-過去形-過去分詞形],☆,1,,find-found-found,見つける[原形-過去形-過去分詞形],見つける[原形-過去形-過去分詞形],find-found-found,12.26NH2_KeyWords_U7_英日_問題.pdf,ファインド・ファウンド・ファウンド,,find-found-found,find-found-found,,見つける[原形-過去形-過去分詞形],単語,0,原本保持
1365,ニューホライズン,NH,2,U7,Unit7,What are World Heritage sites and their problems?,"Unit7 Part1, 2",P89～P91,89,91,12,1,5,select,~を選ぶ,,0,,select,~を選ぶ,~を選ぶ,select,12.26NH2_KeyWords_U7_英日_問題.pdf,サレックト,,select,select,,~を選ぶ,単語,0,原本保持
1366,ニューホライズン,NH,2,U7,Unit7,What are World Heritage sites and their problems?,"Unit7 Part1, 2",P89～P91,89,91,12,1,6,more than ~,~より多い,☆,1,,more than ~,~より多い,~より多い,more than ~,12.26NH2_KeyWords_U7_英日_問題.pdf,モー ザン ～,,more than ~,more than ~,,~より多い,表現,1,原本保持
1367,ニューホライズン,NH,2,U7,Unit7,What are World Heritage sites and their problems?,"Unit7 Part1, 2",P89～P91,89,91,12,1,7,standard,基準,,0,,standard,基準,基準,standard,12.26NH2_KeyWords_U7_英日_問題.pdf,スタンダード,,standard,standard,,基準,単語,0,原本保持
1368,ニューホライズン,NH,2,U7,Unit7,What are World Heritage sites and their problems?,"Unit7 Part1, 2",P89～P91,89,91,12,1,8,species,(生物学上の)種,,0,,species,(生物学上の)種,(生物学上の)種,species,12.26NH2_KeyWords_U7_英日_問題.pdf,スピシズ,,species,species,,(生物学上の)種,単語,0,原本保持
1369,ニューホライズン,NH,2,U7,Unit7,What are World Heritage sites and their problems?,"Unit7 Part1, 2",P89～P91,89,91,12,1,9,site,遺跡,,0,,site,遺跡,遺跡,site,12.26NH2_KeyWords_U7_英日_問題.pdf,サイト,,site,site,,遺跡,単語,0,原本保持
1370,ニューホライズン,NH,2,U7,Unit7,What are World Heritage sites and their problems?,"Unit7 Part1, 2",P89～P91,89,91,12,1,10,region,"地方, 地域",,0,,region,"地方, 地域","地方, 地域",region,12.26NH2_KeyWords_U7_英日_問題.pdf,リジャン,,region,region,,"地方, 地域",単語,0,原本保持
1371,ニューホライズン,NH,2,U7,Unit7,What are World Heritage sites and their problems?,"Unit7 Part1, 2",P89～P91,89,91,12,1,11,selection,選択,,0,,selection,選択,選択,selection,12.26NH2_KeyWords_U7_英日_問題.pdf,サレックシャン,,selection,selection,,選択,単語,0,原本保持
1372,ニューホライズン,NH,2,U7,Unit7,What are World Heritage sites and their problems?,"Unit7 Part1, 2",P89～P91,89,91,12,1,12,plant,植物,,0,,plant,植物,植物,plant,12.26NH2_KeyWords_U7_英日_問題.pdf,プラント,,plant,plant,,植物,単語,0,原本保持
1373,ニューホライズン,NH,2,U7,Unit7,What are World Heritage sites and their problems?,"Unit7 Part1, 2",P89～P91,89,91,12,1,13,heritage,(文化的な)遺産,,0,,heritage,(文化的な)遺産,(文化的な)遺産,heritage,12.26NH2_KeyWords_U7_英日_問題.pdf,ヘラタジ,,heritage,heritage,,(文化的な)遺産,単語,0,原本保持
1374,ニューホライズン,NH,2,U7,Unit7,What are World Heritage sites and their problems?,"Unit7 Part1, 2",P89～P91,89,91,12,1,14,hometown,故郷,,0,,hometown,故郷,故郷,hometown,12.26NH2_KeyWords_U7_英日_問題.pdf,ホムタウン,,hometown,hometown,,故郷,単語,0,原本保持
1375,ニューホライズン,NH,2,U7,Unit7,What are World Heritage sites and their problems?,"Unit7 Part1, 2",P89～P91,89,91,12,1,15,conference,"会議, 評議会",,0,,conference,"会議, 評議会","会議, 評議会",conference,12.26NH2_KeyWords_U7_英日_問題.pdf,カンファーンス,,conference,conference,,"会議, 評議会",単語,0,原本保持
1376,ニューホライズン,NH,2,U7,Unit7,What are World Heritage sites and their problems?,"Unit7 Part1, 2",P89～P91,89,91,12,1,16,diversity,多様性,,0,,diversity,多様性,多様性,diversity,12.26NH2_KeyWords_U7_英日_問題.pdf,ディヴァーシティ,,diversity,diversity,,多様性,単語,0,原本保持
1377,ニューホライズン,NH,2,U7,Unit7,What are World Heritage sites and their problems?,"Unit7 Part1, 2",P89～P91,89,91,12,1,17,mixed,混合した,,0,,mixed,混合した,混合した,mixed,12.26NH2_KeyWords_U7_英日_問題.pdf,ミックスト,,mixed,mixed,,混合した,単語,0,原本保持
1378,ニューホライズン,NH,2,U7,Unit7,What are World Heritage sites and their problems?,"Unit7 Part1, 2",P89～P91,89,91,12,1,18,floral,花の,,0,,floral,花の,花の,floral,12.26NH2_KeyWords_U7_英日_問題.pdf,フロラル,,floral,floral,,花の,単語,0,原本保持
1379,ニューホライズン,NH,2,U7,Unit7,What are World Heritage sites and their problems?,"Unit7 Part1, 2",P89～P91,89,91,12,1,19,general,"一般的な, 総合的な",,0,,general,"一般的な, 総合的な","一般的な, 総合的な",general,12.26NH2_KeyWords_U7_英日_問題.pdf,ジェナール,,general,general,,"一般的な, 総合的な",単語,0,原本保持
1380,ニューホライズン,NH,2,U7,Unit7,What are World Heritage sites and their problems?,"Unit7 Part1, 2",P89～P91,89,91,12,1,20,fantastic,"すばらしい, すてきな",,0,,fantastic,"すばらしい, すてきな","すばらしい, すてきな",fantastic,12.26NH2_KeyWords_U7_英日_問題.pdf,ファンタスティック,,fantastic,fantastic,,"すばらしい, すてきな",単語,0,原本保持
1381,ニューホライズン,NH,2,U7,Unit7,What are World Heritage sites and their problems?,"Unit7 Part1, 2",P89～P91,89,91,12,1,21,cultural,文化の,,0,,cultural,文化の,文化の,cultural,12.26NH2_KeyWords_U7_英日_問題.pdf,カルチャール,,cultural,cultural,,文化の,単語,0,原本保持
1382,ニューホライズン,NH,2,U7,Unit7,What are World Heritage sites and their problems?,Unit7 Read and Think1,"P92,P93",92,93,12,1,22,protect,"~を守る, 保護する",☆,1,,protect,"~を守る, 保護する","~を守る, 保護する",protect,12.26NH2_KeyWords_U7_英日_問題.pdf,プラテックト,,protect,protect,,"~を守る, 保護する",単語,0,原本保持
1383,ニューホライズン,NH,2,U7,Unit7,What are World Heritage sites and their problems?,Unit7 Read and Think1,"P92,P93",92,93,12,1,23,material,"原料, 材料",,0,,material,"原料, 材料","原料, 材料",material,12.26NH2_KeyWords_U7_英日_問題.pdf,マティリル,,material,material,,"原料, 材料",単語,0,原本保持
1384,ニューホライズン,NH,2,U7,Unit7,What are World Heritage sites and their problems?,Unit7 Read and Think1,"P92,P93",92,93,12,1,24,cover,"~をおおう, 包む",☆,1,,cover,"~をおおう, 包む","~をおおう, 包む",cover,12.26NH2_KeyWords_U7_英日_問題.pdf,カヴァー,,cover,cover,,"~をおおう, 包む",単語,0,原本保持
1385,ニューホライズン,NH,2,U7,Unit7,What are World Heritage sites and their problems?,Unit7 Read and Think1,"P92,P93",92,93,12,1,25,marble,大理石,,0,,marble,大理石,大理石,marble,12.26NH2_KeyWords_U7_英日_問題.pdf,マーバル,,marble,marble,,大理石,単語,0,原本保持
1386,ニューホライズン,NH,2,U7,Unit7,What are World Heritage sites and their problems?,Unit7 Read and Think1,"P92,P93",92,93,12,1,26,build-built-built,建てる[原形-過去形-過去分詞形],☆,1,,build-built-built,建てる[原形-過去形-過去分詞形],建てる[原形-過去形-過去分詞形],build-built-built,12.26NH2_KeyWords_U7_英日_問題.pdf,ビルド・ビルト・ビルト,,build-built-built,build-built-built,,建てる[原形-過去形-過去分詞形],単語,0,原本保持
1387,ニューホライズン,NH,2,U7,Unit7,What are World Heritage sites and their problems?,Unit7 Read and Think1,"P92,P93",92,93,12,1,27,jewel,宝石,,0,,jewel,宝石,宝石,jewel,12.26NH2_KeyWords_U7_英日_問題.pdf,ジュル,,jewel,jewel,,宝石,単語,0,原本保持
1388,ニューホライズン,NH,2,U7,Unit7,What are World Heritage sites and their problems?,Unit7 Read and Think1,"P92,P93",92,93,12,1,28,because of ~,~のために,☆,1,,because of ~,~のために,~のために,because of ~,12.26NH2_KeyWords_U7_英日_問題.pdf,ビコーズ オブ ～,,because of ~,because of ~,,~のために,表現,1,原本保持
1389,ニューホライズン,NH,2,U7,Unit7,What are World Heritage sites and their problems?,Unit7 Read and Think1,"P92,P93",92,93,12,1,29,government,政府,,0,,government,政府,政府,government,12.26NH2_KeyWords_U7_英日_問題.pdf,ガヴァーマント,,government,government,,政府,単語,0,原本保持
1390,ニューホライズン,NH,2,U7,Unit7,What are World Heritage sites and their problems?,Unit7 Read and Think1,"P92,P93",92,93,12,1,30,turn,"~になる, 変わる",,0,,turn,"~になる, 変わる","~になる, 変わる",turn,12.26NH2_KeyWords_U7_英日_問題.pdf,ターン,,turn,turn,,"~になる, 変わる",単語,0,原本保持
1391,ニューホライズン,NH,2,U7,Unit7,What are World Heritage sites and their problems?,Unit7 Read and Think1,"P92,P93",92,93,12,1,31,emperor,皇帝,,0,,emperor,皇帝,皇帝,emperor,12.26NH2_KeyWords_U7_英日_問題.pdf,エムパーアー,,emperor,emperor,,皇帝,単語,0,原本保持
1392,ニューホライズン,NH,2,U7,Unit7,What are World Heritage sites and their problems?,Unit7 Read and Think1,"P92,P93",92,93,12,1,32,face,~に直面する,,0,,face,~に直面する,~に直面する,face,12.26NH2_KeyWords_U7_英日_問題.pdf,フェイス,,face,face,,~に直面する,単語,0,原本保持
1393,ニューホライズン,NH,2,U7,Unit7,What are World Heritage sites and their problems?,Unit7 Read and Think1,"P92,P93",92,93,12,1,33,architecture,建築,,0,,architecture,建築,建築,architecture,12.26NH2_KeyWords_U7_英日_問題.pdf,アーカテックチャー,,architecture,architecture,,建築,単語,0,原本保持
1394,ニューホライズン,NH,2,U7,Unit7,What are World Heritage sites and their problems?,Unit7 Read and Think1,"P92,P93",92,93,12,1,34,wife,妻,,0,,wife,妻,妻,wife,12.26NH2_KeyWords_U7_英日_問題.pdf,ワイフ,,wife,wife,,妻,単語,0,原本保持
1395,ニューホライズン,NH,2,U7,Unit7,What are World Heritage sites and their problems?,Unit7 Read and Think1,"P92,P93",92,93,12,1,35,in memory of ~,~を記念して,,0,,in memory of ~,~を記念して,~を記念して,in memory of ~,12.26NH2_KeyWords_U7_英日_問題.pdf,イン メマーイー オブ ～,,in memory of ~,in memory of ~,,~を記念して,表現,1,原本保持
1396,ニューホライズン,NH,2,U7,Unit7,What are World Heritage sites and their problems?,Unit7 Read and Think1,"P92,P93",92,93,12,1,36,pollution,"汚染, 公害",,0,,pollution,"汚染, 公害","汚染, 公害",pollution,12.26NH2_KeyWords_U7_英日_問題.pdf,パルシャン,,pollution,pollution,,"汚染, 公害",単語,0,原本保持
1397,ニューホライズン,NH,2,U7,Unit7,What are World Heritage sites and their problems?,Unit7 Read and Think1,"P92,P93",92,93,12,1,37,from far away,遠くから,,0,,from far away,遠くから,遠くから,from far away,12.26NH2_KeyWords_U7_英日_問題.pdf,フロム ファー アウェイ,,from far away,from far away,,遠くから,複数語,1,原本保持
1398,ニューホライズン,NH,2,U7,Unit7,What are World Heritage sites and their problems?,Unit7 Read and Think2,"P94,P95",94,95,12,1,38,see-saw-seen,"見る[原形-過去形-過去分詞形] 出発する, ~を置いていく[原形-過",☆,1,,see-saw-seen,"見る[原形-過去形-過去分詞形] 出発する, ~を置いていく[原形-過","見る[原形-過去形-過去分詞形] 出発する, ~を置いていく[原形-過",see-saw-seen,12.26NH2_KeyWords_U7_英日_問題.pdf,シー・ソ・シン,,see-saw-seen,see-saw-seen,,"見る[原形-過去形-過去分詞形] 出発する, ~を置いていく[原形-過",単語,0,原本保持
1399,ニューホライズン,NH,2,U7,Unit7,What are World Heritage sites and their problems?,Unit7 Read and Think2,"P94,P95",94,95,12,1,39,sunrise,日の出,,0,,sunrise,日の出,日の出,sunrise,12.26NH2_KeyWords_U7_英日_問題.pdf,サンライズ,,sunrise,sunrise,,日の出,単語,0,原本保持
1400,ニューホライズン,NH,2,U7,Unit7,What are World Heritage sites and their problems?,Unit7 Read and Think2,"P94,P95",94,95,12,1,40,crater,"噴火口, クレーター",,0,,crater,"噴火口, クレーター","噴火口, クレーター",crater,12.26NH2_KeyWords_U7_英日_問題.pdf,クレイター,,crater,crater,,"噴火口, クレーター",単語,0,原本保持
1401,ニューホライズン,NH,2,U7,Unit7,What are World Heritage sites and their problems?,Unit7 Read and Think2,"P94,P95",94,95,12,1,41,leave-left-left,"出発する, ~を置いていく[原形-過去形-過去分詞形]",☆,1,最終監査修正: 途中空白除去,leave-left-left,"出発する, ~を置いていく[原形-過去形-過去分詞形]","出発する, ~を置いていく[原形-過去形-過去分詞形]",leave-left-left,12.26NH2_KeyWords_U7_英日_問題.pdf,リーブ・レフト・レフト,,leave-left-left,leave-left-left,,"出発する, ~を置いていく[原形-過去形-過去分詞形]",単語,0,原本保持
1402,ニューホライズン,NH,2,U7,Unit7,What are World Heritage sites and their problems?,Unit7 Read and Think2,"P94,P95",94,95,12,1,42,cloud,雲,,0,,cloud,雲,雲,cloud,12.26NH2_KeyWords_U7_英日_問題.pdf,クラウド,,cloud,cloud,,雲,単語,0,原本保持
1403,ニューホライズン,NH,2,U7,Unit7,What are World Heritage sites and their problems?,Unit7 Read and Think2,"P94,P95",94,95,12,1,43,climb,のぼる,☆,1,,climb,のぼる,のぼる,climb,12.26NH2_KeyWords_U7_英日_問題.pdf,クライム,,climb,climb,,のぼる,単語,0,原本保持
1404,ニューホライズン,NH,2,U7,Unit7,What are World Heritage sites and their problems?,Unit7 Read and Think2,"P94,P95",94,95,12,1,44,campaign,キャンペーン,,0,,campaign,キャンペーン,キャンペーン,campaign,12.26NH2_KeyWords_U7_英日_問題.pdf,カムペイン,,campaign,campaign,,キャンペーン,単語,0,原本保持
1405,ニューホライズン,NH,2,U7,Unit7,What are World Heritage sites and their problems?,Unit7 Read and Think2,"P94,P95",94,95,12,1,45,a large amount of ~,たくさんの量の~,☆,1,,a large amount of ~,たくさんの量の~,たくさんの量の~,a large amount of ~,12.26NH2_KeyWords_U7_英日_問題.pdf,ア ラージ アマウント オブ ～,,a large amount of ~,a large amount of ~,,たくさんの量の~,表現,1,原本保持
1406,ニューホライズン,NH,2,U7,Unit7,What are World Heritage sites and their problems?,Unit7 Read and Think2,"P94,P95",94,95,12,1,46,bath,浴室,,0,,bath,浴室,浴室,bath,12.26NH2_KeyWords_U7_英日_問題.pdf,バス,,bath,bath,,浴室,単語,0,原本保持
1407,ニューホライズン,NH,2,U7,Unit7,What are World Heritage sites and their problems?,Unit7 Read and Think2,"P94,P95",94,95,12,1,47,more and more,ますます(多くの),☆,1,,more and more,ますます(多くの),ますます(多くの),more and more,12.26NH2_KeyWords_U7_英日_問題.pdf,モー アンド モー,,more and more,more and more,,ますます(多くの),複数語,1,原本保持
1408,ニューホライズン,NH,2,U7,Unit7,What are World Heritage sites and their problems?,Unit7 Read and Think2,"P94,P95",94,95,12,1,48,cleanup,大そうじ,,0,,cleanup,大そうじ,大そうじ,cleanup,12.26NH2_KeyWords_U7_英日_問題.pdf,クリナップ,,cleanup,cleanup,,大そうじ,単語,0,原本保持
1409,ニューホライズン,NH,2,U7,Unit7,What are World Heritage sites and their problems?,Unit7 Read and Think2,"P94,P95",94,95,12,1,49,list,~をリストに載せる,,0,,list,~をリストに載せる,~をリストに載せる,list,12.26NH2_KeyWords_U7_英日_問題.pdf,リスト,,list,list,,~をリストに載せる,単語,0,原本保持
1410,ニューホライズン,NH,2,U7,Unit7,What are World Heritage sites and their problems?,Unit7 Read and Think2,"P94,P95",94,95,12,1,50,recently,最近,,0,,recently,最近,最近,recently,12.26NH2_KeyWords_U7_英日_問題.pdf,リサントリ,,recently,recently,,最近,単語,0,原本保持
1411,ニューホライズン,NH,2,U7,Unit7,What are World Heritage sites and their problems?,Unit7 Read and Think2,"P94,P95",94,95,12,1,51,trail,小道,,0,,trail,小道,小道,trail,12.26NH2_KeyWords_U7_英日_問題.pdf,トレイール,,trail,trail,,小道,単語,0,原本保持
1412,ニューホライズン,NH,2,U7,Unit7,What are World Heritage sites and their problems?,Unit7 Read and Think2,"P94,P95",94,95,12,1,52,forever,"永久に, 永遠に",,0,,forever,"永久に, 永遠に","永久に, 永遠に",forever,12.26NH2_KeyWords_U7_英日_問題.pdf,ファーエヴァー,,forever,forever,,"永久に, 永遠に",単語,0,原本保持
1413,ニューホライズン,NH,2,U7,Unit7,What are World Heritage sites and their problems?,Unit7 Read and Think2,"P94,P95",94,95,12,1,53,tourist,"観光客, 旅行者",,0,,tourist,"観光客, 旅行者","観光客, 旅行者",tourist,12.26NH2_KeyWords_U7_英日_問題.pdf,トゥラスト,,tourist,tourist,,"観光客, 旅行者",単語,0,原本保持
1414,ニューホライズン,NH,2,U7,Unit7 What,are World Heritage sites and their problems?,Unit7 教科書本文,P90～P95,90,95,12,2,54,World Heritage sites,世界遺産,,0,,World Heritage sites,世界遺産,世界遺産,World Heritage sites,12.26NH2_KeyWords_U7_英日_問題.pdf,ワールド ヘリテージ サイツ,,World Heritage sites,World Heritage sites,,世界遺産,複数語,1,原本保持
1415,ニューホライズン,NH,2,U7,Unit7 What,are World Heritage sites and their problems?,Unit7 教科書本文,P90～P95,90,95,12,2,55,rooibos,ルイボス,,0,,rooibos,ルイボス,ルイボス,rooibos,12.26NH2_KeyWords_U7_英日_問題.pdf,ルイボス,,rooibos,rooibos,,ルイボス,単語,0,原本保持
1416,ニューホライズン,NH,2,U7,Unit7 What,are World Heritage sites and their problems?,Unit7 教科書本文,P90～P95,90,95,12,2,56,UNESCO,ユネスコ,,0,,UNESCO,ユネスコ,ユネスコ,UNESCO,12.26NH2_KeyWords_U7_英日_問題.pdf,ユネスコ,,UNESCO,UNESCO,,ユネスコ,単語,0,原本保持
1417,ニューホライズン,NH,2,U7,Unit7 What,are World Heritage sites and their problems?,Unit7 教科書本文,P90～P95,90,95,12,2,57,the Taj Mahal,タージ・マハル(インドの世界遺産),,0,,the Taj Mahal,タージ・マハル(インドの世界遺産),タージ・マハル(インドの世界遺産),the Taj Mahal,12.26NH2_KeyWords_U7_英日_問題.pdf,ザ タージ マハル,,the Taj Mahal,the Taj Mahal,,タージ・マハル(インドの世界遺産),複数語,1,原本保持
1418,ニューホライズン,NH,2,U7,Unit7 What,are World Heritage sites and their problems?,Unit7 教科書本文,P90～P95,90,95,12,2,58,the Cape Floral Region,ケープ植物区(南アフリカの世界遺産),,0,,the Cape Floral Region,ケープ植物区(南アフリカの世界遺産),ケープ植物区(南アフリカの世界遺産),the Cape Floral Region,12.26NH2_KeyWords_U7_英日_問題.pdf,ザ ケープ フローラル リージョン,,the Cape Floral Region,the Cape Floral Region,,ケープ植物区(南アフリカの世界遺産),複数語,1,原本保持
1419,ニューホライズン,NH,2,U7,Unit7 What,are World Heritage sites and their problems?,Unit7 教科書本文,P90～P95,90,95,12,2,59,Emperor Shah Jahan,皇帝シャー・ジャハーン,,0,,Emperor Shah Jahan,皇帝シャー・ジャハーン,皇帝シャー・ジャハーン,Emperor Shah Jahan,12.26NH2_KeyWords_U7_英日_問題.pdf,エンペラー シャー ジャハーン,,Emperor Shah Jahan,Emperor Shah Jahan,,皇帝シャー・ジャハーン,複数語,1,原本保持
1420,ニューホライズン,NH,2,U7,Unit7 What,are World Heritage sites and their problems?,Unit7 1～RT2,P89～P95,89,95,12,2,60,select,~を選ぶ,☆,1,,select,~を選ぶ,~を選ぶ,select,12.26NH2_KeyWords_U7_英日_問題.pdf,サレックト,,select,select,,~を選ぶ,単語,0,原本保持
1421,ニューホライズン,NH,2,U7,Unit7 What,are World Heritage sites and their problems?,Unit7 1～RT2,P89～P95,89,95,12,2,61,in memory of ~,~を記念して,☆,1,,in memory of ~,~を記念して,~を記念して,in memory of ~,12.26NH2_KeyWords_U7_英日_問題.pdf,イン メマーイー オブ ～,,in memory of ~,in memory of ~,,~を記念して,表現,1,原本保持
1422,ニューホライズン,NH,2,U7,Unit7 What,are World Heritage sites and their problems?,Unit7 1～RT2,P89～P95,89,95,12,2,62,standard,基準,☆,1,,standard,基準,基準,standard,12.26NH2_KeyWords_U7_英日_問題.pdf,スタンダード,,standard,standard,,基準,単語,0,原本保持
1423,ニューホライズン,NH,2,U7,Unit7 What,are World Heritage sites and their problems?,Unit7 1～RT2,P89～P95,89,95,12,2,63,recently,最近,☆,1,,recently,最近,最近,recently,12.26NH2_KeyWords_U7_英日_問題.pdf,リサントリ,,recently,recently,,最近,単語,0,原本保持
1424,ニューホライズン,NH,2,U7,Unit7 What,are World Heritage sites and their problems?,Unit7 1～RT2,P89～P95,89,95,12,2,64,diversity,多様性,☆,1,,diversity,多様性,多様性,diversity,12.26NH2_KeyWords_U7_英日_問題.pdf,ディヴァーシティ,,diversity,diversity,,多様性,単語,0,原本保持
1425,ニューホライズン,NH,2,U7,Unit7 What,are World Heritage sites and their problems?,Unit7 1～RT2,P89～P95,89,95,12,2,65,forever,"永久に, 永遠に",☆,1,,forever,"永久に, 永遠に","永久に, 永遠に",forever,12.26NH2_KeyWords_U7_英日_問題.pdf,ファーエヴァー,,forever,forever,,"永久に, 永遠に",単語,0,原本保持
1426,ニューホライズン,NH,2,U7,Unit7 What,are World Heritage sites and their problems?,Unit7 1～RT2,P89～P95,89,95,12,2,66,government,政府,☆,1,,government,政府,政府,government,12.26NH2_KeyWords_U7_英日_問題.pdf,ガヴァーマント,,government,government,,政府,単語,0,原本保持
1427,ニューホライズン,NH,2,U7,Unit7 What,are World Heritage sites and their problems?,Real Life English 7 買い物 -申し出る・要望を伝える-,P97,97,97,12,2,67,How much ~?,~はいくらですか。,☆,1,,How much ~?,~はいくらですか。,~はいくらですか。,How much ~?,12.26NH2_KeyWords_U7_英日_問題.pdf,ハウ マッチ ～,,How much ~?,How much ~?,,~はいくらですか。,表現,1,原本保持
1428,ニューホライズン,NH,2,U7,Unit7 What,are World Heritage sites and their problems?,Real Life English 7 買い物 -申し出る・要望を伝える-,P97,97,97,12,2,68,goods,"商品, 品物",,0,,goods,"商品, 品物","商品, 品物",goods,12.26NH2_KeyWords_U7_英日_問題.pdf,グッドズ,,goods,goods,,"商品, 品物",単語,0,原本保持
1429,ニューホライズン,NH,2,U7,Unit7 What,are World Heritage sites and their problems?,Real Life English 7 買い物 -申し出る・要望を伝える-,P97,97,97,12,2,69,size,"サイズ, 寸法",☆,1,,size,"サイズ, 寸法","サイズ, 寸法",size,12.26NH2_KeyWords_U7_英日_問題.pdf,サイズ,,size,size,,"サイズ, 寸法",単語,0,原本保持
1430,ニューホライズン,NH,2,U7,Unit7 What,are World Heritage sites and their problems?,Real Life English 7 買い物 -申し出る・要望を伝える-,P97,97,97,12,2,70,customer,顧客,,0,,customer,顧客,顧客,customer,12.26NH2_KeyWords_U7_英日_問題.pdf,カスタマー,,customer,customer,,顧客,単語,0,原本保持
1431,ニューホライズン,NH,2,U7,Unit7 What,are World Heritage sites and their problems?,Real Life English 7 買い物 -申し出る・要望を伝える-,P97,97,97,12,2,71,price,値段,☆,1,,price,値段,値段,price,12.26NH2_KeyWords_U7_英日_問題.pdf,プライス,,price,price,,値段,単語,0,原本保持
1432,ニューホライズン,NH,2,U7,Unit7 What,are World Heritage sites and their problems?,Real Life English 7 買い物 -申し出る・要望を伝える-,P97,97,97,12,2,72,clerk,"店員, フロント係",,0,,clerk,"店員, フロント係","店員, フロント係",clerk,12.26NH2_KeyWords_U7_英日_問題.pdf,クラーク,,clerk,clerk,,"店員, フロント係",単語,0,原本保持
1433,ニューホライズン,NH,2,U7,Unit7 What,are World Heritage sites and their problems?,Real Life English 7 買い物 -申し出る・要望を伝える-,P97,97,97,12,2,73,medium,"中くらいの, Mサイズの",☆,1,,medium,"中くらいの, Mサイズの","中くらいの, Mサイズの",medium,12.26NH2_KeyWords_U7_英日_問題.pdf,ミディム,,medium,medium,,"中くらいの, Mサイズの",単語,0,原本保持
1434,ニューホライズン,NH,2,U7,Unit7 What,are World Heritage sites and their problems?,Real Life English 7 買い物 -申し出る・要望を伝える-,P97,97,97,12,2,74,under ~,~未満で,,0,,under ~,~未満で,~未満で,under ~,12.26NH2_KeyWords_U7_英日_問題.pdf,アンダー ～,,under ~,under ~,,~未満で,表現,1,原本保持
1435,ニューホライズン,NH,2,U7,Unit7 What,are World Heritage sites and their problems?,Real Life English 7 買い物 -申し出る・要望を伝える-,P97,97,97,12,2,75,take,"~を選ぶ, ~を買う",,0,,take,"~を選ぶ, ~を買う","~を選ぶ, ~を買う",take,12.26NH2_KeyWords_U7_英日_問題.pdf,テイク,,take,take,,"~を選ぶ, ~を買う",単語,0,原本保持
1436,ニューホライズン,NH,2,U7,Unit7 What,are World Heritage sites and their problems?,Stage Activity 3 Let's Have a Discussion,"P100,P101",100,101,12,2,76,agree,賛成する,☆,1,,agree,賛成する,賛成する,agree,12.26NH2_KeyWords_U7_英日_問題.pdf,アグリ,,agree,agree,,賛成する,単語,0,原本保持
1437,ニューホライズン,NH,2,U7,Unit7 What,are World Heritage sites and their problems?,Stage Activity 3 Let's Have a Discussion,"P100,P101",100,101,12,2,77,traffic jam,交通渋滞,,0,,traffic jam,交通渋滞,交通渋滞,traffic jam,12.26NH2_KeyWords_U7_英日_問題.pdf,トラフィック ジャム,,traffic jam,traffic jam,,交通渋滞,複数語,1,原本保持
1438,ニューホライズン,NH,2,U7,Unit7 What,are World Heritage sites and their problems?,Stage Activity 3 Let's Have a Discussion,"P100,P101",100,101,12,2,78,against ~,~に反対して,☆,1,,against ~,~に反対して,~に反対して,against ~,12.26NH2_KeyWords_U7_英日_問題.pdf,アゲンスト ～,,against ~,against ~,,~に反対して,表現,1,原本保持
1439,ニューホライズン,NH,2,U7,Unit7 What,are World Heritage sites and their problems?,Stage Activity 3 Let's Have a Discussion,"P100,P101",100,101,12,2,79,tourism,観光,,0,,tourism,観光,観光,tourism,12.26NH2_KeyWords_U7_英日_問題.pdf,トゥリザム,,tourism,tourism,,観光,単語,0,原本保持
1440,ニューホライズン,NH,2,U7,Unit7 What,are World Heritage sites and their problems?,Stage Activity 3 Let's Have a Discussion,"P100,P101",100,101,12,2,80,develop,~を発展させる,☆,1,,develop,~を発展させる,~を発展させる,develop,12.26NH2_KeyWords_U7_英日_問題.pdf,ディヴェラップ,,develop,develop,,~を発展させる,単語,0,原本保持
1441,ニューホライズン,NH,2,U7,Unit7 What,are World Heritage sites and their problems?,Stage Activity 3 Let's Have a Discussion,"P100,P101",100,101,12,2,81,industry,"産業, 工業",,0,,industry,"産業, 工業","産業, 工業",industry,12.26NH2_KeyWords_U7_英日_問題.pdf,インダストリ,,industry,industry,,"産業, 工業",単語,0,原本保持
1442,ニューホライズン,NH,2,U7,Unit7 What,are World Heritage sites and their problems?,Stage Activity 3 Let's Have a Discussion,"P100,P101",100,101,12,2,82,environment,環境,☆,1,,environment,環境,環境,environment,12.26NH2_KeyWords_U7_英日_問題.pdf,インヴァイランマント,,environment,environment,,環境,単語,0,原本保持
1443,ニューホライズン,NH,2,U7,Unit7 What,are World Heritage sites and their problems?,Stage Activity 3 Let's Have a Discussion,"P100,P101",100,101,12,2,83,discussion,"討論, 話し合い",,0,,discussion,"討論, 話し合い","討論, 話し合い",discussion,12.26NH2_KeyWords_U7_英日_問題.pdf,ディスカシャン,,discussion,discussion,,"討論, 話し合い",単語,0,原本保持
1444,ニューホライズン,NH,2,U7,Unit7 What,are World Heritage sites and their problems?,Stage Activity 3 Let's Have a Discussion,"P100,P101",100,101,12,2,84,review,~を見直す,,0,,review,~を見直す,~を見直す,review,12.26NH2_KeyWords_U7_英日_問題.pdf,リヴユ,,review,review,,~を見直す,単語,0,原本保持
1445,ニューホライズン,NH,2,U7,Unit7 What,are World Heritage sites and their problems?,Stage Activity 3 Let's Have a Discussion,"P100,P101",100,101,12,2,85,crime,犯罪,,0,,crime,犯罪,犯罪,crime,12.26NH2_KeyWords_U7_英日_問題.pdf,クライム,,crime,crime,,犯罪,単語,0,原本保持
1446,ニューホライズン,NH,2,U7,Unit7 What,are World Heritage sites and their problems?,Stage Activity 3 Let's Have a Discussion,"P100,P101",100,101,12,2,86,pollute,"(水・空気など)を汚す, 汚染する",,0,,pollute,"(水・空気など)を汚す, 汚染する","(水・空気など)を汚す, 汚染する",pollute,12.26NH2_KeyWords_U7_英日_問題.pdf,パルト,,pollute,pollute,,"(水・空気など)を汚す, 汚染する",単語,0,原本保持
1447,ニューホライズン,NH,2,U7,Unit7 What,are World Heritage sites and their problems?,Stage Activity 3 Let's Have a Discussion,"P100,P101",100,101,12,2,87,possible,"(物事が)可能な, できる",,0,,possible,"(物事が)可能な, できる","(物事が)可能な, できる",possible,12.26NH2_KeyWords_U7_英日_問題.pdf,パサッブル,,possible,possible,,"(物事が)可能な, できる",単語,0,原本保持
1448,ニューホライズン,NH,2,U7,Unit7 What,are World Heritage sites and their problems?,Stage Activity 3 Let's Have a Discussion,"P100,P101",100,101,12,2,88,increase,"~を増やす, 増加",,0,,increase,"~を増やす, 増加","~を増やす, 増加",increase,12.26NH2_KeyWords_U7_英日_問題.pdf,インクリス,,increase,increase,,"~を増やす, 増加",単語,0,原本保持
1449,ニューホライズン,NH,2,U7,Unit7 What,are World Heritage sites and their problems?,Stage Activity 3 Let's Have a Discussion,"P100,P101",100,101,12,2,89,due to ~,"~のために, ~が原因で",,0,,due to ~,"~のために, ~が原因で","~のために, ~が原因で",due to ~,12.26NH2_KeyWords_U7_英日_問題.pdf,ドゥ トゥ ～,,due to ~,due to ~,,"~のために, ~が原因で",表現,1,原本保持
1450,ニューホライズン,NH,2,U7,Unit7 What,are World Heritage sites and their problems?,Stage Activity 3 Let's Have a Discussion,"P100,P101",100,101,12,2,90,destroy,~を破壊する,,0,,destroy,~を破壊する,~を破壊する,destroy,12.26NH2_KeyWords_U7_英日_問題.pdf,ディストロイ,,destroy,destroy,,~を破壊する,単語,0,原本保持
1451,ニューホライズン,NH,2,U7,Unit7 What,are World Heritage sites and their problems?,Stage Activity 3 Let's Have a Discussion,"P100,P101",100,101,12,2,91,therefore,"それゆえに, したがって",,0,,therefore,"それゆえに, したがって","それゆえに, したがって",therefore,12.26NH2_KeyWords_U7_英日_問題.pdf,ゼーフォー,,therefore,therefore,,"それゆえに, したがって",単語,0,原本保持
1452,ニューホライズン,NH,2,U7,Unit7 What,are World Heritage sites and their problems?,Stage Activity 3 Let's Have a Discussion,"P100,P101",100,101,12,2,92,choose-chose-chosen,選ぶ[原形-過去形-過去分詞形],,0,,choose-chose-chosen,選ぶ[原形-過去形-過去分詞形],選ぶ[原形-過去形-過去分詞形],choose-chose-chosen,12.26NH2_KeyWords_U7_英日_問題.pdf,チューズ・チョズ・チョザン,,choose-chose-chosen,choose-chose-chosen,,選ぶ[原形-過去形-過去分詞形],単語,0,原本保持
1453,ニューホライズン,NH,2,U7,Unit7 What,are World Heritage sites and their problems?,Stage Activity 3 Let's Have a Discussion,"P100,P101",100,101,12,2,93,for ~,~に賛成して,,0,,for ~,~に賛成して,~に賛成して,for ~,12.26NH2_KeyWords_U7_英日_問題.pdf,フォー ～,,for ~,for ~,,~に賛成して,表現,1,原本保持
1454,ニューホライズン,NH,2,U7,Unit7 What,are World Heritage sites and their problems?,Stage Activity 3 Let's Have a Discussion,"P100,P101",100,101,12,2,94,cause,"~の原因となる, ~をひき起こす",,0,,cause,"~の原因となる, ~をひき起こす","~の原因となる, ~をひき起こす",cause,12.26NH2_KeyWords_U7_英日_問題.pdf,カズ,,cause,cause,,"~の原因となる, ~をひき起こす",単語,0,原本保持
1455,ニューホライズン,NH,2,U7,Unit7 What,are World Heritage sites and their problems?,Stage Activity 3 Let's Have a Discussion,"P100,P101",100,101,12,2,95,may,~かもしれない,,0,,may,~かもしれない,~かもしれない,may,12.26NH2_KeyWords_U7_英日_問題.pdf,メイ,,may,may,,~かもしれない,単語,0,原本保持
1456,ニューホライズン,NH,2,U7,Unit7 What,are World Heritage sites and their problems?,Stage Activity 3 Let's Have a Discussion,"P100,P101",100,101,12,2,96,attract,(人)をひきつける,,0,,attract,(人)をひきつける,(人)をひきつける,attract,12.26NH2_KeyWords_U7_英日_問題.pdf,アトラックト,,attract,attract,,(人)をひきつける,単語,0,原本保持
1457,ニューホライズン,NH,2,U7,Unit7 What,are World Heritage sites and their problems?,Stage Activity 3 Let's Have a Discussion,"P100,P101",100,101,12,2,97,be afraid of ~,~をおそれる,,0,,be afraid of ~,~をおそれる,~をおそれる,be afraid of ~,12.26NH2_KeyWords_U7_英日_問題.pdf,ビー アフレイド オブ ～,,be afraid of ~,be afraid of ~,,~をおそれる,表現,1,原本保持
1458,ニューホライズン,NH,2,U7,Unit7 What,are World Heritage sites and their problems?,Stage Activity 3 Let's Have a Discussion,"P100,P101",100,101,12,2,98,point,論点,,0,,point,論点,論点,point,12.26NH2_KeyWords_U7_英日_問題.pdf,ポイント,,point,point,,論点,単語,0,原本保持
1459,ニューホライズン,NH,2,U7,Unit7 What,are World Heritage sites and their problems?,Stage Activity 3 Let's Have a Discussion,"P100,P101",100,101,12,2,99,be concerned about ~,~について心配する,,0,,be concerned about ~,~について心配する,~について心配する,be concerned about ~,12.26NH2_KeyWords_U7_英日_問題.pdf,ビー カンサーンド アバウト ～,,be concerned about ~,be concerned about ~,,~について心配する,表現,1,原本保持
1460,ニューホライズン,NH,2,U7,Unit7 What,are World Heritage sites and their problems?,Stage Activity 3 Let's Have a Discussion,"P100,P101",100,101,12,2,100,value,価値,,0,,value,価値,価値,value,12.26NH2_KeyWords_U7_英日_問題.pdf,ヴァルユ,,value,value,,価値,単語,0,原本保持
1461,ニューホライズン,NH,2,LR3,Pictures,and Our Beautiful Planet Let's Read 3,Let's Read 3 教科書本文,P104～P108,104,108,13,1,1,became,become(なる)の過去形,☆,1,,became,become(なる)の過去形,become(なる)の過去形,became,13.26NH2_KeyWords_LR3_英日_問題.pdf,ビケイム,,became,became,,become(なる)の過去形,単語,0,原本保持
1462,ニューホライズン,NH,2,LR3,Pictures,and Our Beautiful Planet Let's Read 3,Let's Read 3 教科書本文,P104～P108,104,108,13,1,2,university,大学,,0,,university,大学,大学,university,13.26NH2_KeyWords_LR3_英日_問題.pdf,ユナヴァーサティ,,university,university,,大学,単語,0,原本保持
1463,ニューホライズン,NH,2,LR3,Pictures,and Our Beautiful Planet Let's Read 3,Let's Read 3 教科書本文,P104～P108,104,108,13,1,3,come true,実現する,☆,1,,come true,実現する,実現する,come true,13.26NH2_KeyWords_LR3_英日_問題.pdf,カム トル,,come true,come true,,実現する,複数語,1,原本保持
1464,ニューホライズン,NH,2,LR3,Pictures,and Our Beautiful Planet Let's Read 3,Let's Read 3 教科書本文,P104～P108,104,108,13,1,4,dream,夢,,0,,dream,夢,夢,dream,13.26NH2_KeyWords_LR3_英日_問題.pdf,ドリム,,dream,dream,,夢,単語,0,原本保持
1465,ニューホライズン,NH,2,LR3,Pictures,and Our Beautiful Planet Let's Read 3,Let's Read 3 教科書本文,P104～P108,104,108,13,1,5,understood,understand(理解する)の過去形,,0,,understood,understand(理解する)の過去形,understand(理解する)の過去形,understood,13.26NH2_KeyWords_LR3_英日_問題.pdf,アンダーストゥッド,,understood,understood,,understand(理解する)の過去形,単語,0,原本保持
1466,ニューホライズン,NH,2,LR3,Pictures,and Our Beautiful Planet Let's Read 3,Let's Read 3 教科書本文,P104～P108,104,108,13,1,6,convenience,便利なこと[もの],,0,,convenience,便利なこと[もの],便利なこと[もの],convenience,13.26NH2_KeyWords_LR3_英日_問題.pdf,カンヴィンヤンス,,convenience,convenience,,便利なこと[もの],単語,0,原本保持
1467,ニューホライズン,NH,2,LR3,Pictures,and Our Beautiful Planet Let's Read 3,Let's Read 3 教科書本文,P104～P108,104,108,13,1,7,return,"帰る, 戻る",,0,,return,"帰る, 戻る","帰る, 戻る",return,13.26NH2_KeyWords_LR3_英日_問題.pdf,リターン,,return,return,,"帰る, 戻る",単語,0,原本保持
1468,ニューホライズン,NH,2,LR3,Pictures,and Our Beautiful Planet Let's Read 3,Let's Read 3 教科書本文,P104～P108,104,108,13,1,8,berry,ベリー,,0,,berry,ベリー,ベリー,berry,13.26NH2_KeyWords_LR3_英日_問題.pdf,ベリ,,berry,berry,,ベリー,単語,0,原本保持
1469,ニューホライズン,NH,2,LR3,Pictures,and Our Beautiful Planet Let's Read 3,Let's Read 3 教科書本文,P104～P108,104,108,13,1,9,lose,~を失う,,0,,lose,~を失う,~を失う,lose,13.26NH2_KeyWords_LR3_英日_問題.pdf,ルーズ,,lose,lose,,~を失う,単語,0,原本保持
1470,ニューホライズン,NH,2,LR3,Pictures,and Our Beautiful Planet Let's Read 3,Let's Read 3 教科書本文,P104～P108,104,108,13,1,10,tradition,伝統,,0,,tradition,伝統,伝統,tradition,13.26NH2_KeyWords_LR3_英日_問題.pdf,トラディシャン,,tradition,tradition,,伝統,単語,0,原本保持
1471,ニューホライズン,NH,2,LR3,Pictures,and Our Beautiful Planet Let's Read 3,Let's Read 3 教科書本文,P104～P108,104,108,13,1,11,invite,~を招待する,,0,,invite,~を招待する,~を招待する,invite,13.26NH2_KeyWords_LR3_英日_問題.pdf,インバイト,,invite,invite,,~を招待する,単語,0,原本保持
1472,ニューホライズン,NH,2,LR3,Pictures,and Our Beautiful Planet Let's Read 3,Let's Read 3 教科書本文,P104～P108,104,108,13,1,12,wilderness,荒野,,0,,wilderness,荒野,荒野,wilderness,13.26NH2_KeyWords_LR3_英日_問題.pdf,ウィルダーナス,,wilderness,wilderness,,荒野,単語,0,原本保持
1473,ニューホライズン,NH,2,LR3,Pictures,and Our Beautiful Planet Let's Read 3,Let's Read 3 教科書本文,P104～P108,104,108,13,1,13,hunt,~を狩る,,0,,hunt,~を狩る,~を狩る,hunt,13.26NH2_KeyWords_LR3_英日_問題.pdf,ハント,,hunt,hunt,,~を狩る,単語,0,原本保持
1474,ニューホライズン,NH,2,LR3,Pictures,and Our Beautiful Planet Let's Read 3,Let's Read 3 教科書本文,P104～P108,104,108,13,1,14,severe,厳しい,,0,,severe,厳しい,厳しい,severe,13.26NH2_KeyWords_LR3_英日_問題.pdf,サヴィー,,severe,severe,,厳しい,単語,0,原本保持
1475,ニューホライズン,NH,2,LR3,Pictures,and Our Beautiful Planet Let's Read 3,Let's Read 3 教科書本文,P104～P108,104,108,13,1,15,gather,"~を集める, ~をつむ",,0,,gather,"~を集める, ~をつむ","~を集める, ~をつむ",gather,13.26NH2_KeyWords_LR3_英日_問題.pdf,ガザー,,gather,gather,,"~を集める, ~をつむ",単語,0,原本保持
1476,ニューホライズン,NH,2,LR3,Pictures,and Our Beautiful Planet Let's Read 3,Let's Read 3 教科書本文,P104～P108,104,108,13,1,16,lonely,"ひとりぼっちの, さびしい",,0,,lonely,"ひとりぼっちの, さびしい","ひとりぼっちの, さびしい",lonely,13.26NH2_KeyWords_LR3_英日_問題.pdf,ロンリ,,lonely,lonely,,"ひとりぼっちの, さびしい",単語,0,原本保持
1477,ニューホライズン,NH,2,LR3,Pictures,and Our Beautiful Planet Let's Read 3,Let's Read 3 教科書本文,P104～P108,104,108,13,1,17,share,~を共有する,,0,,share,~を共有する,~を共有する,share,13.26NH2_KeyWords_LR3_英日_問題.pdf,シェー,,share,share,,~を共有する,単語,0,原本保持
1478,ニューホライズン,NH,2,LR3,Pictures,and Our Beautiful Planet Let's Read 3,Let's Read 3 教科書本文,P104～P108,104,108,13,1,18,living,生きている,,0,,living,生きている,生きている,living,13.26NH2_KeyWords_LR3_英日_問題.pdf,リヴィング,,living,living,,生きている,単語,0,原本保持
1479,ニューホライズン,NH,2,LR3,Pictures,and Our Beautiful Planet Let's Read 3,Let's Read 3 教科書本文,P104～P108,104,108,13,1,19,disappear,姿を消す,,0,,disappear,姿を消す,姿を消す,disappear,13.26NH2_KeyWords_LR3_英日_問題.pdf,ディサピー,,disappear,disappear,,姿を消す,単語,0,原本保持
1480,ニューホライズン,NH,2,LR3,Pictures,and Our Beautiful Planet Let's Read 3,Let's Read 3 教科書本文,P104～P108,104,108,13,1,20,enough,十分な,,0,,enough,十分な,十分な,enough,13.26NH2_KeyWords_LR3_英日_問題.pdf,イナフ,,enough,enough,,十分な,単語,0,原本保持
1481,ニューホライズン,NH,2,LR3,Pictures,and Our Beautiful Planet Let's Read 3,Let's Read 3 教科書本文,P104～P108,104,108,13,1,21,camp,キャンプをする,,0,,camp,キャンプをする,キャンプをする,camp,13.26NH2_KeyWords_LR3_英日_問題.pdf,カムプ,,camp,camp,,キャンプをする,単語,0,原本保持
1482,ニューホライズン,NH,2,LR3,Pictures,and Our Beautiful Planet Let's Read 3,Let's Read 3 教科書本文,P104～P108,104,108,13,1,22,attracted,ひきつけられる,,0,,attracted,ひきつけられる,ひきつけられる,attracted,13.26NH2_KeyWords_LR3_英日_問題.pdf,アトラックティッド,,attracted,attracted,,ひきつけられる,単語,0,原本保持
1483,ニューホライズン,NH,2,LR3,Pictures,and Our Beautiful Planet Let's Read 3,Let's Read 3 教科書本文,P104～P108,104,108,13,1,23,scene,"景色, 光景",,0,,scene,"景色, 光景","景色, 光景",scene,13.26NH2_KeyWords_LR3_英日_問題.pdf,シン,,scene,scene,,"景色, 光景",単語,0,原本保持
1484,ニューホライズン,NH,2,LR3,Pictures,and Our Beautiful Planet Let's Read 3,Let's Read 3 教科書本文,P104～P108,104,108,13,1,24,true,"本当の, 真実の",,0,,true,"本当の, 真実の","本当の, 真実の",true,13.26NH2_KeyWords_LR3_英日_問題.pdf,トル,,true,true,,"本当の, 真実の",単語,0,原本保持
1485,ニューホライズン,NH,2,LR3,Pictures,and Our Beautiful Planet Let's Read 3,Let's Read 3 教科書本文,P104～P108,104,108,13,1,25,rest,"残り, その他",,0,,rest,"残り, その他","残り, その他",rest,13.26NH2_KeyWords_LR3_英日_問題.pdf,レスト,,rest,rest,,"残り, その他",単語,0,原本保持
1486,ニューホライズン,NH,2,LR3,Pictures,and Our Beautiful Planet Let's Read 3,Let's Read 3 教科書本文,P104～P108,104,108,13,1,26,wild,野生の,,0,,wild,野生の,野生の,wild,13.26NH2_KeyWords_LR3_英日_問題.pdf,ワイルド,,wild,wild,,野生の,単語,0,原本保持
1487,ニューホライズン,NH,2,LR3,Pictures,and Our Beautiful Planet Let's Read 3,Let's Read 3 教科書本文,P104～P108,104,108,13,1,27,planet,惑星,,0,,planet,惑星,惑星,planet,13.26NH2_KeyWords_LR3_英日_問題.pdf,プラナット,,planet,planet,,惑星,単語,0,原本保持
1488,ニューホライズン,NH,2,LR3,Pictures,and Our Beautiful Planet Let's Read 3,Let's Read 3 教科書本文,P104～P108,104,108,13,1,28,harmoniously,調和して,,0,,harmoniously,調和して,調和して,harmoniously,13.26NH2_KeyWords_LR3_英日_問題.pdf,ハーモニアスリ,,harmoniously,harmoniously,,調和して,単語,0,原本保持
1489,ニューホライズン,NH,2,LR3,Pictures,and Our Beautiful Planet Let's Read 3,Let's Read 3 教科書本文,P104～P108,104,108,13,1,29,photographer,写真家,,0,,photographer,写真家,写真家,photographer,13.26NH2_KeyWords_LR3_英日_問題.pdf,ファタグラファー,,photographer,photographer,,写真家,単語,0,原本保持
1490,ニューホライズン,NH,2,LR3,Pictures,and Our Beautiful Planet Let's Read 3,Let's Read 3 教科書本文,P104～P108,104,108,13,1,30,slowly,ゆっくりと,,0,,slowly,ゆっくりと,ゆっくりと,slowly,13.26NH2_KeyWords_LR3_英日_問題.pdf,スロリ,,slowly,slowly,,ゆっくりと,単語,0,原本保持
1491,ニューホライズン,NH,2,LR3,Pictures,and Our Beautiful Planet Let's Read 3,Let's Read 3 教科書本文,P104～P108,104,108,13,1,31,photograph,写真,,0,,photograph,写真,写真,photograph,13.26NH2_KeyWords_LR3_英日_問題.pdf,フォタグラフ,,photograph,photograph,,写真,単語,0,原本保持
1492,ニューホライズン,NH,2,LR3,Pictures,and Our Beautiful Planet Let's Read 3,Let's Read 3 教科書本文,P104～P108,104,108,13,1,32,suddenly,"突然, 急に",,0,,suddenly,"突然, 急に","突然, 急に",suddenly,13.26NH2_KeyWords_LR3_英日_問題.pdf,サダンリ,,suddenly,suddenly,,"突然, 急に",単語,0,原本保持
1493,ニューホライズン,NH,2,LR3,Pictures,and Our Beautiful Planet Let's Read 3,Let's Read 3 教科書本文,P104～P108,104,108,13,1,33,past,過去,,0,,past,過去,過去,past,13.26NH2_KeyWords_LR3_英日_問題.pdf,パスト,,past,past,,過去,単語,0,原本保持
1494,ニューホライズン,NH,2,LR3,Pictures,and Our Beautiful Planet Let's Read 3,Let's Read 3 教科書本文,P104～P108,104,108,13,1,34,caribou,カリブー(動物),,0,,caribou,カリブー(動物),カリブー(動物),caribou,13.26NH2_KeyWords_LR3_英日_問題.pdf,ケリブ,,caribou,caribou,,カリブー(動物),単語,0,原本保持
1495,ニューホライズン,NH,2,LR3,Pictures,and Our Beautiful Planet Let's Read 3,Let's Read 3 教科書本文,P104～P108,104,108,13,1,35,part of ~,~の一部,,0,,part of ~,~の一部,~の一部,part of ~,13.26NH2_KeyWords_LR3_英日_問題.pdf,パート オブ ～,,part of ~,part of ~,,~の一部,表現,1,原本保持
1496,ニューホライズン,NH,2,LR3,Pictures,and Our Beautiful Planet Let's Read 3,Let's Read 3 教科書本文,P104～P108,104,108,13,1,36,live A life,Aな人生を送る,,0,,live A life,Aな人生を送る,Aな人生を送る,live A life,13.26NH2_KeyWords_LR3_英日_問題.pdf,リブ エイ ライフ,,live A life,live A life,,Aな人生を送る,複数語,1,原本保持
1497,ニューホライズン,NH,2,LR3,Pictures,and Our Beautiful Planet Let's Read 3,Let's Read 3 教科書本文,P104～P108,104,108,13,1,37,mayor,"市長, 村長",,0,,mayor,"市長, 村長","市長, 村長",mayor,13.26NH2_KeyWords_LR3_英日_問題.pdf,メイアー,,mayor,mayor,,"市長, 村長",単語,0,原本保持
1498,ニューホライズン,NH,2,LR3,Pictures,and Our Beautiful Planet Let's Read 3,Let's Read 3 教科書本文,P104～P108,104,108,13,1,38,among ~,"~の間で[に, を]",,0,,among ~,"~の間で[に, を]","~の間で[に, を]",among ~,13.26NH2_KeyWords_LR3_英日_問題.pdf,アマング ～,,among ~,among ~,,"~の間で[に, を]",表現,1,原本保持
1499,ニューホライズン,NH,2,LR3,Pictures,and Our Beautiful Planet Let's Read 3,Let's Read 3 教科書本文,P104～P108,104,108,13,1,39,life,人生,,0,,life,人生,人生,life,13.26NH2_KeyWords_LR3_英日_問題.pdf,ライフ,,life,life,,人生,単語,0,原本保持
1500,ニューホライズン,NH,2,LR3,Pictures,and Our Beautiful Planet Let's Read 3,Let's Read 3 教科書本文,P104～P108,104,108,13,1,40,for himself,(彼の)独力で,,0,,for himself,(彼の)独力で,(彼の)独力で,for himself,13.26NH2_KeyWords_LR3_英日_問題.pdf,フォー ヒムセルフ,,for himself,for himself,,(彼の)独力で,複数語,1,原本保持
1501,ニューホライズン,NH,2,LR3,Pictures,and Our Beautiful Planet Let's Read 3,Let's Read 3 教科書本文,P104～P108,104,108,13,1,41,island,島,,0,,island,島,島,island,13.26NH2_KeyWords_LR3_英日_問題.pdf,アイランド,,island,island,,島,単語,0,原本保持
1502,ニューホライズン,NH,2,LR3,Pictures,and Our Beautiful Planet Let's Read 3,Let's Read 3 教科書本文,P104～P108,104,108,13,1,42,remind A of B,AにBを思い出させる,,0,,remind A of B,AにBを思い出させる,AにBを思い出させる,remind A of B,13.26NH2_KeyWords_LR3_英日_問題.pdf,リマインド エイ オブ ビー,,remind A of B,remind A of B,,AにBを思い出させる,複数語,1,原本保持
1503,ニューホライズン,NH,2,LR3,Pictures,and Our Beautiful Planet Let's Read 3,Let's Read 3 教科書本文,P104～P108,104,108,13,1,43,habitat,生息地,,0,,habitat,生息地,生息地,habitat,13.26NH2_KeyWords_LR3_英日_問題.pdf,ハバタット,,habitat,habitat,,生息地,単語,0,原本保持
1504,ニューホライズン,NH,2,LR3,Pictures,and Our Beautiful Planet Let's Read 3,Let's Read 3 教科書本文,P104～P108,104,108,13,1,44,in the middle of ~,~の真ん中に[の],,0,,in the middle of ~,~の真ん中に[の],~の真ん中に[の],in the middle of ~,13.26NH2_KeyWords_LR3_英日_問題.pdf,イン ザ ミッドル オブ ～,,in the middle of ~,in the middle of ~,,~の真ん中に[の],表現,1,原本保持
1505,ニューホライズン,NH,2,LR3,Pictures,and Our Beautiful Planet Let's Read 3,Let's Read 3 教科書本文,P104～P108,104,108,13,1,45,global warming,地球温暖化,,0,,global warming,地球温暖化,地球温暖化,global warming,13.26NH2_KeyWords_LR3_英日_問題.pdf,グロブル ウォーミング,,global warming,global warming,,地球温暖化,複数語,1,原本保持
1506,ニューホライズン,NH,3,[2年生]U7,[2年生],Unit7 What are World Heritage sites and their problems?,"Unit7 Part1, 2",P89～P91,89,91,1,1,1,decide,~を決める,☆,1,,decide,~を決める,~を決める,decide,01.26NH3_KeyWords_[2年生]U7_英日_問題.pdf,ディサイド,,decide,decide,,~を決める,単語,0,原本保持
1507,ニューホライズン,NH,3,[2年生]U7,[2年生],Unit7 What are World Heritage sites and their problems?,"Unit7 Part1, 2",P89～P91,89,91,1,1,2,know-knew-known,知っている[原形-過去形-過去分詞形],☆,1,,know-knew-known,知っている[原形-過去形-過去分詞形],知っている[原形-過去形-過去分詞形],know-knew-known,01.26NH3_KeyWords_[2年生]U7_英日_問題.pdf,ノウ・ヌ・ノン,,know-knew-known,know-knew-known,,知っている[原形-過去形-過去分詞形],単語,0,原本保持
1508,ニューホライズン,NH,3,[2年生]U7,[2年生],Unit7 What are World Heritage sites and their problems?,"Unit7 Part1, 2",P89～P91,89,91,1,1,3,natural,自然の,☆,1,,natural,自然の,自然の,natural,01.26NH3_KeyWords_[2年生]U7_英日_問題.pdf,ナチュラル,,natural,natural,,自然の,単語,0,原本保持
1509,ニューホライズン,NH,3,[2年生]U7,[2年生],Unit7 What are World Heritage sites and their problems?,"Unit7 Part1, 2",P89～P91,89,91,1,1,4,find-found-found,見つける[原形-過去形-過去分詞形],☆,1,,find-found-found,見つける[原形-過去形-過去分詞形],見つける[原形-過去形-過去分詞形],find-found-found,01.26NH3_KeyWords_[2年生]U7_英日_問題.pdf,ファインド・ファウンド・ファウンド,,find-found-found,find-found-found,,見つける[原形-過去形-過去分詞形],単語,0,原本保持
1510,ニューホライズン,NH,3,[2年生]U7,[2年生],Unit7 What are World Heritage sites and their problems?,"Unit7 Part1, 2",P89～P91,89,91,1,1,5,select,~を選ぶ,,0,,select,~を選ぶ,~を選ぶ,select,01.26NH3_KeyWords_[2年生]U7_英日_問題.pdf,サレックト,,select,select,,~を選ぶ,単語,0,原本保持
1511,ニューホライズン,NH,3,[2年生]U7,[2年生],Unit7 What are World Heritage sites and their problems?,"Unit7 Part1, 2",P89～P91,89,91,1,1,6,more than ~,~より多い,☆,1,,more than ~,~より多い,~より多い,more than ~,01.26NH3_KeyWords_[2年生]U7_英日_問題.pdf,モー ザン ～,,more than ~,more than ~,,~より多い,表現,1,原本保持
1512,ニューホライズン,NH,3,[2年生]U7,[2年生],Unit7 What are World Heritage sites and their problems?,"Unit7 Part1, 2",P89～P91,89,91,1,1,7,standard,基準,,0,,standard,基準,基準,standard,01.26NH3_KeyWords_[2年生]U7_英日_問題.pdf,スタンダード,,standard,standard,,基準,単語,0,原本保持
1513,ニューホライズン,NH,3,[2年生]U7,[2年生],Unit7 What are World Heritage sites and their problems?,"Unit7 Part1, 2",P89～P91,89,91,1,1,8,species,(生物学上の)種,,0,,species,(生物学上の)種,(生物学上の)種,species,01.26NH3_KeyWords_[2年生]U7_英日_問題.pdf,スピシズ,,species,species,,(生物学上の)種,単語,0,原本保持
1514,ニューホライズン,NH,3,[2年生]U7,[2年生],Unit7 What are World Heritage sites and their problems?,"Unit7 Part1, 2",P89～P91,89,91,1,1,9,site,遺跡,,0,,site,遺跡,遺跡,site,01.26NH3_KeyWords_[2年生]U7_英日_問題.pdf,サイト,,site,site,,遺跡,単語,0,原本保持
1515,ニューホライズン,NH,3,[2年生]U7,[2年生],Unit7 What are World Heritage sites and their problems?,"Unit7 Part1, 2",P89～P91,89,91,1,1,10,region,"地方, 地域",,0,,region,"地方, 地域","地方, 地域",region,01.26NH3_KeyWords_[2年生]U7_英日_問題.pdf,リジャン,,region,region,,"地方, 地域",単語,0,原本保持
1516,ニューホライズン,NH,3,[2年生]U7,[2年生],Unit7 What are World Heritage sites and their problems?,"Unit7 Part1, 2",P89～P91,89,91,1,1,11,selection,選択,,0,,selection,選択,選択,selection,01.26NH3_KeyWords_[2年生]U7_英日_問題.pdf,サレックシャン,,selection,selection,,選択,単語,0,原本保持
1517,ニューホライズン,NH,3,[2年生]U7,[2年生],Unit7 What are World Heritage sites and their problems?,"Unit7 Part1, 2",P89～P91,89,91,1,1,12,plant,植物,,0,,plant,植物,植物,plant,01.26NH3_KeyWords_[2年生]U7_英日_問題.pdf,プラント,,plant,plant,,植物,単語,0,原本保持
1518,ニューホライズン,NH,3,[2年生]U7,[2年生],Unit7 What are World Heritage sites and their problems?,"Unit7 Part1, 2",P89～P91,89,91,1,1,13,heritage,(文化的な)遺産,,0,,heritage,(文化的な)遺産,(文化的な)遺産,heritage,01.26NH3_KeyWords_[2年生]U7_英日_問題.pdf,ヘラタジ,,heritage,heritage,,(文化的な)遺産,単語,0,原本保持
1519,ニューホライズン,NH,3,[2年生]U7,[2年生],Unit7 What are World Heritage sites and their problems?,"Unit7 Part1, 2",P89～P91,89,91,1,1,14,hometown,故郷,,0,,hometown,故郷,故郷,hometown,01.26NH3_KeyWords_[2年生]U7_英日_問題.pdf,ホムタウン,,hometown,hometown,,故郷,単語,0,原本保持
1520,ニューホライズン,NH,3,[2年生]U7,[2年生],Unit7 What are World Heritage sites and their problems?,"Unit7 Part1, 2",P89～P91,89,91,1,1,15,conference,"会議, 評議会",,0,,conference,"会議, 評議会","会議, 評議会",conference,01.26NH3_KeyWords_[2年生]U7_英日_問題.pdf,カンファーンス,,conference,conference,,"会議, 評議会",単語,0,原本保持
1521,ニューホライズン,NH,3,[2年生]U7,[2年生],Unit7 What are World Heritage sites and their problems?,"Unit7 Part1, 2",P89～P91,89,91,1,1,16,diversity,多様性,,0,,diversity,多様性,多様性,diversity,01.26NH3_KeyWords_[2年生]U7_英日_問題.pdf,ディヴァーシティ,,diversity,diversity,,多様性,単語,0,原本保持
1522,ニューホライズン,NH,3,[2年生]U7,[2年生],Unit7 What are World Heritage sites and their problems?,"Unit7 Part1, 2",P89～P91,89,91,1,1,17,mixed,混合した,,0,,mixed,混合した,混合した,mixed,01.26NH3_KeyWords_[2年生]U7_英日_問題.pdf,ミックスト,,mixed,mixed,,混合した,単語,0,原本保持
1523,ニューホライズン,NH,3,[2年生]U7,[2年生],Unit7 What are World Heritage sites and their problems?,"Unit7 Part1, 2",P89～P91,89,91,1,1,18,floral,花の,,0,,floral,花の,花の,floral,01.26NH3_KeyWords_[2年生]U7_英日_問題.pdf,フロラル,,floral,floral,,花の,単語,0,原本保持
1524,ニューホライズン,NH,3,[2年生]U7,[2年生],Unit7 What are World Heritage sites and their problems?,"Unit7 Part1, 2",P89～P91,89,91,1,1,19,general,"一般的な, 総合的な",,0,,general,"一般的な, 総合的な","一般的な, 総合的な",general,01.26NH3_KeyWords_[2年生]U7_英日_問題.pdf,ジェナール,,general,general,,"一般的な, 総合的な",単語,0,原本保持
1525,ニューホライズン,NH,3,[2年生]U7,[2年生],Unit7 What are World Heritage sites and their problems?,"Unit7 Part1, 2",P89～P91,89,91,1,1,20,fantastic,"すばらしい, すてきな",,0,,fantastic,"すばらしい, すてきな","すばらしい, すてきな",fantastic,01.26NH3_KeyWords_[2年生]U7_英日_問題.pdf,ファンタスティック,,fantastic,fantastic,,"すばらしい, すてきな",単語,0,原本保持
1526,ニューホライズン,NH,3,[2年生]U7,[2年生],Unit7 What are World Heritage sites and their problems?,"Unit7 Part1, 2",P89～P91,89,91,1,1,21,cultural,文化の,,0,,cultural,文化の,文化の,cultural,01.26NH3_KeyWords_[2年生]U7_英日_問題.pdf,カルチャール,,cultural,cultural,,文化の,単語,0,原本保持
1527,ニューホライズン,NH,3,[2年生]U7,[2年生],Unit7 What are World Heritage sites and their problems?,Unit7 Read and Think1,"P92,P93",92,93,1,1,22,protect,"~を守る, 保護する",☆,1,,protect,"~を守る, 保護する","~を守る, 保護する",protect,01.26NH3_KeyWords_[2年生]U7_英日_問題.pdf,プラテックト,,protect,protect,,"~を守る, 保護する",単語,0,原本保持
1528,ニューホライズン,NH,3,[2年生]U7,[2年生],Unit7 What are World Heritage sites and their problems?,Unit7 Read and Think1,"P92,P93",92,93,1,1,23,material,"原料, 材料",,0,,material,"原料, 材料","原料, 材料",material,01.26NH3_KeyWords_[2年生]U7_英日_問題.pdf,マティリル,,material,material,,"原料, 材料",単語,0,原本保持
1529,ニューホライズン,NH,3,[2年生]U7,[2年生],Unit7 What are World Heritage sites and their problems?,Unit7 Read and Think1,"P92,P93",92,93,1,1,24,cover,"~をおおう, 包む",☆,1,,cover,"~をおおう, 包む","~をおおう, 包む",cover,01.26NH3_KeyWords_[2年生]U7_英日_問題.pdf,カヴァー,,cover,cover,,"~をおおう, 包む",単語,0,原本保持
1530,ニューホライズン,NH,3,[2年生]U7,[2年生],Unit7 What are World Heritage sites and their problems?,Unit7 Read and Think1,"P92,P93",92,93,1,1,25,marble,大理石,,0,,marble,大理石,大理石,marble,01.26NH3_KeyWords_[2年生]U7_英日_問題.pdf,マーバル,,marble,marble,,大理石,単語,0,原本保持
1531,ニューホライズン,NH,3,[2年生]U7,[2年生],Unit7 What are World Heritage sites and their problems?,Unit7 Read and Think1,"P92,P93",92,93,1,1,26,build-built-built,建てる[原形-過去形-過去分詞形],☆,1,,build-built-built,建てる[原形-過去形-過去分詞形],建てる[原形-過去形-過去分詞形],build-built-built,01.26NH3_KeyWords_[2年生]U7_英日_問題.pdf,ビルド・ビルト・ビルト,,build-built-built,build-built-built,,建てる[原形-過去形-過去分詞形],単語,0,原本保持
1532,ニューホライズン,NH,3,[2年生]U7,[2年生],Unit7 What are World Heritage sites and their problems?,Unit7 Read and Think1,"P92,P93",92,93,1,1,27,jewel,宝石,,0,,jewel,宝石,宝石,jewel,01.26NH3_KeyWords_[2年生]U7_英日_問題.pdf,ジュル,,jewel,jewel,,宝石,単語,0,原本保持
1533,ニューホライズン,NH,3,[2年生]U7,[2年生],Unit7 What are World Heritage sites and their problems?,Unit7 Read and Think1,"P92,P93",92,93,1,1,28,because of ~,~のために,☆,1,,because of ~,~のために,~のために,because of ~,01.26NH3_KeyWords_[2年生]U7_英日_問題.pdf,ビコーズ オブ ～,,because of ~,because of ~,,~のために,表現,1,原本保持
1534,ニューホライズン,NH,3,[2年生]U7,[2年生],Unit7 What are World Heritage sites and their problems?,Unit7 Read and Think1,"P92,P93",92,93,1,1,29,government,政府,,0,,government,政府,政府,government,01.26NH3_KeyWords_[2年生]U7_英日_問題.pdf,ガヴァーマント,,government,government,,政府,単語,0,原本保持
1535,ニューホライズン,NH,3,[2年生]U7,[2年生],Unit7 What are World Heritage sites and their problems?,Unit7 Read and Think1,"P92,P93",92,93,1,1,30,turn,"~になる, 変わる",,0,,turn,"~になる, 変わる","~になる, 変わる",turn,01.26NH3_KeyWords_[2年生]U7_英日_問題.pdf,ターン,,turn,turn,,"~になる, 変わる",単語,0,原本保持
1536,ニューホライズン,NH,3,[2年生]U7,[2年生],Unit7 What are World Heritage sites and their problems?,Unit7 Read and Think1,"P92,P93",92,93,1,1,31,emperor,皇帝,,0,,emperor,皇帝,皇帝,emperor,01.26NH3_KeyWords_[2年生]U7_英日_問題.pdf,エムパーアー,,emperor,emperor,,皇帝,単語,0,原本保持
1537,ニューホライズン,NH,3,[2年生]U7,[2年生],Unit7 What are World Heritage sites and their problems?,Unit7 Read and Think1,"P92,P93",92,93,1,1,32,face,~に直面する,,0,,face,~に直面する,~に直面する,face,01.26NH3_KeyWords_[2年生]U7_英日_問題.pdf,フェイス,,face,face,,~に直面する,単語,0,原本保持
1538,ニューホライズン,NH,3,[2年生]U7,[2年生],Unit7 What are World Heritage sites and their problems?,Unit7 Read and Think1,"P92,P93",92,93,1,1,33,architecture,建築,,0,,architecture,建築,建築,architecture,01.26NH3_KeyWords_[2年生]U7_英日_問題.pdf,アーカテックチャー,,architecture,architecture,,建築,単語,0,原本保持
1539,ニューホライズン,NH,3,[2年生]U7,[2年生],Unit7 What are World Heritage sites and their problems?,Unit7 Read and Think1,"P92,P93",92,93,1,1,34,wife,妻,,0,,wife,妻,妻,wife,01.26NH3_KeyWords_[2年生]U7_英日_問題.pdf,ワイフ,,wife,wife,,妻,単語,0,原本保持
1540,ニューホライズン,NH,3,[2年生]U7,[2年生],Unit7 What are World Heritage sites and their problems?,Unit7 Read and Think1,"P92,P93",92,93,1,1,35,in memory of ~,~を記念して,,0,,in memory of ~,~を記念して,~を記念して,in memory of ~,01.26NH3_KeyWords_[2年生]U7_英日_問題.pdf,イン メマーイー オブ ～,,in memory of ~,in memory of ~,,~を記念して,表現,1,原本保持
1541,ニューホライズン,NH,3,[2年生]U7,[2年生],Unit7 What are World Heritage sites and their problems?,Unit7 Read and Think1,"P92,P93",92,93,1,1,36,pollution,"汚染, 公害",,0,,pollution,"汚染, 公害","汚染, 公害",pollution,01.26NH3_KeyWords_[2年生]U7_英日_問題.pdf,パルシャン,,pollution,pollution,,"汚染, 公害",単語,0,原本保持
1542,ニューホライズン,NH,3,[2年生]U7,[2年生],Unit7 What are World Heritage sites and their problems?,Unit7 Read and Think1,"P92,P93",92,93,1,1,37,from far away,遠くから,,0,,from far away,遠くから,遠くから,from far away,01.26NH3_KeyWords_[2年生]U7_英日_問題.pdf,フロム ファー アウェイ,,from far away,from far away,,遠くから,複数語,1,原本保持
1543,ニューホライズン,NH,3,[2年生]U7,[2年生],Unit7 What are World Heritage sites and their problems?,Unit7 Read and Think2,"P94,P95",94,95,1,1,38,see-saw-seen,"見る[原形-過去形-過去分詞形] 出発する, ~を置いていく[原形-過",☆,1,,see-saw-seen,"見る[原形-過去形-過去分詞形] 出発する, ~を置いていく[原形-過","見る[原形-過去形-過去分詞形] 出発する, ~を置いていく[原形-過",see-saw-seen,01.26NH3_KeyWords_[2年生]U7_英日_問題.pdf,シー・ソ・シン,,see-saw-seen,see-saw-seen,,"見る[原形-過去形-過去分詞形] 出発する, ~を置いていく[原形-過",単語,0,原本保持
1544,ニューホライズン,NH,3,[2年生]U7,[2年生],Unit7 What are World Heritage sites and their problems?,Unit7 Read and Think2,"P94,P95",94,95,1,1,39,sunrise,日の出,,0,,sunrise,日の出,日の出,sunrise,01.26NH3_KeyWords_[2年生]U7_英日_問題.pdf,サンライズ,,sunrise,sunrise,,日の出,単語,0,原本保持
1545,ニューホライズン,NH,3,[2年生]U7,[2年生],Unit7 What are World Heritage sites and their problems?,Unit7 Read and Think2,"P94,P95",94,95,1,1,40,crater,"噴火口, クレーター",,0,,crater,"噴火口, クレーター","噴火口, クレーター",crater,01.26NH3_KeyWords_[2年生]U7_英日_問題.pdf,クレイター,,crater,crater,,"噴火口, クレーター",単語,0,原本保持
1546,ニューホライズン,NH,3,[2年生]U7,[2年生],Unit7 What are World Heritage sites and their problems?,Unit7 Read and Think2,"P94,P95",94,95,1,1,41,leave-left-left,"出発する, ~を置いていく[原形-過去形-過去分詞形]",☆,1,最終監査修正: 途中空白除去,leave-left-left,"出発する, ~を置いていく[原形-過去形-過去分詞形]","出発する, ~を置いていく[原形-過去形-過去分詞形]",leave-left-left,01.26NH3_KeyWords_[2年生]U7_英日_問題.pdf,リーブ・レフト・レフト,,leave-left-left,leave-left-left,,"出発する, ~を置いていく[原形-過去形-過去分詞形]",単語,0,原本保持
1547,ニューホライズン,NH,3,[2年生]U7,[2年生],Unit7 What are World Heritage sites and their problems?,Unit7 Read and Think2,"P94,P95",94,95,1,1,42,cloud,雲,,0,,cloud,雲,雲,cloud,01.26NH3_KeyWords_[2年生]U7_英日_問題.pdf,クラウド,,cloud,cloud,,雲,単語,0,原本保持
1548,ニューホライズン,NH,3,[2年生]U7,[2年生],Unit7 What are World Heritage sites and their problems?,Unit7 Read and Think2,"P94,P95",94,95,1,1,43,climb,のぼる,☆,1,,climb,のぼる,のぼる,climb,01.26NH3_KeyWords_[2年生]U7_英日_問題.pdf,クライム,,climb,climb,,のぼる,単語,0,原本保持
1549,ニューホライズン,NH,3,[2年生]U7,[2年生],Unit7 What are World Heritage sites and their problems?,Unit7 Read and Think2,"P94,P95",94,95,1,1,44,campaign,キャンペーン,,0,,campaign,キャンペーン,キャンペーン,campaign,01.26NH3_KeyWords_[2年生]U7_英日_問題.pdf,カムペイン,,campaign,campaign,,キャンペーン,単語,0,原本保持
1550,ニューホライズン,NH,3,[2年生]U7,[2年生],Unit7 What are World Heritage sites and their problems?,Unit7 Read and Think2,"P94,P95",94,95,1,1,45,a large amount of ~,たくさんの量の~,☆,1,,a large amount of ~,たくさんの量の~,たくさんの量の~,a large amount of ~,01.26NH3_KeyWords_[2年生]U7_英日_問題.pdf,ア ラージ アマウント オブ ～,,a large amount of ~,a large amount of ~,,たくさんの量の~,表現,1,原本保持
1551,ニューホライズン,NH,3,[2年生]U7,[2年生],Unit7 What are World Heritage sites and their problems?,Unit7 Read and Think2,"P94,P95",94,95,1,1,46,bath,浴室,,0,,bath,浴室,浴室,bath,01.26NH3_KeyWords_[2年生]U7_英日_問題.pdf,バス,,bath,bath,,浴室,単語,0,原本保持
1552,ニューホライズン,NH,3,[2年生]U7,[2年生],Unit7 What are World Heritage sites and their problems?,Unit7 Read and Think2,"P94,P95",94,95,1,1,47,more and more,ますます(多くの),☆,1,,more and more,ますます(多くの),ますます(多くの),more and more,01.26NH3_KeyWords_[2年生]U7_英日_問題.pdf,モー アンド モー,,more and more,more and more,,ますます(多くの),複数語,1,原本保持
1553,ニューホライズン,NH,3,[2年生]U7,[2年生],Unit7 What are World Heritage sites and their problems?,Unit7 Read and Think2,"P94,P95",94,95,1,1,48,cleanup,大そうじ,,0,,cleanup,大そうじ,大そうじ,cleanup,01.26NH3_KeyWords_[2年生]U7_英日_問題.pdf,クリナップ,,cleanup,cleanup,,大そうじ,単語,0,原本保持
1554,ニューホライズン,NH,3,[2年生]U7,[2年生],Unit7 What are World Heritage sites and their problems?,Unit7 Read and Think2,"P94,P95",94,95,1,1,49,list,~をリストに載せる,,0,,list,~をリストに載せる,~をリストに載せる,list,01.26NH3_KeyWords_[2年生]U7_英日_問題.pdf,リスト,,list,list,,~をリストに載せる,単語,0,原本保持
1555,ニューホライズン,NH,3,[2年生]U7,[2年生],Unit7 What are World Heritage sites and their problems?,Unit7 Read and Think2,"P94,P95",94,95,1,1,50,recently,最近,,0,,recently,最近,最近,recently,01.26NH3_KeyWords_[2年生]U7_英日_問題.pdf,リサントリ,,recently,recently,,最近,単語,0,原本保持
1556,ニューホライズン,NH,3,[2年生]U7,[2年生],Unit7 What are World Heritage sites and their problems?,Unit7 Read and Think2,"P94,P95",94,95,1,1,51,trail,小道,,0,,trail,小道,小道,trail,01.26NH3_KeyWords_[2年生]U7_英日_問題.pdf,トレイール,,trail,trail,,小道,単語,0,原本保持
1557,ニューホライズン,NH,3,[2年生]U7,[2年生],Unit7 What are World Heritage sites and their problems?,Unit7 Read and Think2,"P94,P95",94,95,1,1,52,forever,"永久に, 永遠に",,0,,forever,"永久に, 永遠に","永久に, 永遠に",forever,01.26NH3_KeyWords_[2年生]U7_英日_問題.pdf,ファーエヴァー,,forever,forever,,"永久に, 永遠に",単語,0,原本保持
1558,ニューホライズン,NH,3,[2年生]U7,[2年生],Unit7 What are World Heritage sites and their problems?,Unit7 Read and Think2,"P94,P95",94,95,1,1,53,tourist,"観光客, 旅行者",,0,,tourist,"観光客, 旅行者","観光客, 旅行者",tourist,01.26NH3_KeyWords_[2年生]U7_英日_問題.pdf,トゥラスト,,tourist,tourist,,"観光客, 旅行者",単語,0,原本保持
1559,ニューホライズン,NH,3,[2年生]U7,Unit7 What,are World Heritage sites and their problems?,Unit7 教科書本文,P90～P95,90,95,1,2,54,World Heritage sites,世界遺産,,0,,World Heritage sites,世界遺産,世界遺産,World Heritage sites,01.26NH3_KeyWords_[2年生]U7_英日_問題.pdf,ワールド ヘリテージ サイツ,,World Heritage sites,World Heritage sites,,世界遺産,複数語,1,原本保持
1560,ニューホライズン,NH,3,[2年生]U7,Unit7 What,are World Heritage sites and their problems?,Unit7 教科書本文,P90～P95,90,95,1,2,55,rooibos,ルイボス,,0,,rooibos,ルイボス,ルイボス,rooibos,01.26NH3_KeyWords_[2年生]U7_英日_問題.pdf,ルイボス,,rooibos,rooibos,,ルイボス,単語,0,原本保持
1561,ニューホライズン,NH,3,[2年生]U7,Unit7 What,are World Heritage sites and their problems?,Unit7 教科書本文,P90～P95,90,95,1,2,56,UNESCO,ユネスコ,,0,,UNESCO,ユネスコ,ユネスコ,UNESCO,01.26NH3_KeyWords_[2年生]U7_英日_問題.pdf,ユネスコ,,UNESCO,UNESCO,,ユネスコ,単語,0,原本保持
1562,ニューホライズン,NH,3,[2年生]U7,Unit7 What,are World Heritage sites and their problems?,Unit7 教科書本文,P90～P95,90,95,1,2,57,the Taj Mahal,タージ・マハル(インドの世界遺産),,0,,the Taj Mahal,タージ・マハル(インドの世界遺産),タージ・マハル(インドの世界遺産),the Taj Mahal,01.26NH3_KeyWords_[2年生]U7_英日_問題.pdf,ザ タージ マハル,,the Taj Mahal,the Taj Mahal,,タージ・マハル(インドの世界遺産),複数語,1,原本保持
1563,ニューホライズン,NH,3,[2年生]U7,Unit7 What,are World Heritage sites and their problems?,Unit7 教科書本文,P90～P95,90,95,1,2,58,the Cape Floral Region,ケープ植物区(南アフリカの世界遺産),,0,,the Cape Floral Region,ケープ植物区(南アフリカの世界遺産),ケープ植物区(南アフリカの世界遺産),the Cape Floral Region,01.26NH3_KeyWords_[2年生]U7_英日_問題.pdf,ザ ケープ フローラル リージョン,,the Cape Floral Region,the Cape Floral Region,,ケープ植物区(南アフリカの世界遺産),複数語,1,原本保持
1564,ニューホライズン,NH,3,[2年生]U7,Unit7 What,are World Heritage sites and their problems?,Unit7 教科書本文,P90～P95,90,95,1,2,59,Emperor Shah Jahan,皇帝シャー・ジャハーン,,0,,Emperor Shah Jahan,皇帝シャー・ジャハーン,皇帝シャー・ジャハーン,Emperor Shah Jahan,01.26NH3_KeyWords_[2年生]U7_英日_問題.pdf,エンペラー シャー ジャハーン,,Emperor Shah Jahan,Emperor Shah Jahan,,皇帝シャー・ジャハーン,複数語,1,原本保持
1565,ニューホライズン,NH,3,[2年生]U7,Unit7 What,are World Heritage sites and their problems?,Unit7 1～RT2,P89～P95,89,95,1,2,60,select,~を選ぶ,☆,1,,select,~を選ぶ,~を選ぶ,select,01.26NH3_KeyWords_[2年生]U7_英日_問題.pdf,サレックト,,select,select,,~を選ぶ,単語,0,原本保持
1566,ニューホライズン,NH,3,[2年生]U7,Unit7 What,are World Heritage sites and their problems?,Unit7 1～RT2,P89～P95,89,95,1,2,61,in memory of ~,~を記念して,☆,1,,in memory of ~,~を記念して,~を記念して,in memory of ~,01.26NH3_KeyWords_[2年生]U7_英日_問題.pdf,イン メマーイー オブ ～,,in memory of ~,in memory of ~,,~を記念して,表現,1,原本保持
1567,ニューホライズン,NH,3,[2年生]U7,Unit7 What,are World Heritage sites and their problems?,Unit7 1～RT2,P89～P95,89,95,1,2,62,standard,基準,☆,1,,standard,基準,基準,standard,01.26NH3_KeyWords_[2年生]U7_英日_問題.pdf,スタンダード,,standard,standard,,基準,単語,0,原本保持
1568,ニューホライズン,NH,3,[2年生]U7,Unit7 What,are World Heritage sites and their problems?,Unit7 1～RT2,P89～P95,89,95,1,2,63,recently,最近,☆,1,,recently,最近,最近,recently,01.26NH3_KeyWords_[2年生]U7_英日_問題.pdf,リサントリ,,recently,recently,,最近,単語,0,原本保持
1569,ニューホライズン,NH,3,[2年生]U7,Unit7 What,are World Heritage sites and their problems?,Unit7 1～RT2,P89～P95,89,95,1,2,64,diversity,多様性,☆,1,,diversity,多様性,多様性,diversity,01.26NH3_KeyWords_[2年生]U7_英日_問題.pdf,ディヴァーシティ,,diversity,diversity,,多様性,単語,0,原本保持
1570,ニューホライズン,NH,3,[2年生]U7,Unit7 What,are World Heritage sites and their problems?,Unit7 1～RT2,P89～P95,89,95,1,2,65,forever,"永久に, 永遠に",☆,1,,forever,"永久に, 永遠に","永久に, 永遠に",forever,01.26NH3_KeyWords_[2年生]U7_英日_問題.pdf,ファーエヴァー,,forever,forever,,"永久に, 永遠に",単語,0,原本保持
1571,ニューホライズン,NH,3,[2年生]U7,Unit7 What,are World Heritage sites and their problems?,Unit7 1～RT2,P89～P95,89,95,1,2,66,government,政府,☆,1,,government,政府,政府,government,01.26NH3_KeyWords_[2年生]U7_英日_問題.pdf,ガヴァーマント,,government,government,,政府,単語,0,原本保持
1572,ニューホライズン,NH,3,[2年生]U7,Unit7 What,are World Heritage sites and their problems?,Real Life English 7 買い物 -申し出る・要望を伝える-,P97,97,97,1,2,67,How much ~?,~はいくらですか。,☆,1,,How much ~?,~はいくらですか。,~はいくらですか。,How much ~?,01.26NH3_KeyWords_[2年生]U7_英日_問題.pdf,ハウ マッチ ～,,How much ~?,How much ~?,,~はいくらですか。,表現,1,原本保持
1573,ニューホライズン,NH,3,[2年生]U7,Unit7 What,are World Heritage sites and their problems?,Real Life English 7 買い物 -申し出る・要望を伝える-,P97,97,97,1,2,68,goods,"商品, 品物",,0,,goods,"商品, 品物","商品, 品物",goods,01.26NH3_KeyWords_[2年生]U7_英日_問題.pdf,グッドズ,,goods,goods,,"商品, 品物",単語,0,原本保持
1574,ニューホライズン,NH,3,[2年生]U7,Unit7 What,are World Heritage sites and their problems?,Real Life English 7 買い物 -申し出る・要望を伝える-,P97,97,97,1,2,69,size,"サイズ, 寸法",☆,1,,size,"サイズ, 寸法","サイズ, 寸法",size,01.26NH3_KeyWords_[2年生]U7_英日_問題.pdf,サイズ,,size,size,,"サイズ, 寸法",単語,0,原本保持
1575,ニューホライズン,NH,3,[2年生]U7,Unit7 What,are World Heritage sites and their problems?,Real Life English 7 買い物 -申し出る・要望を伝える-,P97,97,97,1,2,70,customer,顧客,,0,,customer,顧客,顧客,customer,01.26NH3_KeyWords_[2年生]U7_英日_問題.pdf,カスタマー,,customer,customer,,顧客,単語,0,原本保持
1576,ニューホライズン,NH,3,[2年生]U7,Unit7 What,are World Heritage sites and their problems?,Real Life English 7 買い物 -申し出る・要望を伝える-,P97,97,97,1,2,71,price,値段,☆,1,,price,値段,値段,price,01.26NH3_KeyWords_[2年生]U7_英日_問題.pdf,プライス,,price,price,,値段,単語,0,原本保持
1577,ニューホライズン,NH,3,[2年生]U7,Unit7 What,are World Heritage sites and their problems?,Real Life English 7 買い物 -申し出る・要望を伝える-,P97,97,97,1,2,72,clerk,"店員, フロント係",,0,,clerk,"店員, フロント係","店員, フロント係",clerk,01.26NH3_KeyWords_[2年生]U7_英日_問題.pdf,クラーク,,clerk,clerk,,"店員, フロント係",単語,0,原本保持
1578,ニューホライズン,NH,3,[2年生]U7,Unit7 What,are World Heritage sites and their problems?,Real Life English 7 買い物 -申し出る・要望を伝える-,P97,97,97,1,2,73,medium,"中くらいの, Mサイズの",☆,1,,medium,"中くらいの, Mサイズの","中くらいの, Mサイズの",medium,01.26NH3_KeyWords_[2年生]U7_英日_問題.pdf,ミディム,,medium,medium,,"中くらいの, Mサイズの",単語,0,原本保持
1579,ニューホライズン,NH,3,[2年生]U7,Unit7 What,are World Heritage sites and their problems?,Real Life English 7 買い物 -申し出る・要望を伝える-,P97,97,97,1,2,74,under ~,~未満で,,0,,under ~,~未満で,~未満で,under ~,01.26NH3_KeyWords_[2年生]U7_英日_問題.pdf,アンダー ～,,under ~,under ~,,~未満で,表現,1,原本保持
1580,ニューホライズン,NH,3,[2年生]U7,Unit7 What,are World Heritage sites and their problems?,Real Life English 7 買い物 -申し出る・要望を伝える-,P97,97,97,1,2,75,take,"~を選ぶ, ~を買う",,0,,take,"~を選ぶ, ~を買う","~を選ぶ, ~を買う",take,01.26NH3_KeyWords_[2年生]U7_英日_問題.pdf,テイク,,take,take,,"~を選ぶ, ~を買う",単語,0,原本保持
1581,ニューホライズン,NH,3,[2年生]U7,Unit7 What,are World Heritage sites and their problems?,Stage Activity 3 Let's Have a Discussion,"P100,P101",100,101,1,2,76,agree,賛成する,☆,1,,agree,賛成する,賛成する,agree,01.26NH3_KeyWords_[2年生]U7_英日_問題.pdf,アグリ,,agree,agree,,賛成する,単語,0,原本保持
1582,ニューホライズン,NH,3,[2年生]U7,Unit7 What,are World Heritage sites and their problems?,Stage Activity 3 Let's Have a Discussion,"P100,P101",100,101,1,2,77,traffic jam,交通渋滞,,0,,traffic jam,交通渋滞,交通渋滞,traffic jam,01.26NH3_KeyWords_[2年生]U7_英日_問題.pdf,トラフィック ジャム,,traffic jam,traffic jam,,交通渋滞,複数語,1,原本保持
1583,ニューホライズン,NH,3,[2年生]U7,Unit7 What,are World Heritage sites and their problems?,Stage Activity 3 Let's Have a Discussion,"P100,P101",100,101,1,2,78,against ~,~に反対して,☆,1,,against ~,~に反対して,~に反対して,against ~,01.26NH3_KeyWords_[2年生]U7_英日_問題.pdf,アゲンスト ～,,against ~,against ~,,~に反対して,表現,1,原本保持
1584,ニューホライズン,NH,3,[2年生]U7,Unit7 What,are World Heritage sites and their problems?,Stage Activity 3 Let's Have a Discussion,"P100,P101",100,101,1,2,79,tourism,観光,,0,,tourism,観光,観光,tourism,01.26NH3_KeyWords_[2年生]U7_英日_問題.pdf,トゥリザム,,tourism,tourism,,観光,単語,0,原本保持
1585,ニューホライズン,NH,3,[2年生]U7,Unit7 What,are World Heritage sites and their problems?,Stage Activity 3 Let's Have a Discussion,"P100,P101",100,101,1,2,80,develop,~を発展させる,☆,1,,develop,~を発展させる,~を発展させる,develop,01.26NH3_KeyWords_[2年生]U7_英日_問題.pdf,ディヴェラップ,,develop,develop,,~を発展させる,単語,0,原本保持
1586,ニューホライズン,NH,3,[2年生]U7,Unit7 What,are World Heritage sites and their problems?,Stage Activity 3 Let's Have a Discussion,"P100,P101",100,101,1,2,81,industry,"産業, 工業",,0,,industry,"産業, 工業","産業, 工業",industry,01.26NH3_KeyWords_[2年生]U7_英日_問題.pdf,インダストリ,,industry,industry,,"産業, 工業",単語,0,原本保持
1587,ニューホライズン,NH,3,[2年生]U7,Unit7 What,are World Heritage sites and their problems?,Stage Activity 3 Let's Have a Discussion,"P100,P101",100,101,1,2,82,environment,環境,☆,1,,environment,環境,環境,environment,01.26NH3_KeyWords_[2年生]U7_英日_問題.pdf,インヴァイランマント,,environment,environment,,環境,単語,0,原本保持
1588,ニューホライズン,NH,3,[2年生]U7,Unit7 What,are World Heritage sites and their problems?,Stage Activity 3 Let's Have a Discussion,"P100,P101",100,101,1,2,83,discussion,"討論, 話し合い",,0,,discussion,"討論, 話し合い","討論, 話し合い",discussion,01.26NH3_KeyWords_[2年生]U7_英日_問題.pdf,ディスカシャン,,discussion,discussion,,"討論, 話し合い",単語,0,原本保持
1589,ニューホライズン,NH,3,[2年生]U7,Unit7 What,are World Heritage sites and their problems?,Stage Activity 3 Let's Have a Discussion,"P100,P101",100,101,1,2,84,review,~を見直す,,0,,review,~を見直す,~を見直す,review,01.26NH3_KeyWords_[2年生]U7_英日_問題.pdf,リヴユ,,review,review,,~を見直す,単語,0,原本保持
1590,ニューホライズン,NH,3,[2年生]U7,Unit7 What,are World Heritage sites and their problems?,Stage Activity 3 Let's Have a Discussion,"P100,P101",100,101,1,2,85,crime,犯罪,,0,,crime,犯罪,犯罪,crime,01.26NH3_KeyWords_[2年生]U7_英日_問題.pdf,クライム,,crime,crime,,犯罪,単語,0,原本保持
1591,ニューホライズン,NH,3,[2年生]U7,Unit7 What,are World Heritage sites and their problems?,Stage Activity 3 Let's Have a Discussion,"P100,P101",100,101,1,2,86,pollute,"(水・空気など)を汚す, 汚染する",,0,,pollute,"(水・空気など)を汚す, 汚染する","(水・空気など)を汚す, 汚染する",pollute,01.26NH3_KeyWords_[2年生]U7_英日_問題.pdf,パルト,,pollute,pollute,,"(水・空気など)を汚す, 汚染する",単語,0,原本保持
1592,ニューホライズン,NH,3,[2年生]U7,Unit7 What,are World Heritage sites and their problems?,Stage Activity 3 Let's Have a Discussion,"P100,P101",100,101,1,2,87,possible,"(物事が)可能な, できる",,0,,possible,"(物事が)可能な, できる","(物事が)可能な, できる",possible,01.26NH3_KeyWords_[2年生]U7_英日_問題.pdf,パサッブル,,possible,possible,,"(物事が)可能な, できる",単語,0,原本保持
1593,ニューホライズン,NH,3,[2年生]U7,Unit7 What,are World Heritage sites and their problems?,Stage Activity 3 Let's Have a Discussion,"P100,P101",100,101,1,2,88,increase,"~を増やす, 増加",,0,,increase,"~を増やす, 増加","~を増やす, 増加",increase,01.26NH3_KeyWords_[2年生]U7_英日_問題.pdf,インクリス,,increase,increase,,"~を増やす, 増加",単語,0,原本保持
1594,ニューホライズン,NH,3,[2年生]U7,Unit7 What,are World Heritage sites and their problems?,Stage Activity 3 Let's Have a Discussion,"P100,P101",100,101,1,2,89,due to ~,"~のために, ~が原因で",,0,,due to ~,"~のために, ~が原因で","~のために, ~が原因で",due to ~,01.26NH3_KeyWords_[2年生]U7_英日_問題.pdf,ドゥ トゥ ～,,due to ~,due to ~,,"~のために, ~が原因で",表現,1,原本保持
1595,ニューホライズン,NH,3,[2年生]U7,Unit7 What,are World Heritage sites and their problems?,Stage Activity 3 Let's Have a Discussion,"P100,P101",100,101,1,2,90,destroy,~を破壊する,,0,,destroy,~を破壊する,~を破壊する,destroy,01.26NH3_KeyWords_[2年生]U7_英日_問題.pdf,ディストロイ,,destroy,destroy,,~を破壊する,単語,0,原本保持
1596,ニューホライズン,NH,3,[2年生]U7,Unit7 What,are World Heritage sites and their problems?,Stage Activity 3 Let's Have a Discussion,"P100,P101",100,101,1,2,91,therefore,"それゆえに, したがって",,0,,therefore,"それゆえに, したがって","それゆえに, したがって",therefore,01.26NH3_KeyWords_[2年生]U7_英日_問題.pdf,ゼーフォー,,therefore,therefore,,"それゆえに, したがって",単語,0,原本保持
1597,ニューホライズン,NH,3,[2年生]U7,Unit7 What,are World Heritage sites and their problems?,Stage Activity 3 Let's Have a Discussion,"P100,P101",100,101,1,2,92,choose-chose-chosen,選ぶ[原形-過去形-過去分詞形],,0,,choose-chose-chosen,選ぶ[原形-過去形-過去分詞形],選ぶ[原形-過去形-過去分詞形],choose-chose-chosen,01.26NH3_KeyWords_[2年生]U7_英日_問題.pdf,チューズ・チョズ・チョザン,,choose-chose-chosen,choose-chose-chosen,,選ぶ[原形-過去形-過去分詞形],単語,0,原本保持
1598,ニューホライズン,NH,3,[2年生]U7,Unit7 What,are World Heritage sites and their problems?,Stage Activity 3 Let's Have a Discussion,"P100,P101",100,101,1,2,93,for ~,~に賛成して,,0,,for ~,~に賛成して,~に賛成して,for ~,01.26NH3_KeyWords_[2年生]U7_英日_問題.pdf,フォー ～,,for ~,for ~,,~に賛成して,表現,1,原本保持
1599,ニューホライズン,NH,3,[2年生]U7,Unit7 What,are World Heritage sites and their problems?,Stage Activity 3 Let's Have a Discussion,"P100,P101",100,101,1,2,94,cause,"~の原因となる, ~をひき起こす",,0,,cause,"~の原因となる, ~をひき起こす","~の原因となる, ~をひき起こす",cause,01.26NH3_KeyWords_[2年生]U7_英日_問題.pdf,カズ,,cause,cause,,"~の原因となる, ~をひき起こす",単語,0,原本保持
1600,ニューホライズン,NH,3,[2年生]U7,Unit7 What,are World Heritage sites and their problems?,Stage Activity 3 Let's Have a Discussion,"P100,P101",100,101,1,2,95,may,~かもしれない,,0,,may,~かもしれない,~かもしれない,may,01.26NH3_KeyWords_[2年生]U7_英日_問題.pdf,メイ,,may,may,,~かもしれない,単語,0,原本保持
1601,ニューホライズン,NH,3,[2年生]U7,Unit7 What,are World Heritage sites and their problems?,Stage Activity 3 Let's Have a Discussion,"P100,P101",100,101,1,2,96,attract,(人)をひきつける,,0,,attract,(人)をひきつける,(人)をひきつける,attract,01.26NH3_KeyWords_[2年生]U7_英日_問題.pdf,アトラックト,,attract,attract,,(人)をひきつける,単語,0,原本保持
1602,ニューホライズン,NH,3,[2年生]U7,Unit7 What,are World Heritage sites and their problems?,Stage Activity 3 Let's Have a Discussion,"P100,P101",100,101,1,2,97,be afraid of ~,~をおそれる,,0,,be afraid of ~,~をおそれる,~をおそれる,be afraid of ~,01.26NH3_KeyWords_[2年生]U7_英日_問題.pdf,ビー アフレイド オブ ～,,be afraid of ~,be afraid of ~,,~をおそれる,表現,1,原本保持
1603,ニューホライズン,NH,3,[2年生]U7,Unit7 What,are World Heritage sites and their problems?,Stage Activity 3 Let's Have a Discussion,"P100,P101",100,101,1,2,98,point,論点,,0,,point,論点,論点,point,01.26NH3_KeyWords_[2年生]U7_英日_問題.pdf,ポイント,,point,point,,論点,単語,0,原本保持
1604,ニューホライズン,NH,3,[2年生]U7,Unit7 What,are World Heritage sites and their problems?,Stage Activity 3 Let's Have a Discussion,"P100,P101",100,101,1,2,99,be concerned about ~,~について心配する,,0,,be concerned about ~,~について心配する,~について心配する,be concerned about ~,01.26NH3_KeyWords_[2年生]U7_英日_問題.pdf,ビー カンサーンド アバウト ～,,be concerned about ~,be concerned about ~,,~について心配する,表現,1,原本保持
1605,ニューホライズン,NH,3,[2年生]U7,Unit7 What,are World Heritage sites and their problems?,Stage Activity 3 Let's Have a Discussion,"P100,P101",100,101,1,2,100,value,価値,,0,,value,価値,価値,value,01.26NH3_KeyWords_[2年生]U7_英日_問題.pdf,ヴァルユ,,value,value,,価値,単語,0,原本保持
1606,ニューホライズン,NH,3,[2年生]LR3,[2年生],Pictures and Our Beautiful Planet Let's Read 3,Let's Read 3 教科書本文,P104～P108,104,108,2,1,1,became,become(なる)の過去形,☆,1,,became,become(なる)の過去形,become(なる)の過去形,became,02.26NH3_KeyWords_[2年生]LR3_英日_問題.pdf,ビケイム,,became,became,,become(なる)の過去形,単語,0,原本保持
1607,ニューホライズン,NH,3,[2年生]LR3,[2年生],Pictures and Our Beautiful Planet Let's Read 3,Let's Read 3 教科書本文,P104～P108,104,108,2,1,2,university,大学,,0,,university,大学,大学,university,02.26NH3_KeyWords_[2年生]LR3_英日_問題.pdf,ユナヴァーサティ,,university,university,,大学,単語,0,原本保持
1608,ニューホライズン,NH,3,[2年生]LR3,[2年生],Pictures and Our Beautiful Planet Let's Read 3,Let's Read 3 教科書本文,P104～P108,104,108,2,1,3,come true,実現する,☆,1,,come true,実現する,実現する,come true,02.26NH3_KeyWords_[2年生]LR3_英日_問題.pdf,カム トル,,come true,come true,,実現する,複数語,1,原本保持
1609,ニューホライズン,NH,3,[2年生]LR3,[2年生],Pictures and Our Beautiful Planet Let's Read 3,Let's Read 3 教科書本文,P104～P108,104,108,2,1,4,dream,夢,,0,,dream,夢,夢,dream,02.26NH3_KeyWords_[2年生]LR3_英日_問題.pdf,ドリム,,dream,dream,,夢,単語,0,原本保持
1610,ニューホライズン,NH,3,[2年生]LR3,[2年生],Pictures and Our Beautiful Planet Let's Read 3,Let's Read 3 教科書本文,P104～P108,104,108,2,1,5,understood,understand(理解する)の過去形,,0,,understood,understand(理解する)の過去形,understand(理解する)の過去形,understood,02.26NH3_KeyWords_[2年生]LR3_英日_問題.pdf,アンダーストゥッド,,understood,understood,,understand(理解する)の過去形,単語,0,原本保持
1611,ニューホライズン,NH,3,[2年生]LR3,[2年生],Pictures and Our Beautiful Planet Let's Read 3,Let's Read 3 教科書本文,P104～P108,104,108,2,1,6,convenience,便利なこと[もの],,0,,convenience,便利なこと[もの],便利なこと[もの],convenience,02.26NH3_KeyWords_[2年生]LR3_英日_問題.pdf,カンヴィンヤンス,,convenience,convenience,,便利なこと[もの],単語,0,原本保持
1612,ニューホライズン,NH,3,[2年生]LR3,[2年生],Pictures and Our Beautiful Planet Let's Read 3,Let's Read 3 教科書本文,P104～P108,104,108,2,1,7,return,"帰る, 戻る",,0,,return,"帰る, 戻る","帰る, 戻る",return,02.26NH3_KeyWords_[2年生]LR3_英日_問題.pdf,リターン,,return,return,,"帰る, 戻る",単語,0,原本保持
1613,ニューホライズン,NH,3,[2年生]LR3,[2年生],Pictures and Our Beautiful Planet Let's Read 3,Let's Read 3 教科書本文,P104～P108,104,108,2,1,8,berry,ベリー,,0,,berry,ベリー,ベリー,berry,02.26NH3_KeyWords_[2年生]LR3_英日_問題.pdf,ベリ,,berry,berry,,ベリー,単語,0,原本保持
1614,ニューホライズン,NH,3,[2年生]LR3,[2年生],Pictures and Our Beautiful Planet Let's Read 3,Let's Read 3 教科書本文,P104～P108,104,108,2,1,9,lose,~を失う,,0,,lose,~を失う,~を失う,lose,02.26NH3_KeyWords_[2年生]LR3_英日_問題.pdf,ルーズ,,lose,lose,,~を失う,単語,0,原本保持
1615,ニューホライズン,NH,3,[2年生]LR3,[2年生],Pictures and Our Beautiful Planet Let's Read 3,Let's Read 3 教科書本文,P104～P108,104,108,2,1,10,tradition,伝統,,0,,tradition,伝統,伝統,tradition,02.26NH3_KeyWords_[2年生]LR3_英日_問題.pdf,トラディシャン,,tradition,tradition,,伝統,単語,0,原本保持
1616,ニューホライズン,NH,3,[2年生]LR3,[2年生],Pictures and Our Beautiful Planet Let's Read 3,Let's Read 3 教科書本文,P104～P108,104,108,2,1,11,invite,~を招待する,,0,,invite,~を招待する,~を招待する,invite,02.26NH3_KeyWords_[2年生]LR3_英日_問題.pdf,インバイト,,invite,invite,,~を招待する,単語,0,原本保持
1617,ニューホライズン,NH,3,[2年生]LR3,[2年生],Pictures and Our Beautiful Planet Let's Read 3,Let's Read 3 教科書本文,P104～P108,104,108,2,1,12,wilderness,荒野,,0,,wilderness,荒野,荒野,wilderness,02.26NH3_KeyWords_[2年生]LR3_英日_問題.pdf,ウィルダーナス,,wilderness,wilderness,,荒野,単語,0,原本保持
1618,ニューホライズン,NH,3,[2年生]LR3,[2年生],Pictures and Our Beautiful Planet Let's Read 3,Let's Read 3 教科書本文,P104～P108,104,108,2,1,13,hunt,~を狩る,,0,,hunt,~を狩る,~を狩る,hunt,02.26NH3_KeyWords_[2年生]LR3_英日_問題.pdf,ハント,,hunt,hunt,,~を狩る,単語,0,原本保持
1619,ニューホライズン,NH,3,[2年生]LR3,[2年生],Pictures and Our Beautiful Planet Let's Read 3,Let's Read 3 教科書本文,P104～P108,104,108,2,1,14,severe,厳しい,,0,,severe,厳しい,厳しい,severe,02.26NH3_KeyWords_[2年生]LR3_英日_問題.pdf,サヴィー,,severe,severe,,厳しい,単語,0,原本保持
1620,ニューホライズン,NH,3,[2年生]LR3,[2年生],Pictures and Our Beautiful Planet Let's Read 3,Let's Read 3 教科書本文,P104～P108,104,108,2,1,15,gather,"~を集める, ~をつむ",,0,,gather,"~を集める, ~をつむ","~を集める, ~をつむ",gather,02.26NH3_KeyWords_[2年生]LR3_英日_問題.pdf,ガザー,,gather,gather,,"~を集める, ~をつむ",単語,0,原本保持
1621,ニューホライズン,NH,3,[2年生]LR3,[2年生],Pictures and Our Beautiful Planet Let's Read 3,Let's Read 3 教科書本文,P104～P108,104,108,2,1,16,lonely,"ひとりぼっちの, さびしい",,0,,lonely,"ひとりぼっちの, さびしい","ひとりぼっちの, さびしい",lonely,02.26NH3_KeyWords_[2年生]LR3_英日_問題.pdf,ロンリ,,lonely,lonely,,"ひとりぼっちの, さびしい",単語,0,原本保持
1622,ニューホライズン,NH,3,[2年生]LR3,[2年生],Pictures and Our Beautiful Planet Let's Read 3,Let's Read 3 教科書本文,P104～P108,104,108,2,1,17,share,~を共有する,,0,,share,~を共有する,~を共有する,share,02.26NH3_KeyWords_[2年生]LR3_英日_問題.pdf,シェー,,share,share,,~を共有する,単語,0,原本保持
1623,ニューホライズン,NH,3,[2年生]LR3,[2年生],Pictures and Our Beautiful Planet Let's Read 3,Let's Read 3 教科書本文,P104～P108,104,108,2,1,18,living,生きている,,0,,living,生きている,生きている,living,02.26NH3_KeyWords_[2年生]LR3_英日_問題.pdf,リヴィング,,living,living,,生きている,単語,0,原本保持
1624,ニューホライズン,NH,3,[2年生]LR3,[2年生],Pictures and Our Beautiful Planet Let's Read 3,Let's Read 3 教科書本文,P104～P108,104,108,2,1,19,disappear,姿を消す,,0,,disappear,姿を消す,姿を消す,disappear,02.26NH3_KeyWords_[2年生]LR3_英日_問題.pdf,ディサピー,,disappear,disappear,,姿を消す,単語,0,原本保持
1625,ニューホライズン,NH,3,[2年生]LR3,[2年生],Pictures and Our Beautiful Planet Let's Read 3,Let's Read 3 教科書本文,P104～P108,104,108,2,1,20,enough,十分な,,0,,enough,十分な,十分な,enough,02.26NH3_KeyWords_[2年生]LR3_英日_問題.pdf,イナフ,,enough,enough,,十分な,単語,0,原本保持
1626,ニューホライズン,NH,3,[2年生]LR3,[2年生],Pictures and Our Beautiful Planet Let's Read 3,Let's Read 3 教科書本文,P104～P108,104,108,2,1,21,camp,キャンプをする,,0,,camp,キャンプをする,キャンプをする,camp,02.26NH3_KeyWords_[2年生]LR3_英日_問題.pdf,カムプ,,camp,camp,,キャンプをする,単語,0,原本保持
1627,ニューホライズン,NH,3,[2年生]LR3,[2年生],Pictures and Our Beautiful Planet Let's Read 3,Let's Read 3 教科書本文,P104～P108,104,108,2,1,22,attracted,ひきつけられる,,0,,attracted,ひきつけられる,ひきつけられる,attracted,02.26NH3_KeyWords_[2年生]LR3_英日_問題.pdf,アトラックティッド,,attracted,attracted,,ひきつけられる,単語,0,原本保持
1628,ニューホライズン,NH,3,[2年生]LR3,[2年生],Pictures and Our Beautiful Planet Let's Read 3,Let's Read 3 教科書本文,P104～P108,104,108,2,1,23,scene,"景色, 光景",,0,,scene,"景色, 光景","景色, 光景",scene,02.26NH3_KeyWords_[2年生]LR3_英日_問題.pdf,シン,,scene,scene,,"景色, 光景",単語,0,原本保持
1629,ニューホライズン,NH,3,[2年生]LR3,[2年生],Pictures and Our Beautiful Planet Let's Read 3,Let's Read 3 教科書本文,P104～P108,104,108,2,1,24,true,"本当の, 真実の",,0,,true,"本当の, 真実の","本当の, 真実の",true,02.26NH3_KeyWords_[2年生]LR3_英日_問題.pdf,トル,,true,true,,"本当の, 真実の",単語,0,原本保持
1630,ニューホライズン,NH,3,[2年生]LR3,[2年生],Pictures and Our Beautiful Planet Let's Read 3,Let's Read 3 教科書本文,P104～P108,104,108,2,1,25,rest,"残り, その他",,0,,rest,"残り, その他","残り, その他",rest,02.26NH3_KeyWords_[2年生]LR3_英日_問題.pdf,レスト,,rest,rest,,"残り, その他",単語,0,原本保持
1631,ニューホライズン,NH,3,[2年生]LR3,[2年生],Pictures and Our Beautiful Planet Let's Read 3,Let's Read 3 教科書本文,P104～P108,104,108,2,1,26,wild,野生の,,0,,wild,野生の,野生の,wild,02.26NH3_KeyWords_[2年生]LR3_英日_問題.pdf,ワイルド,,wild,wild,,野生の,単語,0,原本保持
1632,ニューホライズン,NH,3,[2年生]LR3,[2年生],Pictures and Our Beautiful Planet Let's Read 3,Let's Read 3 教科書本文,P104～P108,104,108,2,1,27,planet,惑星,,0,,planet,惑星,惑星,planet,02.26NH3_KeyWords_[2年生]LR3_英日_問題.pdf,プラナット,,planet,planet,,惑星,単語,0,原本保持
1633,ニューホライズン,NH,3,[2年生]LR3,[2年生],Pictures and Our Beautiful Planet Let's Read 3,Let's Read 3 教科書本文,P104～P108,104,108,2,1,28,harmoniously,調和して,,0,,harmoniously,調和して,調和して,harmoniously,02.26NH3_KeyWords_[2年生]LR3_英日_問題.pdf,ハーモニアスリ,,harmoniously,harmoniously,,調和して,単語,0,原本保持
1634,ニューホライズン,NH,3,[2年生]LR3,[2年生],Pictures and Our Beautiful Planet Let's Read 3,Let's Read 3 教科書本文,P104～P108,104,108,2,1,29,photographer,写真家,,0,,photographer,写真家,写真家,photographer,02.26NH3_KeyWords_[2年生]LR3_英日_問題.pdf,ファタグラファー,,photographer,photographer,,写真家,単語,0,原本保持
1635,ニューホライズン,NH,3,[2年生]LR3,[2年生],Pictures and Our Beautiful Planet Let's Read 3,Let's Read 3 教科書本文,P104～P108,104,108,2,1,30,slowly,ゆっくりと,,0,,slowly,ゆっくりと,ゆっくりと,slowly,02.26NH3_KeyWords_[2年生]LR3_英日_問題.pdf,スロリ,,slowly,slowly,,ゆっくりと,単語,0,原本保持
1636,ニューホライズン,NH,3,[2年生]LR3,[2年生],Pictures and Our Beautiful Planet Let's Read 3,Let's Read 3 教科書本文,P104～P108,104,108,2,1,31,photograph,写真,,0,,photograph,写真,写真,photograph,02.26NH3_KeyWords_[2年生]LR3_英日_問題.pdf,フォタグラフ,,photograph,photograph,,写真,単語,0,原本保持
1637,ニューホライズン,NH,3,[2年生]LR3,[2年生],Pictures and Our Beautiful Planet Let's Read 3,Let's Read 3 教科書本文,P104～P108,104,108,2,1,32,suddenly,"突然, 急に",,0,,suddenly,"突然, 急に","突然, 急に",suddenly,02.26NH3_KeyWords_[2年生]LR3_英日_問題.pdf,サダンリ,,suddenly,suddenly,,"突然, 急に",単語,0,原本保持
1638,ニューホライズン,NH,3,[2年生]LR3,[2年生],Pictures and Our Beautiful Planet Let's Read 3,Let's Read 3 教科書本文,P104～P108,104,108,2,1,33,past,過去,,0,,past,過去,過去,past,02.26NH3_KeyWords_[2年生]LR3_英日_問題.pdf,パスト,,past,past,,過去,単語,0,原本保持
1639,ニューホライズン,NH,3,[2年生]LR3,[2年生],Pictures and Our Beautiful Planet Let's Read 3,Let's Read 3 教科書本文,P104～P108,104,108,2,1,34,caribou,カリブー(動物),,0,,caribou,カリブー(動物),カリブー(動物),caribou,02.26NH3_KeyWords_[2年生]LR3_英日_問題.pdf,ケリブ,,caribou,caribou,,カリブー(動物),単語,0,原本保持
1640,ニューホライズン,NH,3,[2年生]LR3,[2年生],Pictures and Our Beautiful Planet Let's Read 3,Let's Read 3 教科書本文,P104～P108,104,108,2,1,35,part of ~,~の一部,,0,,part of ~,~の一部,~の一部,part of ~,02.26NH3_KeyWords_[2年生]LR3_英日_問題.pdf,パート オブ ～,,part of ~,part of ~,,~の一部,表現,1,原本保持
1641,ニューホライズン,NH,3,[2年生]LR3,[2年生],Pictures and Our Beautiful Planet Let's Read 3,Let's Read 3 教科書本文,P104～P108,104,108,2,1,36,live A life,Aな人生を送る,,0,,live A life,Aな人生を送る,Aな人生を送る,live A life,02.26NH3_KeyWords_[2年生]LR3_英日_問題.pdf,リブ エイ ライフ,,live A life,live A life,,Aな人生を送る,複数語,1,原本保持
1642,ニューホライズン,NH,3,[2年生]LR3,[2年生],Pictures and Our Beautiful Planet Let's Read 3,Let's Read 3 教科書本文,P104～P108,104,108,2,1,37,mayor,"市長, 村長",,0,,mayor,"市長, 村長","市長, 村長",mayor,02.26NH3_KeyWords_[2年生]LR3_英日_問題.pdf,メイアー,,mayor,mayor,,"市長, 村長",単語,0,原本保持
1643,ニューホライズン,NH,3,[2年生]LR3,[2年生],Pictures and Our Beautiful Planet Let's Read 3,Let's Read 3 教科書本文,P104～P108,104,108,2,1,38,among ~,"~の間で[に, を]",,0,,among ~,"~の間で[に, を]","~の間で[に, を]",among ~,02.26NH3_KeyWords_[2年生]LR3_英日_問題.pdf,アマング ～,,among ~,among ~,,"~の間で[に, を]",表現,1,原本保持
1644,ニューホライズン,NH,3,[2年生]LR3,[2年生],Pictures and Our Beautiful Planet Let's Read 3,Let's Read 3 教科書本文,P104～P108,104,108,2,1,39,life,人生,,0,,life,人生,人生,life,02.26NH3_KeyWords_[2年生]LR3_英日_問題.pdf,ライフ,,life,life,,人生,単語,0,原本保持
1645,ニューホライズン,NH,3,[2年生]LR3,[2年生],Pictures and Our Beautiful Planet Let's Read 3,Let's Read 3 教科書本文,P104～P108,104,108,2,1,40,for himself,(彼の)独力で,,0,,for himself,(彼の)独力で,(彼の)独力で,for himself,02.26NH3_KeyWords_[2年生]LR3_英日_問題.pdf,フォー ヒムセルフ,,for himself,for himself,,(彼の)独力で,複数語,1,原本保持
1646,ニューホライズン,NH,3,[2年生]LR3,[2年生],Pictures and Our Beautiful Planet Let's Read 3,Let's Read 3 教科書本文,P104～P108,104,108,2,1,41,island,島,,0,,island,島,島,island,02.26NH3_KeyWords_[2年生]LR3_英日_問題.pdf,アイランド,,island,island,,島,単語,0,原本保持
1647,ニューホライズン,NH,3,[2年生]LR3,[2年生],Pictures and Our Beautiful Planet Let's Read 3,Let's Read 3 教科書本文,P104～P108,104,108,2,1,42,remind A of B,AにBを思い出させる,,0,,remind A of B,AにBを思い出させる,AにBを思い出させる,remind A of B,02.26NH3_KeyWords_[2年生]LR3_英日_問題.pdf,リマインド エイ オブ ビー,,remind A of B,remind A of B,,AにBを思い出させる,複数語,1,原本保持
1648,ニューホライズン,NH,3,[2年生]LR3,[2年生],Pictures and Our Beautiful Planet Let's Read 3,Let's Read 3 教科書本文,P104～P108,104,108,2,1,43,habitat,生息地,,0,,habitat,生息地,生息地,habitat,02.26NH3_KeyWords_[2年生]LR3_英日_問題.pdf,ハバタット,,habitat,habitat,,生息地,単語,0,原本保持
1649,ニューホライズン,NH,3,[2年生]LR3,[2年生],Pictures and Our Beautiful Planet Let's Read 3,Let's Read 3 教科書本文,P104～P108,104,108,2,1,44,in the middle of ~,~の真ん中に[の],,0,,in the middle of ~,~の真ん中に[の],~の真ん中に[の],in the middle of ~,02.26NH3_KeyWords_[2年生]LR3_英日_問題.pdf,イン ザ ミッドル オブ ～,,in the middle of ~,in the middle of ~,,~の真ん中に[の],表現,1,原本保持
1650,ニューホライズン,NH,3,[2年生]LR3,[2年生],Pictures and Our Beautiful Planet Let's Read 3,Let's Read 3 教科書本文,P104～P108,104,108,2,1,45,global warming,地球温暖化,,0,,global warming,地球温暖化,地球温暖化,global warming,02.26NH3_KeyWords_[2年生]LR3_英日_問題.pdf,グロブル ウォーミング,,global warming,global warming,,地球温暖化,複数語,1,原本保持
1651,ニューホライズン,NH,3,U0,Discover,a New Side of Classmates Unit0,Unit0 教科書本文,"P6,P7",6,7,3,1,1,finally,"ついに, やっと",☆,1,,finally,"ついに, やっと","ついに, やっと",finally,03.26NH3_KeyWords_U0_英日_問題.pdf,ファイナリ,,finally,finally,,"ついに, やっと",単語,0,原本保持
1652,ニューホライズン,NH,3,U0,Discover,a New Side of Classmates Unit0,Unit0 教科書本文,"P6,P7",6,7,3,1,2,actor,俳優,,0,,actor,俳優,俳優,actor,03.26NH3_KeyWords_U0_英日_問題.pdf,アックター,,actor,actor,,俳優,単語,0,原本保持
1653,ニューホライズン,NH,3,U0,Discover,a New Side of Classmates Unit0,Unit0 教科書本文,"P6,P7",6,7,3,1,3,discover,~を発見する,,0,,discover,~を発見する,~を発見する,discover,03.26NH3_KeyWords_U0_英日_問題.pdf,ディスカヴァー,,discover,discover,,~を発見する,単語,0,原本保持
1654,ニューホライズン,NH,3,U0,Discover,a New Side of Classmates Unit0,Unit0 教科書本文,"P6,P7",6,7,3,1,4,musical,ミュージカル,,0,,musical,ミュージカル,ミュージカル,musical,03.26NH3_KeyWords_U0_英日_問題.pdf,ミュジックル,,musical,musical,,ミュージカル,単語,0,原本保持
1655,ニューホライズン,NH,3,U0,Discover,a New Side of Classmates Unit0,Unit0 教科書本文,"P6,P7",6,7,3,1,5,side,"側, 面",,0,,side,"側, 面","側, 面",side,03.26NH3_KeyWords_U0_英日_問題.pdf,サイド,,side,side,,"側, 面",単語,0,原本保持
1656,ニューホライズン,NH,3,U1,Unit1,What is special about Japanese pop culture?,"Unit1 Part1, 2",P9～P11,9,11,4,1,1,been,beの過去分詞形,☆,1,,been,beの過去分詞形,beの過去分詞形,been,04.26NH3_KeyWords_U1_英日_問題.pdf,ビーン,,been,been,,beの過去分詞形,単語,0,原本保持
1657,ニューホライズン,NH,3,U1,Unit1,What is special about Japanese pop culture?,"Unit1 Part1, 2",P9～P11,9,11,4,1,2,I've,I haveの短縮形,☆,1,,I've,I haveの短縮形,I haveの短縮形,I've,04.26NH3_KeyWords_U1_英日_問題.pdf,アイブ,,I've,I've,,I haveの短縮形,短縮形,0,原本保持
1658,ニューホライズン,NH,3,U1,Unit1,What is special about Japanese pop culture?,"Unit1 Part1, 2",P9～P11,9,11,4,1,3,never ~,今までに一度も~しない,☆,1,,never ~,今までに一度も~しない,今までに一度も~しない,never ~,04.26NH3_KeyWords_U1_英日_問題.pdf,ネバー ～,,never ~,never ~,,今までに一度も~しない,表現,1,原本保持
1659,ニューホライズン,NH,3,U1,Unit1,What is special about Japanese pop culture?,"Unit1 Part1, 2",P9～P11,9,11,4,1,4,once,1度,☆,1,,once,1度,1度,once,04.26NH3_KeyWords_U1_英日_問題.pdf,ワンス,,once,once,,1度,単語,0,原本保持
1660,ニューホライズン,NH,3,U1,Unit1,What is special about Japanese pop culture?,"Unit1 Part1, 2",P9～P11,9,11,4,1,5,have been to ~,~に行ったことがある,☆,1,,have been to ~,~に行ったことがある,~に行ったことがある,have been to ~,04.26NH3_KeyWords_U1_英日_問題.pdf,ハブ ビーン トゥ ～,,have been to ~,have been to ~,,~に行ったことがある,表現,1,原本保持
1661,ニューホライズン,NH,3,U1,Unit1,What is special about Japanese pop culture?,"Unit1 Part1, 2",P9～P11,9,11,4,1,6,twice,2度,☆,1,,twice,2度,2度,twice,04.26NH3_KeyWords_U1_英日_問題.pdf,トワイス,,twice,twice,,2度,単語,0,原本保持
1662,ニューホライズン,NH,3,U1,Unit1,What is special about Japanese pop culture?,"Unit1 Part1, 2",P9～P11,9,11,4,1,7,fashion,"人気のもの, ファッション",,0,,fashion,"人気のもの, ファッション","人気のもの, ファッション",fashion,04.26NH3_KeyWords_U1_英日_問題.pdf,ファシャン,,fashion,fashion,,"人気のもの, ファッション",単語,0,原本保持
1663,ニューホライズン,NH,3,U1,Unit1,What is special about Japanese pop culture?,"Unit1 Part1, 2",P9～P11,9,11,4,1,8,haven't,have notの短縮形,,0,,haven't,have notの短縮形,have notの短縮形,haven't,04.26NH3_KeyWords_U1_英日_問題.pdf,ハヴァント,,haven't,haven't,,have notの短縮形,短縮形,0,原本保持
1664,ニューホライズン,NH,3,U1,Unit1,What is special about Japanese pop culture?,"Unit1 Part1, 2",P9～P11,9,11,4,1,9,regional,"地方の, 地域の",,0,,regional,"地方の, 地域の","地方の, 地域の",regional,04.26NH3_KeyWords_U1_英日_問題.pdf,リジャナル,,regional,regional,,"地方の, 地域の",単語,0,原本保持
1665,ニューホライズン,NH,3,U1,Unit1,What is special about Japanese pop culture?,"Unit1 Part1, 2",P9～P11,9,11,4,1,10,hear,"~を耳にする, 聞いて知る",,0,,hear,"~を耳にする, 聞いて知る","~を耳にする, 聞いて知る",hear,04.26NH3_KeyWords_U1_英日_問題.pdf,ヒア,,hear,hear,,"~を耳にする, 聞いて知る",単語,0,原本保持
1666,ニューホライズン,NH,3,U1,Unit1,What is special about Japanese pop culture?,"Unit1 Part1, 2",P9～P11,9,11,4,1,11,ever,[疑問文で]今まで,☆,1,,ever,[疑問文で]今まで,[疑問文で]今まで,ever,04.26NH3_KeyWords_U1_英日_問題.pdf,エヴァー,,ever,ever,,[疑問文で]今まで,単語,0,原本保持
1667,ニューホライズン,NH,3,U1,Unit1,What is special about Japanese pop culture?,"Unit1 Part1, 2",P9～P11,9,11,4,1,12,foreigner,外国人,,0,,foreigner,外国人,外国人,foreigner,04.26NH3_KeyWords_U1_英日_問題.pdf,フォラナー,,foreigner,foreigner,,外国人,単語,0,原本保持
1668,ニューホライズン,NH,3,U1,Unit1,What is special about Japanese pop culture?,Unit1 Read and Think1,"P12,P13",12,13,4,1,13,make A B,AをBにする,☆,1,,make A B,AをBにする,AをBにする,make A B,04.26NH3_KeyWords_U1_英日_問題.pdf,メイク エイ ビー,,make A B,make A B,,AをBにする,複数語,1,原本保持
1669,ニューホライズン,NH,3,U1,Unit1,What is special about Japanese pop culture?,Unit1 Read and Think1,"P12,P13",12,13,4,1,14,animation,アニメーション,,0,,animation,アニメーション,アニメーション,animation,04.26NH3_KeyWords_U1_英日_問題.pdf,アナメイシャン,,animation,animation,,アニメーション,単語,0,原本保持
1670,ニューホライズン,NH,3,U1,Unit1,What is special about Japanese pop culture?,Unit1 Read and Think1,"P12,P13",12,13,4,1,15,match,"~と調和する, ~に匹敵する",☆,1,,match,"~と調和する, ~に匹敵する","~と調和する, ~に匹敵する",match,04.26NH3_KeyWords_U1_英日_問題.pdf,マチ,,match,match,,"~と調和する, ~に匹敵する",単語,0,原本保持
1671,ニューホライズン,NH,3,U1,Unit1,What is special about Japanese pop culture?,Unit1 Read and Think1,"P12,P13",12,13,4,1,16,adventure,冒険,,0,,adventure,冒険,冒険,adventure,04.26NH3_KeyWords_U1_英日_問題.pdf,アッドヴェンチャー,,adventure,adventure,,冒険,単語,0,原本保持
1672,ニューホライズン,NH,3,U1,Unit1,What is special about Japanese pop culture?,Unit1 Read and Think1,"P12,P13",12,13,4,1,17,in addition,"そのうえ, さらに",☆,1,,in addition,"そのうえ, さらに","そのうえ, さらに",in addition,04.26NH3_KeyWords_U1_英日_問題.pdf,イン アディシャン,,in addition,in addition,,"そのうえ, さらに",複数語,1,原本保持
1673,ニューホライズン,NH,3,U1,Unit1,What is special about Japanese pop culture?,Unit1 Read and Think1,"P12,P13",12,13,4,1,18,adult,"おとな, 成人",,0,,adult,"おとな, 成人","おとな, 成人",adult,04.26NH3_KeyWords_U1_英日_問題.pdf,アッドルト,,adult,adult,,"おとな, 成人",単語,0,原本保持
1674,ニューホライズン,NH,3,U1,Unit1,What is special about Japanese pop culture?,Unit1 Read and Think1,"P12,P13",12,13,4,1,19,go,(ある状態)になる,,0,,go,(ある状態)になる,(ある状態)になる,go,04.26NH3_KeyWords_U1_英日_問題.pdf,ゴウ,,go,go,,(ある状態)になる,単語,0,原本保持
1675,ニューホライズン,NH,3,U1,Unit1,What is special about Japanese pop culture?,Unit1 Read and Think1,"P12,P13",12,13,4,1,20,positive,前向きな,,0,,positive,前向きな,前向きな,positive,04.26NH3_KeyWords_U1_英日_問題.pdf,パザティヴ,,positive,positive,,前向きな,単語,0,原本保持
1676,ニューホライズン,NH,3,U1,Unit1,What is special about Japanese pop culture?,Unit1 Read and Think1,"P12,P13",12,13,4,1,21,quality,"質, 品質",,0,,quality,"質, 品質","質, 品質",quality,04.26NH3_KeyWords_U1_英日_問題.pdf,クワラティ,,quality,quality,,"質, 品質",単語,0,原本保持
1677,ニューホライズン,NH,3,U1,Unit1,What is special about Japanese pop culture?,Unit1 Read and Think1,"P12,P13",12,13,4,1,22,global,世界的な,,0,,global,世界的な,世界的な,global,04.26NH3_KeyWords_U1_英日_問題.pdf,グロブル,,global,global,,世界的な,単語,0,原本保持
1678,ニューホライズン,NH,3,U1,Unit1,What is special about Japanese pop culture?,Unit1 Read and Think1,"P12,P13",12,13,4,1,23,genre,"(文学・芸術作品などの)ジャンル, 分野",,0,,genre,"(文学・芸術作品などの)ジャンル, 分野","(文学・芸術作品などの)ジャンル, 分野",genre,04.26NH3_KeyWords_U1_英日_問題.pdf,アンラ,,genre,genre,,"(文学・芸術作品などの)ジャンル, 分野",単語,0,原本保持
1679,ニューホライズン,NH,3,U1,Unit1,What is special about Japanese pop culture?,Unit1 Read and Think1,"P12,P13",12,13,4,1,24,delicate,"上品な, 繊細な",,0,,delicate,"上品な, 繊細な","上品な, 繊細な",delicate,04.26NH3_KeyWords_U1_英日_問題.pdf,デラカット,,delicate,delicate,,"上品な, 繊細な",単語,0,原本保持
1680,ニューホライズン,NH,3,U1,Unit1,What is special about Japanese pop culture?,Unit1 Read and Think1,"P12,P13",12,13,4,1,25,drawing,"絵, 図",,0,,drawing,"絵, 図","絵, 図",drawing,04.26NH3_KeyWords_U1_英日_問題.pdf,ドロイング,,drawing,drawing,,"絵, 図",単語,0,原本保持
1681,ニューホライズン,NH,3,U1,Unit1,What is special about Japanese pop culture?,Unit1 Read and Think2,"P14,P15",14,15,4,1,26,taste,"味, 味覚",,0,,taste,"味, 味覚","味, 味覚",taste,04.26NH3_KeyWords_U1_英日_問題.pdf,テイスト,,taste,taste,,"味, 味覚",単語,0,原本保持
1682,ニューホライズン,NH,3,U1,Unit1,What is special about Japanese pop culture?,Unit1 Read and Think2,"P14,P15",14,15,4,1,27,draw-drew-drawn,(線や絵を)かく[原形-過去形-過去分詞形],☆,1,最終監査修正: 途中空白除去,draw-drew-drawn,(線や絵を)かく[原形-過去形-過去分詞形],(線や絵を)かく[原形-過去形-過去分詞形],draw-drew-drawn,04.26NH3_KeyWords_U1_英日_問題.pdf,ドロー・ドル・ドロン,,draw-drew-drawn,draw-drew-drawn,,(線や絵を)かく[原形-過去形-過去分詞形],単語,0,原本保持
1683,ニューホライズン,NH,3,U1,Unit1,What is special about Japanese pop culture?,Unit1 Read and Think2,"P14,P15",14,15,4,1,28,scroll,"巻物, 掛け軸",,0,,scroll,"巻物, 掛け軸","巻物, 掛け軸",scroll,04.26NH3_KeyWords_U1_英日_問題.pdf,スクロール,,scroll,scroll,,"巻物, 掛け軸",単語,0,原本保持
1684,ニューホライズン,NH,3,U1,Unit1,What is special about Japanese pop culture?,Unit1 Read and Think2,"P14,P15",14,15,4,1,29,It is said that ~,~であると言われている,☆,1,,It is said that ~,~であると言われている,~であると言われている,It is said that ~,04.26NH3_KeyWords_U1_英日_問題.pdf,イット イズ セッド ザット ～,,It is said that ~,It is said that ~,,~であると言われている,表現,1,原本保持
1685,ニューホライズン,NH,3,U1,Unit1,What is special about Japanese pop culture?,Unit1 Read and Think2,"P14,P15",14,15,4,1,30,roots,起源,,0,,roots,起源,起源,roots,04.26NH3_KeyWords_U1_英日_問題.pdf,ルトス,,roots,roots,,起源,単語,0,原本保持
1686,ニューホライズン,NH,3,U1,Unit1,What is special about Japanese pop culture?,Unit1 Read and Think2,"P14,P15",14,15,4,1,31,link,つなぐ,,0,,link,つなぐ,つなぐ,link,04.26NH3_KeyWords_U1_英日_問題.pdf,リングク,,link,link,,つなぐ,単語,0,原本保持
1687,ニューホライズン,NH,3,U1,Unit1,What is special about Japanese pop culture?,Unit1 Read and Think2,"P14,P15",14,15,4,1,32,movement,動き,,0,,movement,動き,動き,movement,04.26NH3_KeyWords_U1_英日_問題.pdf,ムヴマント,,movement,movement,,動き,単語,0,原本保持
1688,ニューホライズン,NH,3,U1,Unit1,What is special about Japanese pop culture?,Unit1 Read and Think2,"P14,P15",14,15,4,1,33,influence,~に影響を及ぼす,,0,,influence,~に影響を及ぼす,~に影響を及ぼす,influence,04.26NH3_KeyWords_U1_英日_問題.pdf,インフルンス,,influence,influence,,~に影響を及ぼす,単語,0,原本保持
1689,ニューホライズン,NH,3,U1,Unit1,What is special about Japanese pop culture?,Unit1 Read and Think2,"P14,P15",14,15,4,1,34,existence,"存在すること, 生存",,0,,existence,"存在すること, 生存","存在すること, 生存",existence,04.26NH3_KeyWords_U1_英日_問題.pdf,エッグジスタンス,,existence,existence,,"存在すること, 生存",単語,0,原本保持
1690,ニューホライズン,NH,3,U1,Unit1,What is special about Japanese pop culture?,Unit1 Read and Think2,"P14,P15",14,15,4,1,35,ignore,無視する,,0,,ignore,無視する,無視する,ignore,04.26NH3_KeyWords_U1_英日_問題.pdf,イッグノー,,ignore,ignore,,無視する,単語,0,原本保持
1691,ニューホライズン,NH,3,U1,Unit1,What is special about Japanese pop culture?,Unit1 Read and Think2,"P14,P15",14,15,4,1,36,entirely,"全く, すっかり",,0,,entirely,"全く, すっかり","全く, すっかり",entirely,04.26NH3_KeyWords_U1_英日_問題.pdf,インタイアーリ,,entirely,entirely,,"全く, すっかり",単語,0,原本保持
1692,ニューホライズン,NH,3,U1,Unit1,What is special about Japanese pop culture?,Unit1 Read and Think2,"P14,P15",14,15,4,1,37,express,~を表現する,,0,,express,~を表現する,~を表現する,express,04.26NH3_KeyWords_U1_英日_問題.pdf,イックスプレス,,express,express,,~を表現する,単語,0,原本保持
1693,ニューホライズン,NH,3,U1,Unit1,What is special about Japanese pop culture?,Unit1 Read and Think2,"P14,P15",14,15,4,1,38,advantage,"有利な点, 強み",,0,,advantage,"有利な点, 強み","有利な点, 強み",advantage,04.26NH3_KeyWords_U1_英日_問題.pdf,アッドヴァンティジ,,advantage,advantage,,"有利な点, 強み",単語,0,原本保持
1694,ニューホライズン,NH,3,U1,Unit1,What is special about Japanese pop culture?,Unit1 Read and Think2,"P14,P15",14,15,4,1,39,technique,"手法, テクニック",,0,,technique,"手法, テクニック","手法, テクニック",technique,04.26NH3_KeyWords_U1_英日_問題.pdf,テックニク,,technique,technique,,"手法, テクニック",単語,0,原本保持
1695,ニューホライズン,NH,3,U1,Unit1,What is special about Japanese pop culture?,Unit1 Read and Think2,"P14,P15",14,15,4,1,40,take advantage of ~,~を利用する,,0,,take advantage of ~,~を利用する,~を利用する,take advantage of ~,04.26NH3_KeyWords_U1_英日_問題.pdf,テイク アッドヴァンティジ オブ ～,,take advantage of ~,take advantage of ~,,~を利用する,表現,1,原本保持
1696,ニューホライズン,NH,3,U1,Unit1,What is special about Japanese pop culture?,Unit1 教科書本文,P10～P15,10,15,4,1,41,you,人は(だれでも),,0,,you,人は(だれでも),人は(だれでも),you,04.26NH3_KeyWords_U1_英日_問題.pdf,ユー,,you,you,,人は(だれでも),単語,0,原本保持
1697,ニューホライズン,NH,3,U1,Unit1,What is special about Japanese pop culture?,Unit1 教科書本文,P10～P15,10,15,4,1,42,around,あちこち,,0,,around,あちこち,あちこち,around,04.26NH3_KeyWords_U1_英日_問題.pdf,アラウンド,,around,around,,あちこち,単語,0,原本保持
1698,ニューホライズン,NH,3,U1,Unit1,What is special about Japanese pop culture?,Unit1 1～RT2,P9～P15,9,15,4,1,43,quality,"質, 品質",☆,1,,quality,"質, 品質","質, 品質",quality,04.26NH3_KeyWords_U1_英日_問題.pdf,クワラティ,,quality,quality,,"質, 品質",単語,0,原本保持
1699,ニューホライズン,NH,3,U1,Unit1,What is special about Japanese pop culture?,Unit1 1～RT2,P9～P15,9,15,4,1,44,influence,~に影響を及ぼす,☆,1,,influence,~に影響を及ぼす,~に影響を及ぼす,influence,04.26NH3_KeyWords_U1_英日_問題.pdf,インフルンス,,influence,influence,,~に影響を及ぼす,単語,0,原本保持
1700,ニューホライズン,NH,3,U1,Unit1,What is special about Japanese pop culture?,Unit1 1～RT2,P9～P15,9,15,4,1,45,positive,前向きな,☆,1,,positive,前向きな,前向きな,positive,04.26NH3_KeyWords_U1_英日_問題.pdf,パザティヴ,,positive,positive,,前向きな,単語,0,原本保持
1701,ニューホライズン,NH,3,U1,Unit1,What is special about Japanese pop culture?,Unit1 1～RT2,P9～P15,9,15,4,1,46,express,~を表現する,☆,1,,express,~を表現する,~を表現する,express,04.26NH3_KeyWords_U1_英日_問題.pdf,イックスプレス,,express,express,,~を表現する,単語,0,原本保持
1702,ニューホライズン,NH,3,U2,How,do you choose your clothes? Unit2,Unit2 Part1,"P19,P20",19,20,5,1,1,already,"すでに, もう",☆,1,,already,"すでに, もう","すでに, もう",already,05.26NH3_KeyWords_U2_英日_問題.pdf,オールレディ,,already,already,,"すでに, もう",単語,0,原本保持
1703,ニューホライズン,NH,3,U2,How,do you choose your clothes? Unit2,Unit2 Part1,"P19,P20",19,20,5,1,2,interview,"インタビューする, インタビュー",☆,1,,interview,"インタビューする, インタビュー","インタビューする, インタビュー",interview,05.26NH3_KeyWords_U2_英日_問題.pdf,インターヴユ,,interview,interview,,"インタビューする, インタビュー",単語,0,原本保持
1704,ニューホライズン,NH,3,U2,How,do you choose your clothes? Unit2,Unit2 Part1,"P19,P20",19,20,5,1,3,just,ちょうど,☆,1,,just,ちょうど,ちょうど,just,05.26NH3_KeyWords_U2_英日_問題.pdf,ジャスト,,just,just,,ちょうど,単語,0,原本保持
1705,ニューホライズン,NH,3,U2,How,do you choose your clothes? Unit2,Unit2 Part1,"P19,P20",19,20,5,1,4,message,"伝言, メッセージ",☆,1,,message,"伝言, メッセージ","伝言, メッセージ",message,05.26NH3_KeyWords_U2_英日_問題.pdf,メサジ,,message,message,,"伝言, メッセージ",単語,0,原本保持
1706,ニューホライズン,NH,3,U2,How,do you choose your clothes? Unit2,Unit2 Part1,"P19,P20",19,20,5,1,5,essay,"随筆, 評論",,0,,essay,"随筆, 評論","随筆, 評論",essay,05.26NH3_KeyWords_U2_英日_問題.pdf,エセイ,,essay,essay,,"随筆, 評論",単語,0,原本保持
1707,ニューホライズン,NH,3,U2,How,do you choose your clothes? Unit2,Unit2 Part1,"P19,P20",19,20,5,1,6,yet,"[疑問文で]もう, すでに [否定文で]まだ, 今のところは",☆,1,,yet,"[疑問文で]もう, すでに [否定文で]まだ, 今のところは","[疑問文で]もう, すでに [否定文で]まだ, 今のところは",yet,05.26NH3_KeyWords_U2_英日_問題.pdf,イェット,,yet,yet,,"[疑問文で]もう, すでに [否定文で]まだ, 今のところは",単語,0,原本保持
1708,ニューホライズン,NH,3,U2,How,do you choose your clothes? Unit2,Unit2 Part1,"P19,P20",19,20,5,1,7,designer,"デザイナー, 設計者",,0,,designer,"デザイナー, 設計者","デザイナー, 設計者",designer,05.26NH3_KeyWords_U2_英日_問題.pdf,ディザイナー,,designer,designer,,"デザイナー, 設計者",単語,0,原本保持
1709,ニューホライズン,NH,3,U2,How,do you choose your clothes? Unit2,Unit2 Part1,"P19,P20",19,20,5,1,8,sleep,"眠る, 寝ている",☆,1,,sleep,"眠る, 寝ている","眠る, 寝ている",sleep,05.26NH3_KeyWords_U2_英日_問題.pdf,スリプ,,sleep,sleep,,"眠る, 寝ている",単語,0,原本保持
1710,ニューホライズン,NH,3,U2,How,do you choose your clothes? Unit2,Unit2 Part1,"P19,P20",19,20,5,1,9,ethical,道徳的な,,0,,ethical,道徳的な,道徳的な,ethical,05.26NH3_KeyWords_U2_英日_問題.pdf,エシックル,,ethical,ethical,,道徳的な,単語,0,原本保持
1711,ニューホライズン,NH,3,U2,How,do you choose your clothes? Unit2,Unit2 Part1,"P19,P20",19,20,5,1,10,read-read-read,読む[原形-過去形-過去分詞形],☆,1,,read-read-read,読む[原形-過去形-過去分詞形],読む[原形-過去形-過去分詞形],read-read-read,05.26NH3_KeyWords_U2_英日_問題.pdf,リード・リード・リード,,read-read-read,read-read-read,,読む[原形-過去形-過去分詞形],単語,0,原本保持
1712,ニューホライズン,NH,3,U2,How,do you choose your clothes? Unit2,Unit2 Part2,P21,21,21,5,1,11,for ~,~の間,☆,1,,for ~,~の間,~の間,for ~,05.26NH3_KeyWords_U2_英日_問題.pdf,フォー ～,,for ~,for ~,,~の間,表現,1,原本保持
1713,ニューホライズン,NH,3,U2,How,do you choose your clothes? Unit2,Unit2 Part2,P21,21,21,5,1,12,introduce,~を導入する,,0,,introduce,~を導入する,~を導入する,introduce,05.26NH3_KeyWords_U2_英日_問題.pdf,イントラドゥス,,introduce,introduce,,~を導入する,単語,0,原本保持
1714,ニューホライズン,NH,3,U2,How,do you choose your clothes? Unit2,Unit2 Part2,P21,21,21,5,1,13,since ~,"~から, ~以来",☆,1,,since ~,"~から, ~以来","~から, ~以来",since ~,05.26NH3_KeyWords_U2_英日_問題.pdf,シンス ～,,since ~,since ~,,"~から, ~以来",表現,1,原本保持
1715,ニューホライズン,NH,3,U2,How,do you choose your clothes? Unit2,Unit2 Part2,P21,21,21,5,1,14,recycle,リサイクルする,,0,,recycle,リサイクルする,リサイクルする,recycle,05.26NH3_KeyWords_U2_英日_問題.pdf,リサイクル,,recycle,recycle,,リサイクルする,単語,0,原本保持
1716,ニューホライズン,NH,3,U2,How,do you choose your clothes? Unit2,Unit2 Part2,P21,21,21,5,1,15,How long ~?,どれくらい長く~ですか。,☆,1,,How long ~?,どれくらい長く~ですか。,どれくらい長く~ですか。,How long ~?,05.26NH3_KeyWords_U2_英日_問題.pdf,ハウ ロング ～,,How long ~?,How long ~?,,どれくらい長く~ですか。,表現,1,原本保持
1717,ニューホライズン,NH,3,U2,How,do you choose your clothes? Unit2,Unit2 Part2,P21,21,21,5,1,16,design,設計する,,0,,design,設計する,設計する,design,05.26NH3_KeyWords_U2_英日_問題.pdf,ディザイン,,design,design,,設計する,単語,0,原本保持
1718,ニューホライズン,NH,3,U2,How,do you choose your clothes? Unit2,Unit2 Part2,P21,21,21,5,1,17,impact,"影響, 衝撃",,0,,impact,"影響, 衝撃","影響, 衝撃",impact,05.26NH3_KeyWords_U2_英日_問題.pdf,イムパックト,,impact,impact,,"影響, 衝撃",単語,0,原本保持
1719,ニューホライズン,NH,3,U2,How,do you choose your clothes? Unit2,Unit2 Part2,P21,21,21,5,1,18,become-became-become,～になる[原形-過去形-過去分詞形],,0,,become-became-become,～になる[原形-過去形-過去分詞形],～になる[原形-過去形-過去分詞形],become-became-become,05.26NH3_KeyWords_U2_英日_問題.pdf,ビカム・ビケイム・ビカム,,become-became-become,become-became-become,,～になる[原形-過去形-過去分詞形],単語,0,原本保持
1720,ニューホライズン,NH,3,U2,How,do you choose your clothes? Unit2,Unit2 Part2,P21,21,21,5,1,19,accessory,"付属品, アクセサリー",,0,,accessory,"付属品, アクセサリー","付属品, アクセサリー",accessory,05.26NH3_KeyWords_U2_英日_問題.pdf,アックセサーイー,,accessory,accessory,,"付属品, アクセサリー",単語,0,原本保持
1721,ニューホライズン,NH,3,U2,How,do you choose your clothes? Unit2,Unit2 Part2,P21,21,21,5,1,20,call,電話をかける,,0,,call,電話をかける,電話をかける,call,05.26NH3_KeyWords_U2_英日_問題.pdf,コール,,call,call,,電話をかける,単語,0,原本保持
1722,ニューホライズン,NH,3,U2,How,do you choose your clothes? Unit2,"Unit2 Read and Think1, 2",P22～P25,22,25,5,1,21,company,会社,☆,1,,company,会社,会社,company,05.26NH3_KeyWords_U2_英日_問題.pdf,カムパニ,,company,company,,会社,単語,0,原本保持
1723,ニューホライズン,NH,3,U2,How,do you choose your clothes? Unit2,"Unit2 Read and Think1, 2",P22～P25,22,25,5,1,22,less,もっと少ない,,0,,less,もっと少ない,もっと少ない,less,05.26NH3_KeyWords_U2_英日_問題.pdf,レス,,less,less,,もっと少ない,単語,0,原本保持
1724,ニューホライズン,NH,3,U2,How,do you choose your clothes? Unit2,"Unit2 Read and Think1, 2",P22～P25,22,25,5,1,23,avoid ~ing,~することを避ける,☆,1,,avoid ~ing,~することを避ける,~することを避ける,avoid ~ing,05.26NH3_KeyWords_U2_英日_問題.pdf,アヴォイド ～イング,,avoid ~ing,avoid ~ing,,~することを避ける,表現,1,原本保持
1725,ニューホライズン,NH,3,U2,How,do you choose your clothes? Unit2,"Unit2 Read and Think1, 2",P22～P25,22,25,5,1,24,you've,you haveの短縮形,,0,,you've,you haveの短縮形,you haveの短縮形,you've,05.26NH3_KeyWords_U2_英日_問題.pdf,ユヴ,,you've,you've,,you haveの短縮形,短縮形,0,原本保持
1726,ニューホライズン,NH,3,U2,How,do you choose your clothes? Unit2,"Unit2 Read and Think1, 2",P22～P25,22,25,5,1,25,lead,通じる,,0,,lead,通じる,通じる,lead,05.26NH3_KeyWords_U2_英日_問題.pdf,レッド,,lead,lead,,通じる,単語,0,原本保持
1727,ニューホライズン,NH,3,U2,How,do you choose your clothes? Unit2,"Unit2 Read and Think1, 2",P22～P25,22,25,5,1,26,moreover,"なおそのうえに, さらに",☆,1,,moreover,"なおそのうえに, さらに","なおそのうえに, さらに",moreover,05.26NH3_KeyWords_U2_英日_問題.pdf,モロヴァー,,moreover,moreover,,"なおそのうえに, さらに",単語,0,原本保持
1728,ニューホライズン,NH,3,U2,How,do you choose your clothes? Unit2,"Unit2 Read and Think1, 2",P22～P25,22,25,5,1,27,include,"含む, 含める",,0,,include,"含む, 含める","含む, 含める",include,05.26NH3_KeyWords_U2_英日_問題.pdf,インクルド,,include,include,,"含む, 含める",単語,0,原本保持
1729,ニューホライズン,NH,3,U2,How,do you choose your clothes? Unit2,"Unit2 Read and Think1, 2",P22～P25,22,25,5,1,28,prohibit,禁止する,,0,,prohibit,禁止する,禁止する,prohibit,05.26NH3_KeyWords_U2_英日_問題.pdf,プロヒバット,,prohibit,prohibit,,禁止する,単語,0,原本保持
1730,ニューホライズン,NH,3,U2,How,do you choose your clothes? Unit2,"Unit2 Read and Think1, 2",P22～P25,22,25,5,1,29,wool,"羊毛, 毛糸",,0,,wool,"羊毛, 毛糸","羊毛, 毛糸",wool,05.26NH3_KeyWords_U2_英日_問題.pdf,ウル,,wool,wool,,"羊毛, 毛糸",単語,0,原本保持
1731,ニューホライズン,NH,3,U2,How,do you choose your clothes? Unit2,"Unit2 Read and Think1, 2",P22～P25,22,25,5,1,30,worker,労働者,,0,,worker,労働者,労働者,worker,05.26NH3_KeyWords_U2_英日_問題.pdf,ワーカー,,worker,worker,,労働者,単語,0,原本保持
1732,ニューホライズン,NH,3,U2,How,do you choose your clothes? Unit2,"Unit2 Read and Think1, 2",P22～P25,22,25,5,1,31,use,使用,,0,,use,使用,使用,use,05.26NH3_KeyWords_U2_英日_問題.pdf,ユーズ,,use,use,,使用,単語,0,原本保持
1733,ニューホライズン,NH,3,U2,How,do you choose your clothes? Unit2,"Unit2 Read and Think1, 2",P22～P25,22,25,5,1,32,wage,賃金,,0,,wage,賃金,賃金,wage,05.26NH3_KeyWords_U2_英日_問題.pdf,ウェイジ,,wage,wage,,賃金,単語,0,原本保持
1734,ニューホライズン,NH,3,U2,How,do you choose your clothes? Unit2,"Unit2 Read and Think1, 2",P22～P25,22,25,5,1,33,leather,"革, 革製品",,0,,leather,"革, 革製品","革, 革製品",leather,05.26NH3_KeyWords_U2_英日_問題.pdf,レザー,,leather,leather,,"革, 革製品",単語,0,原本保持
1735,ニューホライズン,NH,3,U2,How,do you choose your clothes? Unit2,"Unit2 Read and Think1, 2",P22～P25,22,25,5,1,34,labor,労働,,0,,labor,労働,労働,labor,05.26NH3_KeyWords_U2_英日_問題.pdf,レイバー,,labor,labor,,労働,単語,0,原本保持
1736,ニューホライズン,NH,3,U2,How,do you choose your clothes? Unit2,"Unit2 Read and Think1, 2",P22～P25,22,25,5,1,35,fur,"毛皮, 毛皮製品",,0,,fur,"毛皮, 毛皮製品","毛皮, 毛皮製品",fur,05.26NH3_KeyWords_U2_英日_問題.pdf,ファー,,fur,fur,,"毛皮, 毛皮製品",単語,0,原本保持
1737,ニューホライズン,NH,3,U2,How,do you choose your clothes? Unit2,"Unit2 Read and Think1, 2",P22～P25,22,25,5,1,36,condition,状況,,0,,condition,状況,状況,condition,05.26NH3_KeyWords_U2_英日_問題.pdf,カンディシャン,,condition,condition,,状況,単語,0,原本保持
1738,ニューホライズン,NH,3,U2,How,do you choose your clothes? Unit2,"Unit2 Read and Think1, 2",P22～P25,22,25,5,1,37,clothing,[単数あつかいで]衣類,,0,,clothing,[単数あつかいで]衣類,[単数あつかいで]衣類,clothing,05.26NH3_KeyWords_U2_英日_問題.pdf,クロジング,,clothing,clothing,,[単数あつかいで]衣類,単語,0,原本保持
1739,ニューホライズン,NH,3,U2,How,do you choose your clothes? Unit2,"Unit2 Read and Think1, 2",P22～P25,22,25,5,1,38,responsible,責任がある,,0,,responsible,責任がある,責任がある,responsible,05.26NH3_KeyWords_U2_英日_問題.pdf,リスパンサッブル,,responsible,responsible,,責任がある,単語,0,原本保持
1740,ニューホライズン,NH,3,U2,How,do you choose your clothes? Unit2,"Unit2 Read and Think1, 2",P22～P25,22,25,5,1,39,chemical,化学物質,,0,,chemical,化学物質,化学物質,chemical,05.26NH3_KeyWords_U2_英日_問題.pdf,ケマックル,,chemical,chemical,,化学物質,単語,0,原本保持
1741,ニューホライズン,NH,3,U2,How,do you choose your clothes? Unit2,"Unit2 Read and Think1, 2",P22～P25,22,25,5,1,40,low,"低い, 小さい",,0,,low,"低い, 小さい","低い, 小さい",low,05.26NH3_KeyWords_U2_英日_問題.pdf,ロ,,low,low,,"低い, 小さい",単語,0,原本保持
1742,ニューホライズン,NH,3,U2,How,do you choose your clothes? Unit2,"Unit2 Read and Think1, 2",P22～P25,22,25,5,1,41,negative,否定的な,,0,,negative,否定的な,否定的な,negative,05.26NH3_KeyWords_U2_英日_問題.pdf,ネガティヴ,,negative,negative,,否定的な,単語,0,原本保持
1743,ニューホライズン,NH,3,U2,How,do you choose your clothes? Unit2,"Unit2 Read and Think1, 2",P22～P25,22,25,5,1,42,fair,公平な,,0,,fair,公平な,公平な,fair,05.26NH3_KeyWords_U2_英日_問題.pdf,フェー,,fair,fair,,公平な,単語,0,原本保持
1744,ニューホライズン,NH,3,U2,Unit2 How,do you choose your clothes?,Unit2 教科書本文,P20～P25,20,25,5,2,43,eco-friendly,環境にやさしい,,0,,eco-friendly,環境にやさしい,環境にやさしい,eco-friendly,05.26NH3_KeyWords_U2_英日_問題.pdf,イーコ・フレンドリ,,eco-friendly,eco-friendly,,環境にやさしい,単語,0,原本保持
1745,ニューホライズン,NH,3,U2,Unit2 How,do you choose your clothes?,Unit2 教科書本文,P20～P25,20,25,5,2,44,morally,"道徳上, 倫理的に",,0,,morally,"道徳上, 倫理的に","道徳上, 倫理的に",morally,05.26NH3_KeyWords_U2_英日_問題.pdf,モラリ,,morally,morally,,"道徳上, 倫理的に",単語,0,原本保持
1746,ニューホライズン,NH,3,U2,Unit2 How,do you choose your clothes?,Unit2 教科書本文,P20～P25,20,25,5,2,45,animal-free,動物性原料を含んでいない,,0,,animal-free,動物性原料を含んでいない,動物性原料を含んでいない,animal-free,05.26NH3_KeyWords_U2_英日_問題.pdf,アニマル・フリー,,animal-free,animal-free,,動物性原料を含んでいない,単語,0,原本保持
1747,ニューホライズン,NH,3,U2,Unit2 How,do you choose your clothes?,Unit2 教科書本文,P20～P25,20,25,5,2,46,shop,買い物をする,,0,,shop,買い物をする,買い物をする,shop,05.26NH3_KeyWords_U2_英日_問題.pdf,シャプ,,shop,shop,,買い物をする,単語,0,原本保持
1748,ニューホライズン,NH,3,U2,Unit2 How,do you choose your clothes?,Unit2 教科書本文,P20～P25,20,25,5,2,47,vegan,絶対菜食主義者,,0,,vegan,絶対菜食主義者,絶対菜食主義者,vegan,05.26NH3_KeyWords_U2_英日_問題.pdf,ヴェガン,,vegan,vegan,,絶対菜食主義者,単語,0,原本保持
1749,ニューホライズン,NH,3,U2,Unit2 How,do you choose your clothes?,Unit2 教科書本文,P20～P25,20,25,5,2,48,the planet,地球,,0,,the planet,地球,地球,the planet,05.26NH3_KeyWords_U2_英日_問題.pdf,ザ プラナット,,the planet,the planet,,地球,複数語,1,原本保持
1750,ニューホライズン,NH,3,U2,Unit2 How,do you choose your clothes?,Unit2 教科書本文,P20～P25,20,25,5,2,49,hour,"勤務時間, 授業時間",,0,,hour,"勤務時間, 授業時間","勤務時間, 授業時間",hour,05.26NH3_KeyWords_U2_英日_問題.pdf,アワー,,hour,hour,,"勤務時間, 授業時間",単語,0,原本保持
1751,ニューホライズン,NH,3,U2,Unit2 How,do you choose your clothes?,Unit2 教科書本文,P20～P25,20,25,5,2,50,vegan leather,ヴィーガンレザー(非動物性の材料で作られた素材),,0,,vegan leather,ヴィーガンレザー(非動物性の材料で作られた素材),ヴィーガンレザー(非動物性の材料で作られた素材),vegan leather,05.26NH3_KeyWords_U2_英日_問題.pdf,ヴェガン レザー,,vegan leather,vegan leather,,ヴィーガンレザー(非動物性の材料で作られた素材),複数語,1,原本保持
1752,ニューホライズン,NH,3,U2,Unit2 How,do you choose your clothes?,Unit2 教科書本文,P20～P25,20,25,5,2,51,developing,発展途上の,,0,,developing,発展途上の,発展途上の,developing,05.26NH3_KeyWords_U2_英日_問題.pdf,ディヴェラピング,,developing,developing,,発展途上の,単語,0,原本保持
1753,ニューホライズン,NH,3,U2,Unit2 How,do you choose your clothes?,Unit2 1～RT2,P19～P25,19,25,5,2,52,recycle,リサイクルする,☆,1,,recycle,リサイクルする,リサイクルする,recycle,05.26NH3_KeyWords_U2_英日_問題.pdf,リサイクル,,recycle,recycle,,リサイクルする,単語,0,原本保持
1754,ニューホライズン,NH,3,U2,Unit2 How,do you choose your clothes?,Unit2 1～RT2,P19～P25,19,25,5,2,53,condition,状況,☆,1,,condition,状況,状況,condition,05.26NH3_KeyWords_U2_英日_問題.pdf,カンディシャン,,condition,condition,,状況,単語,0,原本保持
1755,ニューホライズン,NH,3,U2,Unit2 How,do you choose your clothes?,Unit2 1～RT2,P19～P25,19,25,5,2,54,include,"含む, 含める",☆,1,,include,"含む, 含める","含む, 含める",include,05.26NH3_KeyWords_U2_英日_問題.pdf,インクルド,,include,include,,"含む, 含める",単語,0,原本保持
1756,ニューホライズン,NH,3,U3,How,can we save animals? Unit3,Unit3 Part1,"P31,P32",31,32,6,1,1,trouble,"困難, 面倒",☆,1,,trouble,"困難, 面倒","困難, 面倒",trouble,06.26NH3_KeyWords_U3_英日_問題.pdf,トラッブル,,trouble,trouble,,"困難, 面倒",単語,0,原本保持
1757,ニューホライズン,NH,3,U3,How,can we save animals? Unit3,Unit3 Part1,"P31,P32",31,32,6,1,2,change,変化,,0,,change,変化,変化,change,06.26NH3_KeyWords_U3_英日_問題.pdf,チェンジ,,change,change,,変化,単語,0,原本保持
1758,ニューホライズン,NH,3,U3,How,can we save animals? Unit3,Unit3 Part1,"P31,P32",31,32,6,1,3,human,"人間の, 人間的な",☆,1,,human,"人間の, 人間的な","人間の, 人間的な",human,06.26NH3_KeyWords_U3_英日_問題.pdf,ヒュマン,,human,human,,"人間の, 人間的な",単語,0,原本保持
1759,ニューホライズン,NH,3,U3,How,can we save animals? Unit3,Unit3 Part1,"P31,P32",31,32,6,1,4,challenge,難問,,0,,challenge,難問,難問,challenge,06.26NH3_KeyWords_U3_英日_問題.pdf,チャランジ,,challenge,challenge,,難問,単語,0,原本保持
1760,ニューホライズン,NH,3,U3,How,can we save animals? Unit3,Unit3 Part1,"P31,P32",31,32,6,1,5,be in danger of ~,"~の危険がある, 危険にさらされている",☆,1,,be in danger of ~,"~の危険がある, 危険にさらされている","~の危険がある, 危険にさらされている",be in danger of ~,06.26NH3_KeyWords_U3_英日_問題.pdf,ビー イン デインジャー オブ ～,,be in danger of ~,be in danger of ~,,"~の危険がある, 危険にさらされている",表現,1,原本保持
1761,ニューホライズン,NH,3,U3,How,can we save animals? Unit3,Unit3 Part1,"P31,P32",31,32,6,1,6,endangered,絶滅の危機にさらされている,,0,,endangered,絶滅の危機にさらされている,絶滅の危機にさらされている,endangered,06.26NH3_KeyWords_U3_英日_問題.pdf,エンデインジャード,,endangered,endangered,,絶滅の危機にさらされている,単語,0,原本保持
1762,ニューホライズン,NH,3,U3,How,can we save animals? Unit3,Unit3 Part1,"P31,P32",31,32,6,1,7,survive,生き残る,,0,,survive,生き残る,生き残る,survive,06.26NH3_KeyWords_U3_英日_問題.pdf,サーヴァイヴ,,survive,survive,,生き残る,単語,0,原本保持
1763,ニューホライズン,NH,3,U3,How,can we save animals? Unit3,Unit3 Part1,"P31,P32",31,32,6,1,8,or,そうしなければ,,0,,or,そうしなければ,そうしなければ,or,06.26NH3_KeyWords_U3_英日_問題.pdf,オア,,or,or,,そうしなければ,単語,0,原本保持
1764,ニューホライズン,NH,3,U3,How,can we save animals? Unit3,Unit3 Part1,"P31,P32",31,32,6,1,9,extinction,絶滅,,0,,extinction,絶滅,絶滅,extinction,06.26NH3_KeyWords_U3_英日_問題.pdf,イックスティングクシャン,,extinction,extinction,,絶滅,単語,0,原本保持
1765,ニューホライズン,NH,3,U3,How,can we save animals? Unit3,Unit3 Part2,P33,33,33,6,1,10,want A to B,AにBしてほしい,☆,1,,want A to B,AにBしてほしい,AにBしてほしい,want A to B,06.26NH3_KeyWords_U3_英日_問題.pdf,ウォント エイ トゥ ビー,,want A to B,want A to B,,AにBしてほしい,複数語,1,原本保持
1766,ニューホライズン,NH,3,U3,How,can we save animals? Unit3,Unit3 Part2,P33,33,33,6,1,11,article,記事,☆,1,,article,記事,記事,article,06.26NH3_KeyWords_U3_英日_問題.pdf,アータックル,,article,article,,記事,単語,0,原本保持
1767,ニューホライズン,NH,3,U3,How,can we save animals? Unit3,Unit3 Part2,P33,33,33,6,1,12,ask A to B,AにBするように頼む,☆,1,,ask A to B,AにBするように頼む,AにBするように頼む,ask A to B,06.26NH3_KeyWords_U3_英日_問題.pdf,アスク エイ トゥ ビー,,ask A to B,ask A to B,,AにBするように頼む,複数語,1,原本保持
1768,ニューホライズン,NH,3,U3,How,can we save animals? Unit3,Unit3 Part2,P33,33,33,6,1,13,hear of ~,~について聞く,☆,1,,hear of ~,~について聞く,~について聞く,hear of ~,06.26NH3_KeyWords_U3_英日_問題.pdf,ヒア オブ ～,,hear of ~,hear of ~,,~について聞く,表現,1,原本保持
1769,ニューホライズン,NH,3,U3,How,can we save animals? Unit3,Unit3 Part2,P33,33,33,6,1,14,tell A to B,AにBするように言う,☆,1,,tell A to B,AにBするように言う,AにBするように言う,tell A to B,06.26NH3_KeyWords_U3_英日_問題.pdf,テル エイ トゥ ビー,,tell A to B,tell A to B,,AにBするように言う,複数語,1,原本保持
1770,ニューホライズン,NH,3,U3,How,can we save animals? Unit3,Unit3 Part2,P33,33,33,6,1,15,list,"表, リスト",,0,,list,"表, リスト","表, リスト",list,06.26NH3_KeyWords_U3_英日_問題.pdf,リスト,,list,list,,"表, リスト",単語,0,原本保持
1771,ニューホライズン,NH,3,U3,How,can we save animals? Unit3,Unit3 Part2,P33,33,33,6,1,16,hear-heard-heard,聞こえる[原形-過去形-過去分詞形],☆,1,,hear-heard-heard,聞こえる[原形-過去形-過去分詞形],聞こえる[原形-過去形-過去分詞形],hear-heard-heard,06.26NH3_KeyWords_U3_英日_問題.pdf,ヒア・ハード・ハード,,hear-heard-heard,hear-heard-heard,,聞こえる[原形-過去形-過去分詞形],単語,0,原本保持
1772,ニューホライズン,NH,3,U3,How,can we save animals? Unit3,"Unit3 Read and Think1, 2",P34～P37,34,37,6,1,17,let,~させる,☆,1,,let,~させる,~させる,let,06.26NH3_KeyWords_U3_英日_問題.pdf,レット,,let,let,,~させる,単語,0,原本保持
1773,ニューホライズン,NH,3,U3,How,can we save animals? Unit3,"Unit3 Read and Think1, 2",P34～P37,34,37,6,1,18,rapidly,"速く, 急速に",,0,,rapidly,"速く, 急速に","速く, 急速に",rapidly,06.26NH3_KeyWords_U3_英日_問題.pdf,ラパッドリ,,rapidly,rapidly,,"速く, 急速に",単語,0,原本保持
1774,ニューホライズン,NH,3,U3,How,can we save animals? Unit3,"Unit3 Read and Think1, 2",P34～P37,34,37,6,1,19,as a result,結果として,☆,1,,as a result,結果として,結果として,as a result,06.26NH3_KeyWords_U3_英日_問題.pdf,アズ ア リザルト,,as a result,as a result,,結果として,複数語,1,原本保持
1775,ニューホライズン,NH,3,U3,How,can we save animals? Unit3,"Unit3 Read and Think1, 2",P34～P37,34,37,6,1,20,research,"研究, 調査",☆,1,,research,"研究, 調査","研究, 調査",research,06.26NH3_KeyWords_U3_英日_問題.pdf,リサーチ,,research,research,,"研究, 調査",単語,0,原本保持
1776,ニューホライズン,NH,3,U3,How,can we save animals? Unit3,"Unit3 Read and Think1, 2",P34～P37,34,37,6,1,21,decide to ~,~しようと決心する,☆,1,,decide to ~,~しようと決心する,~しようと決心する,decide to ~,06.26NH3_KeyWords_U3_英日_問題.pdf,ディサイド トゥ ～,,decide to ~,decide to ~,,~しようと決心する,表現,1,原本保持
1777,ニューホライズン,NH,3,U3,How,can we save animals? Unit3,"Unit3 Read and Think1, 2",P34～P37,34,37,6,1,22,action,"アクション, 行動",☆,1,,action,"アクション, 行動","アクション, 行動",action,06.26NH3_KeyWords_U3_英日_問題.pdf,アックシャン,,action,action,,"アクション, 行動",単語,0,原本保持
1778,ニューホライズン,NH,3,U3,How,can we save animals? Unit3,"Unit3 Read and Think1, 2",P34～P37,34,37,6,1,23,shock,~に衝撃をあたえる,,0,,shock,~に衝撃をあたえる,~に衝撃をあたえる,shock,06.26NH3_KeyWords_U3_英日_問題.pdf,シャク,,shock,shock,,~に衝撃をあたえる,単語,0,原本保持
1779,ニューホライズン,NH,3,U3,How,can we save animals? Unit3,"Unit3 Read and Think1, 2",P34～P37,34,37,6,1,24,relate,関係させる,,0,,relate,関係させる,関係させる,relate,06.26NH3_KeyWords_U3_英日_問題.pdf,リレイト,,relate,relate,,関係させる,単語,0,原本保持
1780,ニューホライズン,NH,3,U3,How,can we save animals? Unit3,"Unit3 Read and Think1, 2",P34～P37,34,37,6,1,25,increase,"増える, 増加する",,0,,increase,"増える, 増加する","増える, 増加する",increase,06.26NH3_KeyWords_U3_英日_問題.pdf,インクリス,,increase,increase,,"増える, 増加する",単語,0,原本保持
1781,ニューホライズン,NH,3,U3,How,can we save animals? Unit3,"Unit3 Read and Think1, 2",P34～P37,34,37,6,1,26,categorize,分類する,,0,,categorize,分類する,分類する,categorize,06.26NH3_KeyWords_U3_英日_問題.pdf,カタガーアイズ,,categorize,categorize,,分類する,単語,0,原本保持
1782,ニューホライズン,NH,3,U3,How,can we save animals? Unit3,"Unit3 Read and Think1, 2",P34～P37,34,37,6,1,27,end,~を終える,,0,,end,~を終える,~を終える,end,06.26NH3_KeyWords_U3_英日_問題.pdf,エンド,,end,end,,~を終える,単語,0,原本保持
1783,ニューホライズン,NH,3,U3,How,can we save animals? Unit3,"Unit3 Read and Think1, 2",P34～P37,34,37,6,1,28,traffic accident,交通事故,,0,,traffic accident,交通事故,交通事故,traffic accident,06.26NH3_KeyWords_U3_英日_問題.pdf,トラフィック アックサダント,,traffic accident,traffic accident,,交通事故,複数語,1,原本保持
1784,ニューホライズン,NH,3,U3,How,can we save animals? Unit3,"Unit3 Read and Think1, 2",P34～P37,34,37,6,1,29,spill,流出,,0,,spill,流出,流出,spill,06.26NH3_KeyWords_U3_英日_問題.pdf,スピル,,spill,spill,,流出,単語,0,原本保持
1785,ニューホライズン,NH,3,U3,How,can we save animals? Unit3,"Unit3 Read and Think1, 2",P34～P37,34,37,6,1,30,ecosystem,生態系,,0,,ecosystem,生態系,生態系,ecosystem,06.26NH3_KeyWords_U3_英日_問題.pdf,イーコシスタム,,ecosystem,ecosystem,,生態系,単語,0,原本保持
1786,ニューホライズン,NH,3,U3,How,can we save animals? Unit3,"Unit3 Read and Think1, 2",P34～P37,34,37,6,1,31,population,"人口, 個体数",,0,,population,"人口, 個体数","人口, 個体数",population,06.26NH3_KeyWords_U3_英日_問題.pdf,パプヤレイシャン,,population,population,,"人口, 個体数",単語,0,原本保持
1787,ニューホライズン,NH,3,U3,How,can we save animals? Unit3,"Unit3 Read and Think1, 2",P34～P37,34,37,6,1,32,decrease,減少,,0,,decrease,減少,減少,decrease,06.26NH3_KeyWords_U3_英日_問題.pdf,ディクリス,,decrease,decrease,,減少,単語,0,原本保持
1788,ニューホライズン,NH,3,U3,How,can we save animals? Unit3,"Unit3 Read and Think1, 2",P34～P37,34,37,6,1,33,oil,"油, 石油",,0,,oil,"油, 石油","油, 石油",oil,06.26NH3_KeyWords_U3_英日_問題.pdf,オイル,,oil,oil,,"油, 石油",単語,0,原本保持
1789,ニューホライズン,NH,3,U3,How,can we save animals? Unit3,"Unit3 Read and Think1, 2",P34～P37,34,37,6,1,34,citizen,市民,,0,,citizen,市民,市民,citizen,06.26NH3_KeyWords_U3_英日_問題.pdf,シタザン,,citizen,citizen,,市民,単語,0,原本保持
1790,ニューホライズン,NH,3,U3,How,can we save animals? Unit3,"Unit3 Read and Think1, 2",P34～P37,34,37,6,1,35,hunting,狩り,,0,,hunting,狩り,狩り,hunting,06.26NH3_KeyWords_U3_英日_問題.pdf,ハンティング,,hunting,hunting,,狩り,単語,0,原本保持
1791,ニューホライズン,NH,3,U3,How,can we save animals? Unit3,"Unit3 Read and Think1, 2",P34～P37,34,37,6,1,36,small,"少ない, わずかな",,0,,small,"少ない, わずかな","少ない, わずかな",small,06.26NH3_KeyWords_U3_英日_問題.pdf,スモール,,small,small,,"少ない, わずかな",単語,0,原本保持
1792,ニューホライズン,NH,3,U3,How,can we save animals? Unit3,"Unit3 Read and Think1, 2",P34～P37,34,37,6,1,37,century,"世紀, 100年",,0,,century,"世紀, 100年","世紀, 100年",century,06.26NH3_KeyWords_U3_英日_問題.pdf,センチャーイー,,century,century,,"世紀, 100年",単語,0,原本保持
1793,ニューホライズン,NH,3,U3,How,can we save animals? Unit3,"Unit3 Read and Think1, 2",P34～P37,34,37,6,1,38,native,"固有の, 原産の",,0,,native,"固有の, 原産の","固有の, 原産の",native,06.26NH3_KeyWords_U3_英日_問題.pdf,ネイティヴ,,native,native,,"固有の, 原産の",単語,0,原本保持
1794,ニューホライズン,NH,3,U3,How,can we save animals? Unit3,"Unit3 Read and Think1, 2",P34～P37,34,37,6,1,39,beginning,最初の部分,,0,,beginning,最初の部分,最初の部分,beginning,06.26NH3_KeyWords_U3_英日_問題.pdf,ビギニング,,beginning,beginning,,最初の部分,単語,0,原本保持
1795,ニューホライズン,NH,3,U3,How,can we save animals? Unit3,"Unit3 Read and Think1, 2",P34～P37,34,37,6,1,40,critically,危機的な,,0,,critically,危機的な,危機的な,critically,06.26NH3_KeyWords_U3_英日_問題.pdf,クリティックアリ,,critically,critically,,危機的な,単語,0,原本保持
1796,ニューホライズン,NH,3,U3,How,can we save animals? Unit3,"Unit3 Read and Think1, 2",P34～P37,34,37,6,1,41,safely,安全に,,0,,safely,安全に,安全に,safely,06.26NH3_KeyWords_U3_英日_問題.pdf,セイフリ,,safely,safely,,安全に,単語,0,原本保持
1797,ニューホライズン,NH,3,U3,How,can we save animals? Unit3,Unit3 教科書本文,P32～P37,32,37,6,1,42,sea otter,ラッコ,,0,,sea otter,ラッコ,ラッコ,sea otter,06.26NH3_KeyWords_U3_英日_問題.pdf,シ アター,,sea otter,sea otter,,ラッコ,複数語,1,原本保持
1798,ニューホライズン,NH,3,U3,How,can we save animals? Unit3,Unit3 教科書本文,P32～P37,32,37,6,1,43,overhunting,乱獲,,0,,overhunting,乱獲,乱獲,overhunting,06.26NH3_KeyWords_U3_英日_問題.pdf,オーバーハンティング,,overhunting,overhunting,,乱獲,単語,0,原本保持
1799,ニューホライズン,NH,3,U3,How,can we save animals? Unit3,Unit3 教科書本文,P32～P37,32,37,6,1,44,cheetah,チーター,,0,,cheetah,チーター,チーター,cheetah,06.26NH3_KeyWords_U3_英日_問題.pdf,チタ,,cheetah,cheetah,,チーター,単語,0,原本保持
1800,ニューホライズン,NH,3,U3,How,can we save animals? Unit3,Unit3 教科書本文,P32～P37,32,37,6,1,45,logging,伐採,,0,,logging,伐採,伐採,logging,06.26NH3_KeyWords_U3_英日_問題.pdf,ロギング,,logging,logging,,伐採,単語,0,原本保持
1801,ニューホライズン,NH,3,U3,How,can we save animals? Unit3,Unit3 教科書本文,P32～P37,32,37,6,1,46,killer whale,シャチ,,0,,killer whale,シャチ,シャチ,killer whale,06.26NH3_KeyWords_U3_英日_問題.pdf,キラー ウェイール,,killer whale,killer whale,,シャチ,複数語,1,原本保持
1802,ニューホライズン,NH,3,U3,How,can we save animals? Unit3,Unit3 教科書本文,P32～P37,32,37,6,1,47,human being,人間(全体),,0,,human being,人間(全体),人間(全体),human being,06.26NH3_KeyWords_U3_英日_問題.pdf,ヒュマン ビーイング,,human being,human being,,人間(全体),複数語,1,原本保持
1803,ニューホライズン,NH,3,U3,Unit3 How,can we save animals?,Unit3 1～RT2,P31～P37,31,37,6,2,48,survive,生き残る,☆,1,,survive,生き残る,生き残る,survive,06.26NH3_KeyWords_U3_英日_問題.pdf,サーヴァイヴ,,survive,survive,,生き残る,単語,0,原本保持
1804,ニューホライズン,NH,3,U3,Unit3 How,can we save animals?,Unit3 1～RT2,P31～P37,31,37,6,2,49,decrease,減少,☆,1,,decrease,減少,減少,decrease,06.26NH3_KeyWords_U3_英日_問題.pdf,ディクリス,,decrease,decrease,,減少,単語,0,原本保持
1805,ニューホライズン,NH,3,U3,Unit3 How,can we save animals?,Unit3 1～RT2,P31～P37,31,37,6,2,50,increase,"増える, 増加する",☆,1,,increase,"増える, 増加する","増える, 増加する",increase,06.26NH3_KeyWords_U3_英日_問題.pdf,インクリス,,increase,increase,,"増える, 増加する",単語,0,原本保持
1806,ニューホライズン,NH,3,U3,Unit3 How,can we save animals?,Unit3 1～RT2,P31～P37,31,37,6,2,51,relate,関係させる,☆,1,,relate,関係させる,関係させる,relate,06.26NH3_KeyWords_U3_英日_問題.pdf,リレイト,,relate,relate,,関係させる,単語,0,原本保持
1807,ニューホライズン,NH,3,U3,Unit3 How,can we save animals?,Real Life English 3 グラフや表の活用-レポート-,P39,39,39,6,2,52,reach,"~に達する, 到着する",☆,1,,reach,"~に達する, 到着する","~に達する, 到着する",reach,06.26NH3_KeyWords_U3_英日_問題.pdf,リチ,,reach,reach,,"~に達する, 到着する",単語,0,原本保持
1808,ニューホライズン,NH,3,U3,Unit3 How,can we save animals?,Real Life English 3 グラフや表の活用-レポート-,P39,39,39,6,2,53,past,過去の,,0,,past,過去の,過去の,past,06.26NH3_KeyWords_U3_英日_問題.pdf,パスト,,past,past,,過去の,単語,0,原本保持
1809,ニューホライズン,NH,3,U3,Unit3 How,can we save animals?,Real Life English 3 グラフや表の活用-レポート-,P39,39,39,6,2,54,continue,~を続ける,☆,1,,continue,~を続ける,~を続ける,continue,06.26NH3_KeyWords_U3_英日_問題.pdf,カンティンユ,,continue,continue,,~を続ける,単語,0,原本保持
1810,ニューホライズン,NH,3,U3,Unit3 How,can we save animals?,Real Life English 3 グラフや表の活用-レポート-,P39,39,39,6,2,55,nowadays,このごろは,,0,,nowadays,このごろは,このごろは,nowadays,06.26NH3_KeyWords_U3_英日_問題.pdf,ナウアデイズ,,nowadays,nowadays,,このごろは,単語,0,原本保持
1811,ニューホライズン,NH,3,U3,Unit3 How,can we save animals?,Real Life English 3 グラフや表の活用-レポート-,P39,39,39,6,2,56,release,~を放す,,0,,release,~を放す,~を放す,release,06.26NH3_KeyWords_U3_英日_問題.pdf,リリス,,release,release,,~を放す,単語,0,原本保持
1812,ニューホライズン,NH,3,U3,Unit3 How,can we save animals?,Real Life English 3 グラフや表の活用-レポート-,P39,39,39,6,2,57,the wild,野生,,0,,the wild,野生,野生,the wild,06.26NH3_KeyWords_U3_英日_問題.pdf,ザ ワイルド,,the wild,the wild,,野生,複数語,1,原本保持
1813,ニューホライズン,NH,3,U3,Unit3 How,can we save animals?,Real Life English 3 グラフや表の活用-レポート-,P39,39,39,6,2,58,breed,"~を飼育する, 繫殖する",,0,,breed,"~を飼育する, 繫殖する","~を飼育する, 繫殖する",breed,06.26NH3_KeyWords_U3_英日_問題.pdf,ブリド,,breed,breed,,"~を飼育する, 繫殖する",単語,0,原本保持
1814,ニューホライズン,NH,3,U3,Unit3 How,can we save animals?,Stage Activity 1 Discover Japan,"P42,P43",42,43,6,2,59,a piece of ~,"1つ[1個, 1本, 1枚]の~",☆,1,,a piece of ~,"1つ[1個, 1本, 1枚]の~","1つ[1個, 1本, 1枚]の~",a piece of ~,06.26NH3_KeyWords_U3_英日_問題.pdf,ア ピス オブ ～,,a piece of ~,a piece of ~,,"1つ[1個, 1本, 1枚]の~",表現,1,原本保持
1815,ニューホライズン,NH,3,U3,Unit3 How,can we save animals?,Stage Activity 1 Discover Japan,"P42,P43",42,43,6,2,60,item,品目,,0,,item,品目,品目,item,06.26NH3_KeyWords_U3_英日_問題.pdf,アイタム,,item,item,,品目,単語,0,原本保持
1816,ニューホライズン,NH,3,U3,Unit3 How,can we save animals?,Stage Activity 1 Discover Japan,"P42,P43",42,43,6,2,61,instead of ~,~のかわりに,☆,1,,instead of ~,~のかわりに,~のかわりに,instead of ~,06.26NH3_KeyWords_U3_英日_問題.pdf,インステッド オブ ～,,instead of ~,instead of ~,,~のかわりに,表現,1,原本保持
1817,ニューホライズン,NH,3,U3,Unit3 How,can we save animals?,Stage Activity 1 Discover Japan,"P42,P43",42,43,6,2,62,cloth,"布, 服地",,0,,cloth,"布, 服地","布, 服地",cloth,06.26NH3_KeyWords_U3_英日_問題.pdf,クロス,,cloth,cloth,,"布, 服地",単語,0,原本保持
1818,ニューホライズン,NH,3,U3,Unit3 How,can we save animals?,Stage Activity 1 Discover Japan,"P42,P43",42,43,6,2,63,wrap,~を包む,,0,,wrap,~を包む,~を包む,wrap,06.26NH3_KeyWords_U3_英日_問題.pdf,ラップ,,wrap,wrap,,~を包む,単語,0,原本保持
1819,ニューホライズン,NH,3,U3,Unit3 How,can we save animals?,Stage Activity 1 Discover Japan,"P42,P43",42,43,6,2,64,square,正方形の,,0,,square,正方形の,正方形の,square,06.26NH3_KeyWords_U3_英日_問題.pdf,スクウェー,,square,square,,正方形の,単語,0,原本保持
1820,ニューホライズン,NH,3,U3,Unit3 How,can we save animals?,Stage Activity 1 Discover Japan,"P42,P43",42,43,6,2,65,waste,~をむだに使う,,0,,waste,~をむだに使う,~をむだに使う,waste,06.26NH3_KeyWords_U3_英日_問題.pdf,ウェイスト,,waste,waste,,~をむだに使う,単語,0,原本保持
1821,ニューホライズン,NH,3,U3,Unit3 How,can we save animals?,Stage Activity 1 Discover Japan,"P42,P43",42,43,6,2,66,convenient,便利な,,0,,convenient,便利な,便利な,convenient,06.26NH3_KeyWords_U3_英日_問題.pdf,カンヴィンヤント,,convenient,convenient,,便利な,単語,0,原本保持
1822,ニューホライズン,NH,3,U3,Unit3 How,can we save animals?,Stage Activity 1 Discover Japan,"P42,P43",42,43,6,2,67,keep,"(ずっと)~を持っている, 預かる",,0,,keep,"(ずっと)~を持っている, 預かる","(ずっと)~を持っている, 預かる",keep,06.26NH3_KeyWords_U3_英日_問題.pdf,キープ,,keep,keep,,"(ずっと)~を持っている, 預かる",単語,0,原本保持
1823,ニューホライズン,NH,3,U3,Unit3 How,can we save animals?,Stage Activity 1 Discover Japan,"P42,P43",42,43,6,2,68,plastic bag,ビニール袋,,0,,plastic bag,ビニール袋,ビニール袋,plastic bag,06.26NH3_KeyWords_U3_英日_問題.pdf,プラスティック バッグ,,plastic bag,plastic bag,,ビニール袋,複数語,1,原本保持
1824,ニューホライズン,NH,3,U3,Unit3 How,can we save animals?,Stage Activity 1 Discover Japan,"P42,P43",42,43,6,2,69,resource,資源,,0,,resource,資源,資源,resource,06.26NH3_KeyWords_U3_英日_問題.pdf,リソース,,resource,resource,,資源,単語,0,原本保持
1825,ニューホライズン,NH,3,U3,Unit3 How,can we save animals?,Stage Activity 1 Discover Japan,"P42,P43",42,43,6,2,70,fold A up,Aを折りたたむ,,0,,fold A up,Aを折りたたむ,Aを折りたたむ,fold A up,06.26NH3_KeyWords_U3_英日_問題.pdf,フォールド エイ アップ,,fold A up,fold A up,,Aを折りたたむ,複数語,1,原本保持
1826,ニューホライズン,NH,3,LR1,A,Mother's Lullaby Let's Read 1,Let's Read 1 教科書本文1,P46～P48,46,48,7,1,1,real,"本当の, 本物の",☆,1,,real,"本当の, 本物の","本当の, 本物の",real,07.26NH3_KeyWords_LR1_英日_問題.pdf,リール,,real,real,,"本当の, 本物の",単語,0,原本保持
1827,ニューホライズン,NH,3,LR1,A,Mother's Lullaby Let's Read 1,Let's Read 1 教科書本文1,P46～P48,46,48,7,1,2,road,道路,,0,,road,道路,道路,road,07.26NH3_KeyWords_LR1_英日_問題.pdf,ロード,,road,road,,道路,単語,0,原本保持
1828,ニューホライズン,NH,3,LR1,A,Mother's Lullaby Let's Read 1,Let's Read 1 教科書本文1,P46～P48,46,48,7,1,3,after a while,しばらくして,☆,1,,after a while,しばらくして,しばらくして,after a while,07.26NH3_KeyWords_LR1_英日_問題.pdf,アフター ア ワイル,,after a while,after a while,,しばらくして,複数語,1,原本保持
1829,ニューホライズン,NH,3,LR1,A,Mother's Lullaby Let's Read 1,Let's Read 1 教科書本文1,P46～P48,46,48,7,1,4,mommy,"お母さん, ママ",,0,,mommy,"お母さん, ママ","お母さん, ママ",mommy,07.26NH3_KeyWords_LR1_英日_問題.pdf,マミ,,mommy,mommy,,"お母さん, ママ",単語,0,原本保持
1830,ニューホライズン,NH,3,LR1,A,Mother's Lullaby Let's Read 1,Let's Read 1 教科書本文1,P46～P48,46,48,7,1,5,all right,だいじょうぶな,☆,1,,all right,だいじょうぶな,だいじょうぶな,all right,07.26NH3_KeyWords_LR1_英日_問題.pdf,オール ライト,,all right,all right,,だいじょうぶな,複数語,1,原本保持
1831,ニューホライズン,NH,3,LR1,A,Mother's Lullaby Let's Read 1,Let's Read 1 教科書本文1,P46～P48,46,48,7,1,6,lullaby,子守歌,,0,,lullaby,子守歌,子守歌,lullaby,07.26NH3_KeyWords_LR1_英日_問題.pdf,ララバイ,,lullaby,lullaby,,子守歌,単語,0,原本保持
1832,ニューホライズン,NH,3,LR1,A,Mother's Lullaby Let's Read 1,Let's Read 1 教科書本文1,P46～P48,46,48,7,1,7,lost,"lose(失う, 負ける)の過去形",,0,,lost,"lose(失う, 負ける)の過去形","lose(失う, 負ける)の過去形",lost,07.26NH3_KeyWords_LR1_英日_問題.pdf,ロスト,,lost,lost,,"lose(失う, 負ける)の過去形",単語,0,原本保持
1833,ニューホライズン,NH,3,LR1,A,Mother's Lullaby Let's Read 1,Let's Read 1 教科書本文1,P46～P48,46,48,7,1,8,bomb,爆弾,,0,,bomb,爆弾,爆弾,bomb,07.26NH3_KeyWords_LR1_英日_問題.pdf,バム,,bomb,bomb,,爆弾,単語,0,原本保持
1834,ニューホライズン,NH,3,LR1,A,Mother's Lullaby Let's Read 1,Let's Read 1 教科書本文1,P46～P48,46,48,7,1,9,fall,"落ちる, 降る",,0,,fall,"落ちる, 降る","落ちる, 降る",fall,07.26NH3_KeyWords_LR1_英日_問題.pdf,フォール,,fall,fall,,"落ちる, 降る",単語,0,原本保持
1835,ニューホライズン,NH,3,LR1,A,Mother's Lullaby Let's Read 1,Let's Read 1 教科書本文1,P46～P48,46,48,7,1,10,weak,"弱い, かすかな",,0,,weak,"弱い, かすかな","弱い, かすかな",weak,07.26NH3_KeyWords_LR1_英日_問題.pdf,ウィク,,weak,weak,,"弱い, かすかな",単語,0,原本保持
1836,ニューホライズン,NH,3,LR1,A,Mother's Lullaby Let's Read 1,Let's Read 1 教科書本文1,P46～P48,46,48,7,1,11,stop,~するのをやめる,,0,,stop,~するのをやめる,~するのをやめる,stop,07.26NH3_KeyWords_LR1_英日_問題.pdf,ストップ,,stop,stop,,~するのをやめる,単語,0,原本保持
1837,ニューホライズン,NH,3,LR1,A,Mother's Lullaby Let's Read 1,Let's Read 1 教科書本文1,P46～P48,46,48,7,1,12,sweet,"心地よい, やさしい",,0,,sweet,"心地よい, やさしい","心地よい, やさしい",sweet,07.26NH3_KeyWords_LR1_英日_問題.pdf,スウィト,,sweet,sweet,,"心地よい, やさしい",単語,0,原本保持
1838,ニューホライズン,NH,3,LR1,A,Mother's Lullaby Let's Read 1,Let's Read 1 教科書本文1,P46～P48,46,48,7,1,13,rest,"休む, 眠る",,0,,rest,"休む, 眠る","休む, 眠る",rest,07.26NH3_KeyWords_LR1_英日_問題.pdf,レスト,,rest,rest,,"休む, 眠る",単語,0,原本保持
1839,ニューホライズン,NH,3,LR1,A,Mother's Lullaby Let's Read 1,Let's Read 1 教科書本文1,P46～P48,46,48,7,1,14,dead,死んだ,,0,,dead,死んだ,死んだ,dead,07.26NH3_KeyWords_LR1_英日_問題.pdf,デッド,,dead,dead,,死んだ,単語,0,原本保持
1840,ニューホライズン,NH,3,LR1,A,Mother's Lullaby Let's Read 1,Let's Read 1 教科書本文1,P46～P48,46,48,7,1,15,move,"動く, 引っこす",,0,,move,"動く, 引っこす","動く, 引っこす",move,07.26NH3_KeyWords_LR1_英日_問題.pdf,ムーブ,,move,move,,"動く, 引っこす",単語,0,原本保持
1841,ニューホライズン,NH,3,LR1,A,Mother's Lullaby Let's Read 1,Let's Read 1 教科書本文1,P46～P48,46,48,7,1,16,tightly,しっかりと,,0,,tightly,しっかりと,しっかりと,tightly,07.26NH3_KeyWords_LR1_英日_問題.pdf,タイトリ,,tightly,tightly,,しっかりと,単語,0,原本保持
1842,ニューホライズン,NH,3,LR1,A,Mother's Lullaby Let's Read 1,Let's Read 1 教科書本文1,P46～P48,46,48,7,1,17,injure,~を傷つける,,0,,injure,~を傷つける,~を傷つける,injure,07.26NH3_KeyWords_LR1_英日_問題.pdf,インジャー,,injure,injure,,~を傷つける,単語,0,原本保持
1843,ニューホライズン,NH,3,LR1,A,Mother's Lullaby Let's Read 1,Let's Read 1 教科書本文1,P46～P48,46,48,7,1,18,some,"約, およそ",,0,,some,"約, およそ","約, およそ",some,07.26NH3_KeyWords_LR1_英日_問題.pdf,サム,,some,some,,"約, およそ",単語,0,原本保持
1844,ニューホライズン,NH,3,LR1,A,Mother's Lullaby Let's Read 1,Let's Read 1 教科書本文1,P46～P48,46,48,7,1,19,hold-held,"~を持つ, つかむ[原形-過去形]",,0,,hold-held,"~を持つ, つかむ[原形-過去形]","~を持つ, つかむ[原形-過去形]",hold-held,07.26NH3_KeyWords_LR1_英日_問題.pdf,ホールド・ヘルド,,hold-held,hold-held,,"~を持つ, つかむ[原形-過去形]",単語,0,原本保持
1845,ニューホライズン,NH,3,LR1,A,Mother's Lullaby Let's Read 1,Let's Read 1 教科書本文1,P46～P48,46,48,7,1,20,quietly,"静かに, 落ち着いて",,0,,quietly,"静かに, 落ち着いて","静かに, 落ち着いて",quietly,07.26NH3_KeyWords_LR1_英日_問題.pdf,クワイアットリ,,quietly,quietly,,"静かに, 落ち着いて",単語,0,原本保持
1846,ニューホライズン,NH,3,LR1,A,Mother's Lullaby Let's Read 1,Let's Read 1 教科書本文1,P46～P48,46,48,7,1,21,cry,泣く,,0,,cry,泣く,泣く,cry,07.26NH3_KeyWords_LR1_英日_問題.pdf,クライ,,cry,cry,,泣く,単語,0,原本保持
1847,ニューホライズン,NH,3,LR1,A,Mother's Lullaby Let's Read 1,Let's Read 1 教科書本文1,P46～P48,46,48,7,1,22,through ~,~の間じゅう,,0,,through ~,~の間じゅう,~の間じゅう,through ~,07.26NH3_KeyWords_LR1_英日_問題.pdf,スルー ～,,through ~,through ~,,~の間じゅう,表現,1,原本保持
1848,ニューホライズン,NH,3,LR1,A,Mother's Lullaby Let's Read 1,Let's Read 1 教科書本文1,P46～P48,46,48,7,1,23,shade,"陰, 日陰",,0,,shade,"陰, 日陰","陰, 日陰",shade,07.26NH3_KeyWords_LR1_英日_問題.pdf,シェイド,,shade,shade,,"陰, 日陰",単語,0,原本保持
1849,ニューホライズン,NH,3,LR1,A,Mother's Lullaby Let's Read 1,Let's Read 1 教科書本文2,P49,49,49,7,1,24,war,戦争,☆,1,,war,戦争,戦争,war,07.26NH3_KeyWords_LR1_英日_問題.pdf,ウォー,,war,war,,戦争,単語,0,原本保持
1850,ニューホライズン,NH,3,LR1,A,Mother's Lullaby Let's Read 1,Let's Read 1 教科書本文2,P49,49,49,7,1,25,nuclear,"核の, 原子力の",,0,,nuclear,"核の, 原子力の","核の, 原子力の",nuclear,07.26NH3_KeyWords_LR1_英日_問題.pdf,ヌクリアー,,nuclear,nuclear,,"核の, 原子力の",単語,0,原本保持
1851,ニューホライズン,NH,3,LR1,A,Mother's Lullaby Let's Read 1,Let's Read 1 教科書本文2,P49,49,49,7,1,26,sky,空,☆,1,,sky,空,空,sky,07.26NH3_KeyWords_LR1_英日_問題.pdf,スカイ,,sky,sky,,空,単語,0,原本保持
1852,ニューホライズン,NH,3,LR1,A,Mother's Lullaby Let's Read 1,Let's Read 1 教科書本文2,P49,49,49,7,1,27,nuclear weapon,核兵器,,0,,nuclear weapon,核兵器,核兵器,nuclear weapon,07.26NH3_KeyWords_LR1_英日_問題.pdf,ヌクリアー ウェパン,,nuclear weapon,nuclear weapon,,核兵器,複数語,1,原本保持
1853,ニューホライズン,NH,3,LR1,A,Mother's Lullaby Let's Read 1,Let's Read 1 教科書本文2,P49,49,49,7,1,28,peace,平和,☆,1,,peace,平和,平和,peace,07.26NH3_KeyWords_LR1_英日_問題.pdf,ピス,,peace,peace,,平和,単語,0,原本保持
1854,ニューホライズン,NH,3,LR1,A,Mother's Lullaby Let's Read 1,Let's Read 1 教科書本文2,P49,49,49,7,1,29,guest book,記名帳,,0,,guest book,記名帳,記名帳,guest book,07.26NH3_KeyWords_LR1_英日_問題.pdf,ゲスト ブック,,guest book,guest book,,記名帳,複数語,1,原本保持
1855,ニューホライズン,NH,3,LR1,A,Mother's Lullaby Let's Read 1,Let's Read 1 教科書本文2,P49,49,49,7,1,30,pursue,~を追い求める,,0,,pursue,~を追い求める,~を追い求める,pursue,07.26NH3_KeyWords_LR1_英日_問題.pdf,パース,,pursue,pursue,,~を追い求める,単語,0,原本保持
1856,ニューホライズン,NH,3,LR1,A,Mother's Lullaby Let's Read 1,Let's Read 1 教科書本文2,P49,49,49,7,1,31,paper crane,折り鶴,,0,,paper crane,折り鶴,折り鶴,paper crane,07.26NH3_KeyWords_LR1_英日_問題.pdf,ペイパー クレイン,,paper crane,paper crane,,折り鶴,複数語,1,原本保持
1857,ニューホライズン,NH,3,LR1,A,Mother's Lullaby Let's Read 1,Let's Read 1 教科書本文2,P49,49,49,7,1,32,meant,mean(意味する)の過去形,,0,,meant,mean(意味する)の過去形,mean(意味する)の過去形,meant,07.26NH3_KeyWords_LR1_英日_問題.pdf,メント,,meant,meant,,mean(意味する)の過去形,単語,0,原本保持
1858,ニューホライズン,NH,3,LR1,A,Mother's Lullaby Let's Read 1,Let's Read 1 教科書本文2,P49,49,49,7,1,33,Peace Memorial Park,平和記念公園,,0,,Peace Memorial Park,平和記念公園,平和記念公園,Peace Memorial Park,07.26NH3_KeyWords_LR1_英日_問題.pdf,ピース メモリアル パーク,,Peace Memorial Park,Peace Memorial Park,,平和記念公園,複数語,1,原本保持
1859,ニューホライズン,NH,3,LR1,A,Mother's Lullaby Let's Read 1,Let's Read 1 教科書本文2,P49,49,49,7,1,34,extend,~を広げる,,0,,extend,~を広げる,~を広げる,extend,07.26NH3_KeyWords_LR1_英日_問題.pdf,イックステンド,,extend,extend,,~を広げる,単語,0,原本保持
1860,ニューホライズン,NH,3,LR1,A,Mother's Lullaby Let's Read 1,Let's Read 1 教科書本文2,P49,49,49,7,1,35,every ~,どの~もみな,,0,,every ~,どの~もみな,どの~もみな,every ~,07.26NH3_KeyWords_LR1_英日_問題.pdf,エブリ ～,,every ~,every ~,,どの~もみな,表現,1,原本保持
1861,ニューホライズン,NH,3,LR1,A,Mother's Lullaby Let's Read 1,Let's Read 1 教科書本文2,P49,49,49,7,1,36,word,"単語, 言葉",,0,,word,"単語, 言葉","単語, 言葉",word,07.26NH3_KeyWords_LR1_英日_問題.pdf,ワード,,word,word,,"単語, 言葉",単語,0,原本保持
1862,ニューホライズン,NH,3,LR1,A,Mother's Lullaby Let's Read 1,Let's Read 1 教科書本文2,P49,49,49,7,1,37,cloudless,雲のない,,0,,cloudless,雲のない,雲のない,cloudless,07.26NH3_KeyWords_LR1_英日_問題.pdf,クラウドラス,,cloudless,cloudless,,雲のない,単語,0,原本保持
1863,ニューホライズン,NH,3,LR1,A,Mother's Lullaby Let's Read 1,Let's Read 1 教科書本文2,P49,49,49,7,1,38,the U.S.,アメリカ合衆国,,0,,the U.S.,アメリカ合衆国,アメリカ合衆国,the U.S.,07.26NH3_KeyWords_LR1_英日_問題.pdf,ザ ユーエス,,the U.S.,the U.S.,,アメリカ合衆国,複数語,1,原本保持
1864,ニューホライズン,NH,3,LR1,A,Mother's Lullaby Let's Read 1,Let's Read 1 教科書本文2,P49,49,49,7,1,39,bright,明るい,,0,,bright,明るい,明るい,bright,07.26NH3_KeyWords_LR1_英日_問題.pdf,ブライト,,bright,bright,,明るい,単語,0,原本保持
1865,ニューホライズン,NH,3,LR1,A,Mother's Lullaby Let's Read 1,Let's Read 1 教科書本文2,P49,49,49,7,1,40,president,大統領,,0,,president,大統領,大統領,president,07.26NH3_KeyWords_LR1_英日_問題.pdf,プレザデント,,president,president,,大統領,単語,0,原本保持
1866,ニューホライズン,NH,3,LR1,A,Mother's Lullaby Let's Read 1,Let's Read 1 教科書本文2,P49,49,49,7,1,41,sitting,現職の,,0,,sitting,現職の,現職の,sitting,07.26NH3_KeyWords_LR1_英日_問題.pdf,シティング,,sitting,sitting,,現職の,単語,0,原本保持
1867,ニューホライズン,NH,3,LR1,A,Mother's Lullaby Let's Read 1,Let's Read 1 教科書本文2,P49,49,49,7,1,42,death,死,,0,,death,死,死,death,07.26NH3_KeyWords_LR1_英日_問題.pdf,デス,,death,death,,死,単語,0,原本保持
1868,ニューホライズン,NH,3,LR1,A,Mother's Lullaby Let's Read 1,Let's Read 1 教科書本文2,P49,49,49,7,1,43,himself,"彼自身, 自ら",,0,,himself,"彼自身, 自ら","彼自身, 自ら",himself,07.26NH3_KeyWords_LR1_英日_問題.pdf,ヒムセルフ,,himself,himself,,"彼自身, 自ら",単語,0,原本保持
1869,ニューホライズン,NH,3,LR1,A,Mother's Lullaby Let's Read 1,Let's Read 1 教科書本文2,P49,49,49,7,1,44,courage,勇気,,0,,courage,勇気,勇気,courage,07.26NH3_KeyWords_LR1_英日_問題.pdf,カージ,,courage,courage,,勇気,単語,0,原本保持
1870,ニューホライズン,NH,3,LR1,A,Mother's Lullaby Let's Read 1,Let's Read 1 教科書本文2,P49,49,49,7,1,45,worth ~ing,~するだけの価値がある,,0,,worth ~ing,~するだけの価値がある,~するだけの価値がある,worth ~ing,07.26NH3_KeyWords_LR1_英日_問題.pdf,ワース ～イング,,worth ~ing,worth ~ing,,~するだけの価値がある,表現,1,原本保持
1871,ニューホライズン,NH,3,LR1,A,Mother's Lullaby Let's Read 1,Let's Read 1 教科書本文2,P49,49,49,7,1,46,agony,激しい痛み,,0,,agony,激しい痛み,激しい痛み,agony,07.26NH3_KeyWords_LR1_英日_問題.pdf,アガニ,,agony,agony,,激しい痛み,単語,0,原本保持
1872,ニューホライズン,NH,3,LR1,A,Mother's Lullaby Let's Read 1,Let's Read 1 教科書本文2,P49,49,49,7,1,47,go through,(人生・生活)を送る,,0,,go through,(人生・生活)を送る,(人生・生活)を送る,go through,07.26NH3_KeyWords_LR1_英日_問題.pdf,ゴウ スルー,,go through,go through,,(人生・生活)を送る,複数語,1,原本保持
1873,ニューホライズン,NH,3,U4,Unit4,How can we help each other in a disaster?,Unit4 Part1,"P51,P52",51,52,8,1,1,store,~を蓄える,☆,1,,store,~を蓄える,~を蓄える,store,08.26NH3_KeyWords_U4_英日_問題.pdf,ストー,,store,store,,~を蓄える,単語,0,原本保持
1874,ニューホライズン,NH,3,U4,Unit4,How can we help each other in a disaster?,Unit4 Part1,"P51,P52",51,52,8,1,2,disaster,災害,,0,,disaster,災害,災害,disaster,08.26NH3_KeyWords_U4_英日_問題.pdf,ディザスター,,disaster,disaster,,災害,単語,0,原本保持
1875,ニューホライズン,NH,3,U4,Unit4,How can we help each other in a disaster?,Unit4 Part1,"P51,P52",51,52,8,1,3,in case of ~,~の場合には,☆,1,,in case of ~,~の場合には,~の場合には,in case of ~,08.26NH3_KeyWords_U4_英日_問題.pdf,イン ケイス オブ ～,,in case of ~,in case of ~,,~の場合には,表現,1,原本保持
1876,ニューホライズン,NH,3,U4,Unit4,How can we help each other in a disaster?,Unit4 Part1,"P51,P52",51,52,8,1,4,fire,"火事, 火災",,0,,fire,"火事, 火災","火事, 火災",fire,08.26NH3_KeyWords_U4_英日_問題.pdf,ファイアー,,fire,fire,,"火事, 火災",単語,0,原本保持
1877,ニューホライズン,NH,3,U4,Unit4,How can we help each other in a disaster?,Unit4 Part1,"P51,P52",51,52,8,1,5,circle,~を丸で囲む,,0,,circle,~を丸で囲む,~を丸で囲む,circle,08.26NH3_KeyWords_U4_英日_問題.pdf,サークル,,circle,circle,,~を丸で囲む,単語,0,原本保持
1878,ニューホライズン,NH,3,U4,Unit4,How can we help each other in a disaster?,Unit4 Part1,"P51,P52",51,52,8,1,6,extinguisher,消火器,,0,,extinguisher,消火器,消火器,extinguisher,08.26NH3_KeyWords_U4_英日_問題.pdf,イックスティンググウィシャー,,extinguisher,extinguisher,,消火器,単語,0,原本保持
1879,ニューホライズン,NH,3,U4,Unit4,How can we help each other in a disaster?,Unit4 Part1,"P51,P52",51,52,8,1,7,shelter,避難所,,0,,shelter,避難所,避難所,shelter,08.26NH3_KeyWords_U4_英日_問題.pdf,シェルター,,shelter,shelter,,避難所,単語,0,原本保持
1880,ニューホライズン,NH,3,U4,Unit4,How can we help each other in a disaster?,Unit4 Part1,"P51,P52",51,52,8,1,8,prepared,用意ができている,,0,,prepared,用意ができている,用意ができている,prepared,08.26NH3_KeyWords_U4_英日_問題.pdf,プリペード,,prepared,prepared,,用意ができている,単語,0,原本保持
1881,ニューホライズン,NH,3,U4,Unit4,How can we help each other in a disaster?,Unit4 Part1,"P51,P52",51,52,8,1,9,number,番号,,0,,number,番号,番号,number,08.26NH3_KeyWords_U4_英日_問題.pdf,ナムバー,,number,number,,番号,単語,0,原本保持
1882,ニューホライズン,NH,3,U4,Unit4,How can we help each other in a disaster?,Unit4 Part1,"P51,P52",51,52,8,1,10,How much ~?,どれくらいの量の~ですか。,,0,,How much ~?,どれくらいの量の~ですか。,どれくらいの量の~ですか。,How much ~?,08.26NH3_KeyWords_U4_英日_問題.pdf,ハウ マッチ ～,,How much ~?,How much ~?,,どれくらいの量の~ですか。,表現,1,原本保持
1883,ニューホライズン,NH,3,U4,Unit4,How can we help each other in a disaster?,Unit4 Part2,P53,53,53,8,1,11,prepare,"(~の)準備をする, 備える",☆,1,,prepare,"(~の)準備をする, 備える","(~の)準備をする, 備える",prepare,08.26NH3_KeyWords_U4_英日_問題.pdf,プリペー,,prepare,prepare,,"(~の)準備をする, 備える",単語,0,原本保持
1884,ニューホライズン,NH,3,U4,Unit4,How can we help each other in a disaster?,Unit4 Part2,P53,53,53,8,1,12,emergency,緊急事態,,0,,emergency,緊急事態,緊急事態,emergency,08.26NH3_KeyWords_U4_英日_問題.pdf,イマージャンシ,,emergency,emergency,,緊急事態,単語,0,原本保持
1885,ニューホライズン,NH,3,U4,Unit4,How can we help each other in a disaster?,Unit4 Part2,P53,53,53,8,1,13,done,do(する)の過去分詞形,☆,1,,done,do(する)の過去分詞形,do(する)の過去分詞形,done,08.26NH3_KeyWords_U4_英日_問題.pdf,ダン,,done,done,,do(する)の過去分詞形,単語,0,原本保持
1886,ニューホライズン,NH,3,U4,Unit4,How can we help each other in a disaster?,Unit4 Part2,P53,53,53,8,1,14,earthquake,地震,,0,,earthquake,地震,地震,earthquake,08.26NH3_KeyWords_U4_英日_問題.pdf,アースクウェイク,,earthquake,earthquake,,地震,単語,0,原本保持
1887,ニューホライズン,NH,3,U4,Unit4,How can we help each other in a disaster?,Unit4 Part2,P53,53,53,8,1,15,recommend,"~をすすめる, ~を推薦する",,0,,recommend,"~をすすめる, ~を推薦する","~をすすめる, ~を推薦する",recommend,08.26NH3_KeyWords_U4_英日_問題.pdf,レカメンド,,recommend,recommend,,"~をすすめる, ~を推薦する",単語,0,原本保持
1888,ニューホライズン,NH,3,U4,Unit4,How can we help each other in a disaster?,Unit4 Part2,P53,53,53,8,1,16,hard,"難しい, 困難な",,0,,hard,"難しい, 困難な","難しい, 困難な",hard,08.26NH3_KeyWords_U4_英日_問題.pdf,ハード,,hard,hard,,"難しい, 困難な",単語,0,原本保持
1889,ニューホライズン,NH,3,U4,Unit4,How can we help each other in a disaster?,Unit4 Part2,P53,53,53,8,1,17,link,"リンク, 接続",,0,,link,"リンク, 接続","リンク, 接続",link,08.26NH3_KeyWords_U4_英日_問題.pdf,リングク,,link,link,,"リンク, 接続",単語,0,原本保持
1890,ニューホライズン,NH,3,U4,Unit4,How can we help each other in a disaster?,Unit4 Part2,P53,53,53,8,1,18,we've,we haveの短縮形,,0,,we've,we haveの短縮形,we haveの短縮形,we've,08.26NH3_KeyWords_U4_英日_問題.pdf,ウィヴ,,we've,we've,,we haveの短縮形,短縮形,0,原本保持
1891,ニューホライズン,NH,3,U4,Unit4,How can we help each other in a disaster?,Unit4 Part2,P53,53,53,8,1,19,kit,道具一式,,0,,kit,道具一式,道具一式,kit,08.26NH3_KeyWords_U4_英日_問題.pdf,キット,,kit,kit,,道具一式,単語,0,原本保持
1892,ニューホライズン,NH,3,U4,Unit4,How can we help each other in a disaster?,Unit4 Part2,P53,53,53,8,1,20,hasn't,has notの短縮形,,0,,hasn't,has notの短縮形,has notの短縮形,hasn't,08.26NH3_KeyWords_U4_英日_問題.pdf,ハザント,,hasn't,hasn't,,has notの短縮形,短縮形,0,原本保持
1893,ニューホライズン,NH,3,U4,Unit4,How can we help each other in a disaster?,Unit4 Read and Think1,"P54,P55",54,55,8,1,21,bridge,"橋, かけ橋",☆,1,,bridge,"橋, かけ橋","橋, かけ橋",bridge,08.26NH3_KeyWords_U4_英日_問題.pdf,ブリジ,,bridge,bridge,,"橋, かけ橋",単語,0,原本保持
1894,ニューホライズン,NH,3,U4,Unit4,How can we help each other in a disaster?,Unit4 Read and Think1,"P54,P55",54,55,8,1,22,comfort,"~を慰める, 元気づける",,0,,comfort,"~を慰める, 元気づける","~を慰める, 元気づける",comfort,08.26NH3_KeyWords_U4_英日_問題.pdf,カムファート,,comfort,comfort,,"~を慰める, 元気づける",単語,0,原本保持
1895,ニューホライズン,NH,3,U4,Unit4,How can we help each other in a disaster?,Unit4 Read and Think1,"P54,P55",54,55,8,1,23,between A and B,AとBの間,☆,1,,between A and B,AとBの間,AとBの間,between A and B,08.26NH3_KeyWords_U4_英日_問題.pdf,ビトゥイーン エイ アンド ビー,,between A and B,between A and B,,AとBの間,複数語,1,原本保持
1896,ニューホライズン,NH,3,U4,Unit4,How can we help each other in a disaster?,Unit4 Read and Think1,"P54,P55",54,55,8,1,24,several,いくつかの,,0,,several,いくつかの,いくつかの,several,08.26NH3_KeyWords_U4_英日_問題.pdf,セヴラル,,several,several,,いくつかの,単語,0,原本保持
1897,ニューホライズン,NH,3,U4,Unit4,How can we help each other in a disaster?,Unit4 Read and Think1,"P54,P55",54,55,8,1,25,all the time,常に,☆,1,,all the time,常に,常に,all the time,08.26NH3_KeyWords_U4_英日_問題.pdf,オール ザ タイム,,all the time,all the time,,常に,複数語,1,原本保持
1898,ニューホライズン,NH,3,U4,Unit4,How can we help each other in a disaster?,Unit4 Read and Think1,"P54,P55",54,55,8,1,26,safe,安全な,,0,,safe,安全な,安全な,safe,08.26NH3_KeyWords_U4_英日_問題.pdf,セイフ,,safe,safe,,安全な,単語,0,原本保持
1899,ニューホライズン,NH,3,U4,Unit4,How can we help each other in a disaster?,Unit4 Read and Think1,"P54,P55",54,55,8,1,27,energetic,"精力的な, 活発な",,0,,energetic,"精力的な, 活発な","精力的な, 活発な",energetic,08.26NH3_KeyWords_U4_英日_問題.pdf,エナージェティック,,energetic,energetic,,"精力的な, 活発な",単語,0,原本保持
1900,ニューホライズン,NH,3,U4,Unit4,How can we help each other in a disaster?,Unit4 Read and Think1,"P54,P55",54,55,8,1,28,hit-hit-hit,(災害・不幸などが)襲う[原形-過去形-過去分詞形],,0,,hit-hit-hit,(災害・不幸などが)襲う[原形-過去形-過去分詞形],(災害・不幸などが)襲う[原形-過去形-過去分詞形],hit-hit-hit,08.26NH3_KeyWords_U4_英日_問題.pdf,ヒット・ヒット・ヒット,,hit-hit-hit,hit-hit-hit,,(災害・不幸などが)襲う[原形-過去形-過去分詞形],単語,0,原本保持
1901,ニューホライズン,NH,3,U4,Unit4,How can we help each other in a disaster?,Unit4 Read and Think1,"P54,P55",54,55,8,1,29,be killed in ~,~で死ぬ,,0,,be killed in ~,~で死ぬ,~で死ぬ,be killed in ~,08.26NH3_KeyWords_U4_英日_問題.pdf,ビー キルド イン ～,,be killed in ~,be killed in ~,,~で死ぬ,表現,1,原本保持
1902,ニューホライズン,NH,3,U4,Unit4,How can we help each other in a disaster?,Unit4 Read and Think1,"P54,P55",54,55,8,1,30,encourage,"~を勇気づける, 励ます",,0,,encourage,"~を勇気づける, 励ます","~を勇気づける, 励ます",encourage,08.26NH3_KeyWords_U4_英日_問題.pdf,エンカーイジ,,encourage,encourage,,"~を勇気づける, 励ます",単語,0,原本保持
1903,ニューホライズン,NH,3,U4,Unit4,How can we help each other in a disaster?,Unit4 Read and Think2,"P56,P57",56,57,8,1,31,support,"~を支援する, 応援する",☆,1,,support,"~を支援する, 応援する","~を支援する, 応援する",support,08.26NH3_KeyWords_U4_英日_問題.pdf,サポート,,support,support,,"~を支援する, 応援する",単語,0,原本保持
1904,ニューホライズン,NH,3,U4,Unit4,How can we help each other in a disaster?,Unit4 Read and Think2,"P56,P57",56,57,8,1,32,exchange,交流,,0,,exchange,交流,交流,exchange,08.26NH3_KeyWords_U4_英日_問題.pdf,イックスチェインジ,,exchange,exchange,,交流,単語,0,原本保持
1905,ニューホライズン,NH,3,U4,Unit4,How can we help each other in a disaster?,Unit4 Read and Think2,"P56,P57",56,57,8,1,33,ride-rode,～に乗る[原形-過去形],☆,1,,ride-rode,～に乗る[原形-過去形],～に乗る[原形-過去形],ride-rode,08.26NH3_KeyWords_U4_英日_問題.pdf,ライド・ロド,,ride-rode,ride-rode,,～に乗る[原形-過去形],単語,0,原本保持
1906,ニューホライズン,NH,3,U4,Unit4,How can we help each other in a disaster?,Unit4 Read and Think2,"P56,P57",56,57,8,1,34,crisis,危機,,0,,crisis,危機,危機,crisis,08.26NH3_KeyWords_U4_英日_問題.pdf,クライサス,,crisis,crisis,,危機,単語,0,原本保持
1907,ニューホライズン,NH,3,U4,Unit4,How can we help each other in a disaster?,Unit4 Read and Think2,"P56,P57",56,57,8,1,35,bicycle,自転車,,0,,bicycle,自転車,自転車,bicycle,08.26NH3_KeyWords_U4_英日_問題.pdf,バイシックル,,bicycle,bicycle,,自転車,単語,0,原本保持
1908,ニューホライズン,NH,3,U4,Unit4,How can we help each other in a disaster?,Unit4 Read and Think2,"P56,P57",56,57,8,1,36,catch-caught-caught,～をつかまえる[原形-過去形-過去分詞形],☆,1,,catch-caught-caught,～をつかまえる[原形-過去形-過去分詞形],～をつかまえる[原形-過去形-過去分詞形],catch-caught-caught,08.26NH3_KeyWords_U4_英日_問題.pdf,カチ・カト・カト,,catch-caught-caught,catch-caught-caught,,～をつかまえる[原形-過去形-過去分詞形],単語,0,原本保持
1909,ニューホライズン,NH,3,U4,Unit4,How can we help each other in a disaster?,Unit4 Read and Think2,"P56,P57",56,57,8,1,37,sudden,突然の,,0,,sudden,突然の,突然の,sudden,08.26NH3_KeyWords_U4_英日_問題.pdf,サダン,,sudden,sudden,,突然の,単語,0,原本保持
1910,ニューホライズン,NH,3,U4,Unit4,How can we help each other in a disaster?,Unit4 Read and Think2,"P56,P57",56,57,8,1,38,news,"ニュース, 知らせ",☆,1,,news,"ニュース, 知らせ","ニュース, 知らせ",news,08.26NH3_KeyWords_U4_英日_問題.pdf,ヌズ,,news,news,,"ニュース, 知らせ",単語,0,原本保持
1911,ニューホライズン,NH,3,U4,Unit4,How can we help each other in a disaster?,Unit4 Read and Think2,"P56,P57",56,57,8,1,39,ordinary,ふつうの,,0,,ordinary,ふつうの,ふつうの,ordinary,08.26NH3_KeyWords_U4_英日_問題.pdf,オーダネリ,,ordinary,ordinary,,ふつうの,単語,0,原本保持
1912,ニューホライズン,NH,3,U4,Unit4,How can we help each other in a disaster?,Unit4 Read and Think2,"P56,P57",56,57,8,1,40,be caught in ~,~に巻き込まれる,☆,1,,be caught in ~,~に巻き込まれる,~に巻き込まれる,be caught in ~,08.26NH3_KeyWords_U4_英日_問題.pdf,ビー カト イン ～,,be caught in ~,be caught in ~,,~に巻き込まれる,表現,1,原本保持
1913,ニューホライズン,NH,3,U4,Unit4,How can we help each other in a disaster?,Unit4 Read and Think2,"P56,P57",56,57,8,1,41,shortly,まもなく,,0,,shortly,まもなく,まもなく,shortly,08.26NH3_KeyWords_U4_英日_問題.pdf,ショートリ,,shortly,shortly,,まもなく,単語,0,原本保持
1914,ニューホライズン,NH,3,U4,Unit4,How can we help each other in a disaster?,Unit4 Read and Think2,"P56,P57",56,57,8,1,42,work,"努力する, 取り組む",,0,,work,"努力する, 取り組む","努力する, 取り組む",work,08.26NH3_KeyWords_U4_英日_問題.pdf,ワーク,,work,work,,"努力する, 取り組む",単語,0,原本保持
1915,ニューホライズン,NH,3,U4,Unit4,How can we help each other in a disaster?,Unit4 Read and Think2,"P56,P57",56,57,8,1,43,bring A together,Aを団結させる,,0,,bring A together,Aを団結させる,Aを団結させる,bring A together,08.26NH3_KeyWords_U4_英日_問題.pdf,ブリング エイ トゥゲザー,,bring A together,bring A together,,Aを団結させる,複数語,1,原本保持
1916,ニューホライズン,NH,3,U4,Unit4,How can we help each other in a disaster?,Unit4 Read and Think2,"P56,P57",56,57,8,1,44,program,"計画, 事業",,0,,program,"計画, 事業","計画, 事業",program,08.26NH3_KeyWords_U4_英日_問題.pdf,プログラム,,program,program,,"計画, 事業",単語,0,原本保持
1917,ニューホライズン,NH,3,U4,Unit4,How can we help each other in a disaster?,Unit4 Read and Think2,"P56,P57",56,57,8,1,45,no longer ~,もはや~ない,,0,,no longer ~,もはや~ない,もはや~ない,no longer ~,08.26NH3_KeyWords_U4_英日_問題.pdf,ノウ ロングガー ～,,no longer ~,no longer ~,,もはや~ない,表現,1,原本保持
1918,ニューホライズン,NH,3,U4,Unit4 How,can we help each other in a disaster?,Unit4 教科書本文,P53～P55,53,55,8,2,46,tsunami,津波,,0,,tsunami,津波,津波,tsunami,08.26NH3_KeyWords_U4_英日_問題.pdf,トスナミ,,tsunami,tsunami,,津波,単語,0,原本保持
1919,ニューホライズン,NH,3,U4,Unit4 How,can we help each other in a disaster?,Unit4 教科書本文,P53～P55,53,55,8,2,47,apartment,アパート[マンション]の部屋,,0,,apartment,アパート[マンション]の部屋,アパート[マンション]の部屋,apartment,08.26NH3_KeyWords_U4_英日_問題.pdf,アパートマント,,apartment,apartment,,アパート[マンション]の部屋,単語,0,原本保持
1920,ニューホライズン,NH,3,U4,Unit4 How,can we help each other in a disaster?,Unit4 教科書本文,P53～P55,53,55,8,2,48,personality,"個性, 性格",,0,,personality,"個性, 性格","個性, 性格",personality,08.26NH3_KeyWords_U4_英日_問題.pdf,パーサナリティ,,personality,personality,,"個性, 性格",単語,0,原本保持
1921,ニューホライズン,NH,3,U4,Unit4 How,can we help each other in a disaster?,Unit4 教科書本文,P53～P55,53,55,8,2,49,nearby,近くの,,0,,nearby,近くの,近くの,nearby,08.26NH3_KeyWords_U4_英日_問題.pdf,ニーバイ,,nearby,nearby,,近くの,単語,0,原本保持
1922,ニューホライズン,NH,3,U4,Unit4 How,can we help each other in a disaster?,Unit4 教科書本文,P53～P55,53,55,8,2,50,corner,コーナー,,0,,corner,コーナー,コーナー,corner,08.26NH3_KeyWords_U4_英日_問題.pdf,コーナー,,corner,corner,,コーナー,単語,0,原本保持
1923,ニューホライズン,NH,3,U4,Unit4 How,can we help each other in a disaster?,Unit4 教科書本文,P53～P55,53,55,8,2,51,toward ~,"~のほうへ, ~に向かって",,0,,toward ~,"~のほうへ, ~に向かって","~のほうへ, ~に向かって",toward ~,08.26NH3_KeyWords_U4_英日_問題.pdf,タウォード ～,,toward ~,toward ~,,"~のほうへ, ~に向かって",表現,1,原本保持
1924,ニューホライズン,NH,3,U4,Unit4 How,can we help each other in a disaster?,Unit4 1～RT2,P51～P57,51,57,8,2,52,recommend,"~をすすめる, ~を推薦する",☆,1,,recommend,"~をすすめる, ~を推薦する","~をすすめる, ~を推薦する",recommend,08.26NH3_KeyWords_U4_英日_問題.pdf,レカメンド,,recommend,recommend,,"~をすすめる, ~を推薦する",単語,0,原本保持
1925,ニューホライズン,NH,3,U4,Unit4 How,can we help each other in a disaster?,Unit4 1～RT2,P51～P57,51,57,8,2,53,several,いくつかの,☆,1,,several,いくつかの,いくつかの,several,08.26NH3_KeyWords_U4_英日_問題.pdf,セヴラル,,several,several,,いくつかの,単語,0,原本保持
1926,ニューホライズン,NH,3,U4,Unit4 How,can we help each other in a disaster?,Unit4 1～RT2,P51～P57,51,57,8,2,54,encourage,"~を勇気づける, 励ます",☆,1,,encourage,"~を勇気づける, 励ます","~を勇気づける, 励ます",encourage,08.26NH3_KeyWords_U4_英日_問題.pdf,エンカーイジ,,encourage,encourage,,"~を勇気づける, 励ます",単語,0,原本保持
1927,ニューホライズン,NH,3,U4,Unit4 How,can we help each other in a disaster?,Unit4 1～RT2,P51～P57,51,57,8,2,55,no longer ~,もはや~ない,☆,1,,no longer ~,もはや~ない,もはや~ない,no longer ~,08.26NH3_KeyWords_U4_英日_問題.pdf,ノウ ロングガー ～,,no longer ~,no longer ~,,もはや~ない,表現,1,原本保持
1928,ニューホライズン,NH,3,U4,Unit4 How,can we help each other in a disaster?,Real Life English 4 町中での手助け-申し出る-,P59,59,59,8,2,56,Can I ~?,~しましょうか。,☆,1,,Can I ~?,~しましょうか。,~しましょうか。,Can I ~?,08.26NH3_KeyWords_U4_英日_問題.pdf,キャン アイ ～,,Can I ~?,Can I ~?,,~しましょうか。,表現,1,原本保持
1929,ニューホライズン,NH,3,U4,Unit4 How,can we help each other in a disaster?,Real Life English 4 町中での手助け-申し出る-,P59,59,59,8,2,57,That's very kind of you.,どうもご親切にありがとうございます。,,0,,That's very kind of you.,どうもご親切にありがとうございます。,どうもご親切にありがとうございます。,That's very kind of you.,08.26NH3_KeyWords_U4_英日_問題.pdf,ザッツ ベリー カインド オブ ユー,,That's very kind of you.,That's very kind of you.,,どうもご親切にありがとうございます。,複数語,1,原本保持
1930,ニューホライズン,NH,3,U4,Unit4 How,can we help each other in a disaster?,Real Life English 4 町中での手助け-申し出る-,P59,59,59,8,2,58,would like A to B,AにBしてほしい,☆,1,,would like A to B,AにBしてほしい,AにBしてほしい,would like A to B,08.26NH3_KeyWords_U4_英日_問題.pdf,ウッド ライク エイ トゥ ビー,,would like A to B,would like A to B,,AにBしてほしい,複数語,1,原本保持
1931,ニューホライズン,NH,3,U5,What,makes a good leader? Unit5,Unit5 Part1,"P61,P62",61,62,9,1,1,be born,生まれる,☆,1,,be born,生まれる,生まれる,be born,09.26NH3_KeyWords_U5_英日_問題.pdf,ビー ボーン,,be born,be born,,生まれる,複数語,1,原本保持
1932,ニューホライズン,NH,3,U5,What,makes a good leader? Unit5,Unit5 Part1,"P61,P62",61,62,9,1,2,note,紙幣,,0,,note,紙幣,紙幣,note,09.26NH3_KeyWords_U5_英日_問題.pdf,ノト,,note,note,,紙幣,単語,0,原本保持
1933,ニューホライズン,NH,3,U5,What,makes a good leader? Unit5,Unit5 Part1,"P61,P62",61,62,9,1,3,person,"人, 個人",☆,1,,person,"人, 個人","人, 個人",person,09.26NH3_KeyWords_U5_英日_問題.pdf,パーサン,,person,person,,"人, 個人",単語,0,原本保持
1934,ニューホライズン,NH,3,U5,What,makes a good leader? Unit5,Unit5 Part1,"P61,P62",61,62,9,1,4,non-violence,非暴力,,0,,non-violence,非暴力,非暴力,non-violence,09.26NH3_KeyWords_U5_英日_問題.pdf,ナン・ヴァイアランス,,non-violence,non-violence,,非暴力,単語,0,原本保持
1935,ニューホライズン,NH,3,U5,What,makes a good leader? Unit5,Unit5 Part1,"P61,P62",61,62,9,1,5,national,国の,☆,1,,national,国の,国の,national,09.26NH3_KeyWords_U5_英日_問題.pdf,ナシャナル,,national,national,,国の,単語,0,原本保持
1936,ニューホライズン,NH,3,U5,What,makes a good leader? Unit5,Unit5 Part1,"P61,P62",61,62,9,1,6,leader,"指導者, リーダー",,0,,leader,"指導者, リーダー","指導者, リーダー",leader,09.26NH3_KeyWords_U5_英日_問題.pdf,リダー,,leader,leader,,"指導者, リーダー",単語,0,原本保持
1937,ニューホライズン,NH,3,U5,What,makes a good leader? Unit5,Unit5 Part1,"P61,P62",61,62,9,1,7,on the internet,インターネットで,☆,1,,on the internet,インターネットで,インターネットで,on the internet,09.26NH3_KeyWords_U5_英日_問題.pdf,オン ザ インターネット,,on the internet,on the internet,,インターネットで,複数語,1,原本保持
1938,ニューホライズン,NH,3,U5,What,makes a good leader? Unit5,Unit5 Part1,"P61,P62",61,62,9,1,8,image,"肖像, 印象",,0,,image,"肖像, 印象","肖像, 印象",image,09.26NH3_KeyWords_U5_英日_問題.pdf,イマジ,,image,image,,"肖像, 印象",単語,0,原本保持
1939,ニューホライズン,NH,3,U5,What,makes a good leader? Unit5,Unit5 Part1,"P61,P62",61,62,9,1,9,print,~を印刷する,,0,,print,~を印刷する,~を印刷する,print,09.26NH3_KeyWords_U5_英日_問題.pdf,プリント,,print,print,,~を印刷する,単語,0,原本保持
1940,ニューホライズン,NH,3,U5,What,makes a good leader? Unit5,Unit5 Part1,"P61,P62",61,62,9,1,10,greatly,"おおいに, 非常に",,0,,greatly,"おおいに, 非常に","おおいに, 非常に",greatly,09.26NH3_KeyWords_U5_英日_問題.pdf,グレイトリ,,greatly,greatly,,"おおいに, 非常に",単語,0,原本保持
1941,ニューホライズン,NH,3,U5,What,makes a good leader? Unit5,Unit5 Part2,P63,63,63,9,1,11,fight,たたかう,☆,1,,fight,たたかう,たたかう,fight,09.26NH3_KeyWords_U5_英日_問題.pdf,ファイト,,fight,fight,,たたかう,単語,0,原本保持
1942,ニューホライズン,NH,3,U5,What,makes a good leader? Unit5,Unit5 Part2,P63,63,63,9,1,12,fast,断食,,0,,fast,断食,断食,fast,09.26NH3_KeyWords_U5_英日_問題.pdf,ファスト,,fast,fast,,断食,単語,0,原本保持
1943,ニューホライズン,NH,3,U5,What,makes a good leader? Unit5,Unit5 Part2,P63,63,63,9,1,13,go on ~,"~をする, 始める",☆,1,,go on ~,"~をする, 始める","~をする, 始める",go on ~,09.26NH3_KeyWords_U5_英日_問題.pdf,ゴウ オン ～,,go on ~,go on ~,,"~をする, 始める",表現,1,原本保持
1944,ニューホライズン,NH,3,U5,What,makes a good leader? Unit5,Unit5 Part2,P63,63,63,9,1,14,tough,困難な,,0,,tough,困難な,困難な,tough,09.26NH3_KeyWords_U5_英日_問題.pdf,タフ,,tough,tough,,困難な,単語,0,原本保持
1945,ニューホライズン,NH,3,U5,What,makes a good leader? Unit5,Unit5 Part2,P63,63,63,9,1,15,protest,"抗議する, 抗議運動",,0,,protest,"抗議する, 抗議運動","抗議する, 抗議運動",protest,09.26NH3_KeyWords_U5_英日_問題.pdf,プロテスト,,protest,protest,,"抗議する, 抗議運動",単語,0,原本保持
1946,ニューホライズン,NH,3,U5,What,makes a good leader? Unit5,Unit5 Part2,P63,63,63,9,1,16,little ~,ほとんど~ない,,0,,little ~,ほとんど~ない,ほとんど~ない,little ~,09.26NH3_KeyWords_U5_英日_問題.pdf,リットル ～,,little ~,little ~,,ほとんど~ない,表現,1,原本保持
1947,ニューホライズン,NH,3,U5,What,makes a good leader? Unit5,Unit5 Part2,P63,63,63,9,1,17,violence,暴力,,0,,violence,暴力,暴力,violence,09.26NH3_KeyWords_U5_英日_問題.pdf,ヴァイアランス,,violence,violence,,暴力,単語,0,原本保持
1948,ニューホライズン,NH,3,U5,What,makes a good leader? Unit5,Unit5 Part2,P63,63,63,9,1,18,more,もっと多くのもの[こと],,0,,more,もっと多くのもの[こと],もっと多くのもの[こと],more,09.26NH3_KeyWords_U5_英日_問題.pdf,モー,,more,more,,もっと多くのもの[こと],単語,0,原本保持
1949,ニューホライズン,NH,3,U5,What,makes a good leader? Unit5,Unit5 Part2,P63,63,63,9,1,19,right,権利,,0,,right,権利,権利,right,09.26NH3_KeyWords_U5_英日_問題.pdf,ライト,,right,right,,権利,単語,0,原本保持
1950,ニューホライズン,NH,3,U5,What,makes a good leader? Unit5,Unit5 Part2,P63,63,63,9,1,20,human rights,人権,,0,,human rights,人権,人権,human rights,09.26NH3_KeyWords_U5_英日_問題.pdf,ヒュマン ライトス,,human rights,human rights,,人権,複数語,1,原本保持
1951,ニューホライズン,NH,3,U5,What,makes a good leader? Unit5,Unit5 Part2,P63,63,63,9,1,21,independence,独立,,0,,independence,独立,独立,independence,09.26NH3_KeyWords_U5_英日_問題.pdf,インディペンダンス,,independence,independence,,独立,単語,0,原本保持
1952,ニューホライズン,NH,3,U5,What,makes a good leader? Unit5,Unit5 Read and Think1,"P64,P65",64,65,9,1,22,stand-stood,立ち上がる[原形-過去形],☆,1,,stand-stood,立ち上がる[原形-過去形],立ち上がる[原形-過去形],stand-stood,09.26NH3_KeyWords_U5_英日_問題.pdf,スタンド・ストゥッド,,stand-stood,stand-stood,,立ち上がる[原形-過去形],単語,0,原本保持
1953,ニューホライズン,NH,3,U5,What,makes a good leader? Unit5,Unit5 Read and Think1,"P64,P65",64,65,9,1,23,rule,"支配, 統治",,0,,rule,"支配, 統治","支配, 統治",rule,09.26NH3_KeyWords_U5_英日_問題.pdf,ルール,,rule,rule,,"支配, 統治",単語,0,原本保持
1954,ニューホライズン,NH,3,U5,What,makes a good leader? Unit5,Unit5 Read and Think1,"P64,P65",64,65,9,1,24,law,法律,☆,1,,law,法律,法律,law,09.26NH3_KeyWords_U5_英日_問題.pdf,ロ,,law,law,,法律,単語,0,原本保持
1955,ニューホライズン,NH,3,U5,What,makes a good leader? Unit5,Unit5 Read and Think1,"P64,P65",64,65,9,1,25,movement,(政治的・社会的な)運動,,0,,movement,(政治的・社会的な)運動,(政治的・社会的な)運動,movement,09.26NH3_KeyWords_U5_英日_問題.pdf,ムヴマント,,movement,movement,,(政治的・社会的な)運動,単語,0,原本保持
1956,ニューホライズン,NH,3,U5,What,makes a good leader? Unit5,Unit5 Read and Think1,"P64,P65",64,65,9,1,26,at that time,その当時,☆,1,,at that time,その当時,その当時,at that time,09.26NH3_KeyWords_U5_英日_問題.pdf,アット ザット タイム,,at that time,at that time,,その当時,複数語,1,原本保持
1957,ニューホライズン,NH,3,U5,What,makes a good leader? Unit5,Unit5 Read and Think1,"P64,P65",64,65,9,1,27,lawyer,弁護士,,0,,lawyer,弁護士,弁護士,lawyer,09.26NH3_KeyWords_U5_英日_問題.pdf,ロヤー,,lawyer,lawyer,,弁護士,単語,0,原本保持
1958,ニューホライズン,NH,3,U5,What,makes a good leader? Unit5,Unit5 Read and Think1,"P64,P65",64,65,9,1,28,go out,外へ出る,☆,1,,go out,外へ出る,外へ出る,go out,09.26NH3_KeyWords_U5_英日_問題.pdf,ゴウ アウト,,go out,go out,,外へ出る,複数語,1,原本保持
1959,ニューホライズン,NH,3,U5,What,makes a good leader? Unit5,Unit5 Read and Think1,"P64,P65",64,65,9,1,29,jail,刑務所,,0,,jail,刑務所,刑務所,jail,09.26NH3_KeyWords_U5_英日_問題.pdf,ジェイール,,jail,jail,,刑務所,単語,0,原本保持
1960,ニューホライズン,NH,3,U5,What,makes a good leader? Unit5,Unit5 Read and Think1,"P64,P65",64,65,9,1,30,even if ~,たとえ~だとしても,☆,1,,even if ~,たとえ~だとしても,たとえ~だとしても,even if ~,09.26NH3_KeyWords_U5_英日_問題.pdf,イーヴィン イフ ～,,even if ~,even if ~,,たとえ~だとしても,表現,1,原本保持
1961,ニューホライズン,NH,3,U5,What,makes a good leader? Unit5,Unit5 Read and Think1,"P64,P65",64,65,9,1,31,discrimination,差別,,0,,discrimination,差別,差別,discrimination,09.26NH3_KeyWords_U5_英日_問題.pdf,ディスクリマネイシャン,,discrimination,discrimination,,差別,単語,0,原本保持
1962,ニューホライズン,NH,3,U5,What,makes a good leader? Unit5,Unit5 Read and Think1,"P64,P65",64,65,9,1,32,lead,~を導く,,0,,lead,~を導く,~を導く,lead,09.26NH3_KeyWords_U5_英日_問題.pdf,レッド,,lead,lead,,~を導く,単語,0,原本保持
1963,ニューホライズン,NH,3,U5,What,makes a good leader? Unit5,Unit5 Read and Think1,"P64,P65",64,65,9,1,33,effective,効果的な,,0,,effective,効果的な,効果的な,effective,09.26NH3_KeyWords_U5_英日_問題.pdf,イフェックティヴ,,effective,effective,,効果的な,単語,0,原本保持
1964,ニューホライズン,NH,3,U5,What,makes a good leader? Unit5,Unit5 Read and Think1,"P64,P65",64,65,9,1,34,arrest,~を逮捕する,,0,,arrest,~を逮捕する,~を逮捕する,arrest,09.26NH3_KeyWords_U5_英日_問題.pdf,アーエスト,,arrest,arrest,,~を逮捕する,単語,0,原本保持
1965,ニューホライズン,NH,3,U5,What,makes a good leader? Unit5,Unit5 Read and Think1,"P64,P65",64,65,9,1,35,freely,自由に,,0,,freely,自由に,自由に,freely,09.26NH3_KeyWords_U5_英日_問題.pdf,フリリ,,freely,freely,,自由に,単語,0,原本保持
1966,ニューホライズン,NH,3,U5,What,makes a good leader? Unit5,Unit5 Read and Think1,"P64,P65",64,65,9,1,36,accept,~を受け入れる,,0,,accept,~を受け入れる,~を受け入れる,accept,09.26NH3_KeyWords_U5_英日_問題.pdf,アックセップト,,accept,accept,,~を受け入れる,単語,0,原本保持
1967,ニューホライズン,NH,3,U5,What,makes a good leader? Unit5,Unit5 Read and Think2,"P66,P67",66,67,9,1,37,produce,~を生産する,☆,1,,produce,~を生産する,~を生産する,produce,09.26NH3_KeyWords_U5_英日_問題.pdf,プラドゥス,,produce,produce,,~を生産する,単語,0,原本保持
1968,ニューホライズン,NH,3,U5,What,makes a good leader? Unit5,Unit5 Read and Think2,"P66,P67",66,67,9,1,38,put,(罪・責任など)を課す,,0,,put,(罪・責任など)を課す,(罪・責任など)を課す,put,09.26NH3_KeyWords_U5_英日_問題.pdf,プット,,put,put,,(罪・責任など)を課す,単語,0,原本保持
1969,ニューホライズン,NH,3,U5,What,makes a good leader? Unit5,Unit5 Read and Think2,"P66,P67",66,67,9,1,39,expensive,高価な,☆,1,,expensive,高価な,高価な,expensive,09.26NH3_KeyWords_U5_英日_問題.pdf,イックスペンシヴ,,expensive,expensive,,高価な,単語,0,原本保持
1970,ニューホライズン,NH,3,U5,What,makes a good leader? Unit5,Unit5 Read and Think2,"P66,P67",66,67,9,1,40,tax,税,,0,,tax,税,税,tax,09.26NH3_KeyWords_U5_英日_問題.pdf,タックス,,tax,tax,,税,単語,0,原本保持
1971,ニューホライズン,NH,3,U5,What,makes a good leader? Unit5,Unit5 Read and Think2,"P66,P67",66,67,9,1,41,way to ~,~する方法,☆,1,,way to ~,~する方法,~する方法,way to ~,09.26NH3_KeyWords_U5_英日_問題.pdf,ウェイ トゥ ～,,way to ~,way to ~,,~する方法,表現,1,原本保持
1972,ニューホライズン,NH,3,U5,What,makes a good leader? Unit5,Unit5 Read and Think2,"P66,P67",66,67,9,1,42,legacy,遺産,,0,,legacy,遺産,遺産,legacy,09.26NH3_KeyWords_U5_英日_問題.pdf,レガシ,,legacy,legacy,,遺産,単語,0,原本保持
1973,ニューホライズン,NH,3,U5,What,makes a good leader? Unit5,Unit5 Read and Think2,"P66,P67",66,67,9,1,43,thousands of ~,何千もの~,☆,1,,thousands of ~,何千もの~,何千もの~,thousands of ~,09.26NH3_KeyWords_U5_英日_問題.pdf,サウザンドズ オブ ～,,thousands of ~,thousands of ~,,何千もの~,表現,1,原本保持
1974,ニューホライズン,NH,3,U5,What,makes a good leader? Unit5,Unit5 Read and Think2,"P66,P67",66,67,9,1,44,kilometer,キロメートル,,0,,kilometer,キロメートル,キロメートル,kilometer,09.26NH3_KeyWords_U5_英日_問題.pdf,カラマター,,kilometer,kilometer,,キロメートル,単語,0,原本保持
1975,ニューホライズン,NH,3,U5,What,makes a good leader? Unit5,Unit5 Read and Think2,"P66,P67",66,67,9,1,45,in those days,"そのころは, 当時は",☆,1,,in those days,"そのころは, 当時は","そのころは, 当時は",in those days,09.26NH3_KeyWords_U5_英日_問題.pdf,イン ゾーズ デイズ,,in those days,in those days,,"そのころは, 当時は",複数語,1,原本保持
1976,ニューホライズン,NH,3,U5,What,makes a good leader? Unit5,Unit5 Read and Think2,"P66,P67",66,67,9,1,46,colony,植民地,,0,,colony,植民地,植民地,colony,09.26NH3_KeyWords_U5_英日_問題.pdf,カラニ,,colony,colony,,植民地,単語,0,原本保持
1977,ニューホライズン,NH,3,U5,What,makes a good leader? Unit5,Unit5 Read and Think2,"P66,P67",66,67,9,1,47,spread,"広がる, 広まる",,0,,spread,"広がる, 広まる","広がる, 広まる",spread,09.26NH3_KeyWords_U5_英日_問題.pdf,スプレッド,,spread,spread,,"広がる, 広まる",単語,0,原本保持
1978,ニューホライズン,NH,3,U5,What,makes a good leader? Unit5,Unit5 Read and Think2,"P66,P67",66,67,9,1,48,peaceful,平和な,,0,,peaceful,平和な,平和な,peaceful,09.26NH3_KeyWords_U5_英日_問題.pdf,ピスファル,,peaceful,peaceful,,平和な,単語,0,原本保持
1979,ニューホライズン,NH,3,U5,Unit5 What,makes a good leader?,Unit5 教科書本文,P62～P65,62,65,9,2,49,sidewalk,歩道,,0,,sidewalk,歩道,歩道,sidewalk,09.26NH3_KeyWords_U5_英日_問題.pdf,サイドウォック,,sidewalk,sidewalk,,歩道,単語,0,原本保持
1980,ニューホライズン,NH,3,U5,Unit5 What,makes a good leader?,Unit5 教科書本文,P62～P65,62,65,9,2,50,non-violent,非暴力の,,0,,non-violent,非暴力の,非暴力の,non-violent,09.26NH3_KeyWords_U5_英日_問題.pdf,ナン・ヴァイアラント,,non-violent,non-violent,,非暴力の,単語,0,原本保持
1981,ニューホライズン,NH,3,U5,Unit5 What,makes a good leader?,Unit5 教科書本文,P62～P65,62,65,9,2,51,march,"行進, マーチ",,0,,march,"行進, マーチ","行進, マーチ",march,09.26NH3_KeyWords_U5_英日_問題.pdf,マーチ,,march,march,,"行進, マーチ",単語,0,原本保持
1982,ニューホライズン,NH,3,U5,Unit5 What,makes a good leader?,Unit5 教科書本文,P62～P65,62,65,9,2,52,British,イギリス[人]の,,0,,British,イギリス[人]の,イギリス[人]の,British,09.26NH3_KeyWords_U5_英日_問題.pdf,ブリティッシュ,,British,British,,イギリス[人]の,単語,0,原本保持
1983,ニューホライズン,NH,3,U5,Unit5 What,makes a good leader?,Unit5 教科書本文,P62～P65,62,65,9,2,53,fight,たたかい,,0,,fight,たたかい,たたかい,fight,09.26NH3_KeyWords_U5_英日_問題.pdf,ファイト,,fight,fight,,たたかい,単語,0,原本保持
1984,ニューホライズン,NH,3,U5,Unit5 What,makes a good leader?,Unit5 教科書本文,P62～P65,62,65,9,2,54,follower,支持者,,0,,follower,支持者,支持者,follower,09.26NH3_KeyWords_U5_英日_問題.pdf,ファロアー,,follower,follower,,支持者,単語,0,原本保持
1985,ニューホライズン,NH,3,U5,Unit5 What,makes a good leader?,Unit5 1～RT2,P61～P67,61,67,9,2,55,leader,"指導者, リーダー",☆,1,,leader,"指導者, リーダー","指導者, リーダー",leader,09.26NH3_KeyWords_U5_英日_問題.pdf,リダー,,leader,leader,,"指導者, リーダー",単語,0,原本保持
1986,ニューホライズン,NH,3,U5,Unit5 What,makes a good leader?,Unit5 1～RT2,P61～P67,61,67,9,2,56,lawyer,弁護士,☆,1,,lawyer,弁護士,弁護士,lawyer,09.26NH3_KeyWords_U5_英日_問題.pdf,ロヤー,,lawyer,lawyer,,弁護士,単語,0,原本保持
1987,ニューホライズン,NH,3,U5,Unit5 What,makes a good leader?,Unit5 1～RT2,P61～P67,61,67,9,2,57,human rights,人権,☆,1,,human rights,人権,人権,human rights,09.26NH3_KeyWords_U5_英日_問題.pdf,ヒュマン ライトス,,human rights,human rights,,人権,複数語,1,原本保持
1988,ニューホライズン,NH,3,U5,Unit5 What,makes a good leader?,Unit5 1～RT2,P61～P67,61,67,9,2,58,tax,税,☆,1,,tax,税,税,tax,09.26NH3_KeyWords_U5_英日_問題.pdf,タックス,,tax,tax,,税,単語,0,原本保持
1989,ニューホライズン,NH,3,U5,Unit5 What,makes a good leader?,Real Life English 5 記事への意見-投稿文-,P69,69,69,9,2,59,device,装置,☆,1,,device,装置,装置,device,09.26NH3_KeyWords_U5_英日_問題.pdf,ディヴァイス,,device,device,,装置,単語,0,原本保持
1990,ニューホライズン,NH,3,U5,Unit5 What,makes a good leader?,Real Life English 5 記事への意見-投稿文-,P69,69,69,9,2,60,bother,面倒,,0,,bother,面倒,面倒,bother,09.26NH3_KeyWords_U5_英日_問題.pdf,バザー,,bother,bother,,面倒,単語,0,原本保持
1991,ニューホライズン,NH,3,U5,Unit5 What,makes a good leader?,Real Life English 5 記事への意見-投稿文-,P69,69,69,9,2,61,decision,"決定, 結論",☆,1,,decision,"決定, 結論","決定, 結論",decision,09.26NH3_KeyWords_U5_英日_問題.pdf,ディシアン,,decision,decision,,"決定, 結論",単語,0,原本保持
1992,ニューホライズン,NH,3,U5,Unit5 What,makes a good leader?,Real Life English 5 記事への意見-投稿文-,P69,69,69,9,2,62,electronic,電子の,,0,,electronic,電子の,電子の,electronic,09.26NH3_KeyWords_U5_英日_問題.pdf,イレックトラニック,,electronic,electronic,,電子の,単語,0,原本保持
1993,ニューホライズン,NH,3,U5,Unit5 What,makes a good leader?,Real Life English 5 記事への意見-投稿文-,P69,69,69,9,2,63,text,携帯電話などでメッセージをおくる,,0,,text,携帯電話などでメッセージをおくる,携帯電話などでメッセージをおくる,text,09.26NH3_KeyWords_U5_英日_問題.pdf,テックスト,,text,text,,携帯電話などでメッセージをおくる,単語,0,原本保持
1994,ニューホライズン,NH,3,U5,Unit5 What,makes a good leader?,Real Life English 5 記事への意見-投稿文-,P69,69,69,9,2,64,common,"ふつうの, 共通の",,0,,common,"ふつうの, 共通の","ふつうの, 共通の",common,09.26NH3_KeyWords_U5_英日_問題.pdf,カマン,,common,common,,"ふつうの, 共通の",単語,0,原本保持
1995,ニューホライズン,NH,3,U5,Unit5 What,makes a good leader?,Real Life English 5 記事への意見-投稿文-,P69,69,69,9,2,65,cross,"~を横切る, 渡る",,0,,cross,"~を横切る, 渡る","~を横切る, 渡る",cross,09.26NH3_KeyWords_U5_英日_問題.pdf,クロス,,cross,cross,,"~を横切る, 渡る",単語,0,原本保持
1996,ニューホライズン,NH,3,U5,Unit5 What,makes a good leader?,Real Life English 5 記事への意見-投稿文-,P69,69,69,9,2,66,any,[主に肯定文で]どんな~でも,,0,,any,[主に肯定文で]どんな~でも,[主に肯定文で]どんな~でも,any,09.26NH3_KeyWords_U5_英日_問題.pdf,エニ,,any,any,,[主に肯定文で]どんな~でも,単語,0,原本保持
1997,ニューホライズン,NH,3,U5,Unit5 What,makes a good leader?,Real Life English 5 記事への意見-投稿文-,P69,69,69,9,2,67,ban,~を禁止する,,0,,ban,~を禁止する,~を禁止する,ban,09.26NH3_KeyWords_U5_英日_問題.pdf,バン,,ban,ban,,~を禁止する,単語,0,原本保持
1998,ニューホライズン,NH,3,U5,Unit5 What,makes a good leader?,Real Life English 5 記事への意見-投稿文-,P69,69,69,9,2,68,choose to ~,~することに決める,,0,,choose to ~,~することに決める,~することに決める,choose to ~,09.26NH3_KeyWords_U5_英日_問題.pdf,チューズ トゥ ～,,choose to ~,choose to ~,,~することに決める,表現,1,原本保持
1999,ニューホライズン,NH,3,U5,Unit5 What,makes a good leader?,Stage Activity 2 My Activity Report,"P72,P73",72,73,9,2,69,move,~を感動させる,☆,1,,move,~を感動させる,~を感動させる,move,09.26NH3_KeyWords_U5_英日_問題.pdf,ムーブ,,move,move,,~を感動させる,単語,0,原本保持
2000,ニューホライズン,NH,3,U5,Unit5 What,makes a good leader?,Stage Activity 2 My Activity Report,"P72,P73",72,73,9,2,70,spiker,(バレーボールの)スパイカー,,0,,spiker,(バレーボールの)スパイカー,(バレーボールの)スパイカー,spiker,09.26NH3_KeyWords_U5_英日_問題.pdf,スパイカー,,spiker,spiker,,(バレーボールの)スパイカー,単語,0,原本保持
2001,ニューホライズン,NH,3,U5,Unit5 What,makes a good leader?,Stage Activity 2 My Activity Report,"P72,P73",72,73,9,2,71,report,"報告, レポート",☆,1,,report,"報告, レポート","報告, レポート",report,09.26NH3_KeyWords_U5_英日_問題.pdf,リポート,,report,report,,"報告, レポート",単語,0,原本保持
2002,ニューホライズン,NH,3,U5,Unit5 What,makes a good leader?,Stage Activity 2 My Activity Report,"P72,P73",72,73,9,2,72,setter,(バレーボールの)セッター,,0,,setter,(バレーボールの)セッター,(バレーボールの)セッター,setter,09.26NH3_KeyWords_U5_英日_問題.pdf,セター,,setter,setter,,(バレーボールの)セッター,単語,0,原本保持
2003,ニューホライズン,NH,3,U5,Unit5 What,makes a good leader?,Stage Activity 2 My Activity Report,"P72,P73",72,73,9,2,73,thought,"考え, 意見",,0,,thought,"考え, 意見","考え, 意見",thought,09.26NH3_KeyWords_U5_英日_問題.pdf,ソット,,thought,thought,,"考え, 意見",単語,0,原本保持
2004,ニューホライズン,NH,3,U5,Unit5 What,makes a good leader?,Stage Activity 2 My Activity Report,"P72,P73",72,73,9,2,74,position,"位置, ポジション",,0,,position,"位置, ポジション","位置, ポジション",position,09.26NH3_KeyWords_U5_英日_問題.pdf,パジシャン,,position,position,,"位置, ポジション",単語,0,原本保持
2005,ニューホライズン,NH,3,U5,Unit5 What,makes a good leader?,Stage Activity 2 My Activity Report,"P72,P73",72,73,9,2,75,teammate,チームメイト,,0,,teammate,チームメイト,チームメイト,teammate,09.26NH3_KeyWords_U5_英日_問題.pdf,ティメイト,,teammate,teammate,,チームメイト,単語,0,原本保持
2006,ニューホライズン,NH,3,U5,Unit5 What,makes a good leader?,Stage Activity 2 My Activity Report,"P72,P73",72,73,9,2,76,few,少しの,,0,,few,少しの,少しの,few,09.26NH3_KeyWords_U5_英日_問題.pdf,フュ,,few,few,,少しの,単語,0,原本保持
2007,ニューホライズン,NH,3,U5,Unit5 What,makes a good leader?,Stage Activity 2 My Activity Report,"P72,P73",72,73,9,2,77,chance,"機会, チャンス",,0,,chance,"機会, チャンス","機会, チャンス",chance,09.26NH3_KeyWords_U5_英日_問題.pdf,チャンス,,chance,chance,,"機会, チャンス",単語,0,原本保持
2008,ニューホライズン,NH,3,U5,Unit5 What,makes a good leader?,Stage Activity 2 My Activity Report,"P72,P73",72,73,9,2,78,get the most out of ~,~を最大限に活かす,,0,,get the most out of ~,~を最大限に活かす,~を最大限に活かす,get the most out of ~,09.26NH3_KeyWords_U5_英日_問題.pdf,ゲット ザ モスト アウト オブ ～,,get the most out of ~,get the most out of ~,,~を最大限に活かす,表現,1,原本保持
2009,ニューホライズン,NH,3,U6,What,does it mean to be a global citizen? Unit6,Unit6 Part1,"P77,P78",77,78,10,1,1,wish,~であればよいのに,☆,1,,wish,~であればよいのに,~であればよいのに,wish,10.26NH3_KeyWords_U6_英日_問題.pdf,ウィッシュ,,wish,wish,,~であればよいのに,単語,0,原本保持
2010,ニューホライズン,NH,3,U6,What,does it mean to be a global citizen? Unit6,Unit6 Part1,"P77,P78",77,78,10,1,2,supply-supplies,必需品[単数形-複数形],,0,,supply-supplies,必需品[単数形-複数形],必需品[単数形-複数形],supply-supplies,10.26NH3_KeyWords_U6_英日_問題.pdf,サプライ・サプライズ,,supply-supplies,supply-supplies,,必需品[単数形-複数形],単語,0,原本保持
2011,ニューホライズン,NH,3,U6,What,does it mean to be a global citizen? Unit6,Unit6 Part1,"P77,P78",77,78,10,1,3,felt,feel(感じる)の過去分詞形,☆,1,,felt,feel(感じる)の過去分詞形,feel(感じる)の過去分詞形,felt,10.26NH3_KeyWords_U6_英日_問題.pdf,フェルト,,felt,felt,,feel(感じる)の過去分詞形,単語,0,原本保持
2012,ニューホライズン,NH,3,U6,What,does it mean to be a global citizen? Unit6,Unit6 Part1,"P77,P78",77,78,10,1,4,backpack,バックパック,,0,,backpack,バックパック,バックパック,backpack,10.26NH3_KeyWords_U6_英日_問題.pdf,バックパック,,backpack,backpack,,バックパック,単語,0,原本保持
2013,ニューホライズン,NH,3,U6,What,does it mean to be a global citizen? Unit6,Unit6 Part1,"P77,P78",77,78,10,1,5,abroad,"外国に[へ, で]",☆,1,,abroad,"外国に[へ, で]","外国に[へ, で]",abroad,10.26NH3_KeyWords_U6_英日_問題.pdf,アブロッド,,abroad,abroad,,"外国に[へ, で]",単語,0,原本保持
2014,ニューホライズン,NH,3,U6,What,does it mean to be a global citizen? Unit6,Unit6 Part1,"P77,P78",77,78,10,1,6,unused,未使用の,,0,,unused,未使用の,未使用の,unused,10.26NH3_KeyWords_U6_英日_問題.pdf,アンユズド,,unused,unused,,未使用の,単語,0,原本保持
2015,ニューホライズン,NH,3,U6,What,does it mean to be a global citizen? Unit6,Unit6 Part1,"P77,P78",77,78,10,1,7,run,~を主催する,,0,,run,~を主催する,~を主催する,run,10.26NH3_KeyWords_U6_英日_問題.pdf,ラン,,run,run,,~を主催する,単語,0,原本保持
2016,ニューホライズン,NH,3,U6,What,does it mean to be a global citizen? Unit6,Unit6 Part1,"P77,P78",77,78,10,1,8,overseas,"外国へ[で], 海外へ[で]",,0,,overseas,"外国へ[で], 海外へ[で]","外国へ[で], 海外へ[で]",overseas,10.26NH3_KeyWords_U6_英日_問題.pdf,オウヴァーシズ,,overseas,overseas,,"外国へ[で], 海外へ[で]",単語,0,原本保持
2017,ニューホライズン,NH,3,U6,What,does it mean to be a global citizen? Unit6,Unit6 Part1,"P77,P78",77,78,10,1,9,donate,~を寄付する,,0,,donate,~を寄付する,~を寄付する,donate,10.26NH3_KeyWords_U6_英日_問題.pdf,ドネイト,,donate,donate,,~を寄付する,単語,0,原本保持
2018,ニューホライズン,NH,3,U6,What,does it mean to be a global citizen? Unit6,Unit6 Part1,"P77,P78",77,78,10,1,10,this way,このように,,0,,this way,このように,このように,this way,10.26NH3_KeyWords_U6_英日_問題.pdf,ディス ウェイ,,this way,this way,,このように,複数語,1,原本保持
2019,ニューホライズン,NH,3,U6,What,does it mean to be a global citizen? Unit6,"Unit6 Part2, Read and Think1",P79～P81,79,81,10,1,11,so far,今まで(は),☆,1,,so far,今まで(は),今まで(は),so far,10.26NH3_KeyWords_U6_英日_問題.pdf,ソウ ファー,,so far,so far,,今まで(は),複数語,1,原本保持
2020,ニューホライズン,NH,3,U6,What,does it mean to be a global citizen? Unit6,"Unit6 Part2, Read and Think1",P79～P81,79,81,10,1,12,connect,"~を結びつける, つなぐ",,0,,connect,"~を結びつける, つなぐ","~を結びつける, つなぐ",connect,10.26NH3_KeyWords_U6_英日_問題.pdf,カネックト,,connect,connect,,"~を結びつける, つなぐ",単語,0,原本保持
2021,ニューホライズン,NH,3,U6,What,does it mean to be a global citizen? Unit6,"Unit6 Part2, Read and Think1",P79～P81,79,81,10,1,13,Afghanistan,アフガニスタン,,0,,Afghanistan,アフガニスタン,アフガニスタン,Afghanistan,10.26NH3_KeyWords_U6_英日_問題.pdf,アフガニスタン,,Afghanistan,Afghanistan,,アフガニスタン,単語,0,原本保持
2022,ニューホライズン,NH,3,U6,What,does it mean to be a global citizen? Unit6,"Unit6 Part2, Read and Think1",P79～P81,79,81,10,1,14,service,"サービス, 公的事業",,0,,service,"サービス, 公的事業","サービス, 公的事業",service,10.26NH3_KeyWords_U6_英日_問題.pdf,サーヴァス,,service,service,,"サービス, 公的事業",単語,0,原本保持
2023,ニューホライズン,NH,3,U6,What,does it mean to be a global citizen? Unit6,"Unit6 Part2, Read and Think1",P79～P81,79,81,10,1,15,definitely,"もちろん, 確かに",,0,,definitely,"もちろん, 確かに","もちろん, 確かに",definitely,10.26NH3_KeyWords_U6_英日_問題.pdf,デファナットリ,,definitely,definitely,,"もちろん, 確かに",単語,0,原本保持
2024,ニューホライズン,NH,3,U6,What,does it mean to be a global citizen? Unit6,"Unit6 Part2, Read and Think1",P79～P81,79,81,10,1,16,the globe,地球,,0,,the globe,地球,地球,the globe,10.26NH3_KeyWords_U6_英日_問題.pdf,ザ グロブ,,the globe,the globe,,地球,複数語,1,原本保持
2025,ニューホライズン,NH,3,U6,What,does it mean to be a global citizen? Unit6,"Unit6 Part2, Read and Think1",P79～P81,79,81,10,1,17,imagine,~を想像する,☆,1,,imagine,~を想像する,~を想像する,imagine,10.26NH3_KeyWords_U6_英日_問題.pdf,イマジャン,,imagine,imagine,,~を想像する,単語,0,原本保持
2026,ニューホライズン,NH,3,U6,What,does it mean to be a global citizen? Unit6,"Unit6 Part2, Read and Think1",P79～P81,79,81,10,1,18,border,国境,,0,,border,国境,国境,border,10.26NH3_KeyWords_U6_英日_問題.pdf,ボーダー,,border,border,,国境,単語,0,原本保持
2027,ニューホライズン,NH,3,U6,What,does it mean to be a global citizen? Unit6,"Unit6 Part2, Read and Think1",P79～P81,79,81,10,1,19,son,息子,☆,1,,son,息子,息子,son,10.26NH3_KeyWords_U6_英日_問題.pdf,サン,,son,son,,息子,単語,0,原本保持
2028,ニューホライズン,NH,3,U6,What,does it mean to be a global citizen? Unit6,"Unit6 Part2, Read and Think1",P79～P81,79,81,10,1,20,air,"空気, 空中",,0,,air,"空気, 空中","空気, 空中",air,10.26NH3_KeyWords_U6_英日_問題.pdf,エー,,air,air,,"空気, 空中",単語,0,原本保持
2029,ニューホライズン,NH,3,U6,What,does it mean to be a global citizen? Unit6,"Unit6 Part2, Read and Think1",P79～P81,79,81,10,1,21,daughter,娘,☆,1,,daughter,娘,娘,daughter,10.26NH3_KeyWords_U6_英日_問題.pdf,ドター,,daughter,daughter,,娘,単語,0,原本保持
2030,ニューホライズン,NH,3,U6,What,does it mean to be a global citizen? Unit6,"Unit6 Part2, Read and Think1",P79～P81,79,81,10,1,22,illiterate,読み書きのできない,,0,,illiterate,読み書きのできない,読み書きのできない,illiterate,10.26NH3_KeyWords_U6_英日_問題.pdf,イリターット,,illiterate,illiterate,,読み書きのできない,単語,0,原本保持
2031,ニューホライズン,NH,3,U6,What,does it mean to be a global citizen? Unit6,"Unit6 Part2, Read and Think1",P79～P81,79,81,10,1,23,most of ~,~の大部分,☆,1,,most of ~,~の大部分,~の大部分,most of ~,10.26NH3_KeyWords_U6_英日_問題.pdf,モスト オブ ～,,most of ~,most of ~,,~の大部分,表現,1,原本保持
2032,ニューホライズン,NH,3,U6,What,does it mean to be a global citizen? Unit6,"Unit6 Part2, Read and Think1",P79～P81,79,81,10,1,24,through ~,~によって,,0,,through ~,~によって,~によって,through ~,10.26NH3_KeyWords_U6_英日_問題.pdf,スルー ～,,through ~,through ~,,~によって,表現,1,原本保持
2033,ニューホライズン,NH,3,U6,What,does it mean to be a global citizen? Unit6,"Unit6 Part2, Read and Think1",P79～P81,79,81,10,1,25,be ready for ~,~の用意ができている,☆,1,,be ready for ~,~の用意ができている,~の用意ができている,be ready for ~,10.26NH3_KeyWords_U6_英日_問題.pdf,ビー レディ フォー ～,,be ready for ~,be ready for ~,,~の用意ができている,表現,1,原本保持
2034,ニューホライズン,NH,3,U6,What,does it mean to be a global citizen? Unit6,"Unit6 Part2, Read and Think1",P79～P81,79,81,10,1,26,in the open air,屋外で,,0,,in the open air,屋外で,屋外で,in the open air,10.26NH3_KeyWords_U6_英日_問題.pdf,イン ザ オープン エー,,in the open air,in the open air,,屋外で,複数語,1,原本保持
2035,ニューホライズン,NH,3,U6,What,does it mean to be a global citizen? Unit6,"Unit6 Part2, Read and Think1",P79～P81,79,81,10,1,27,encourage A to B,AにBするよう促す,☆,1,,encourage A to B,AにBするよう促す,AにBするよう促す,encourage A to B,10.26NH3_KeyWords_U6_英日_問題.pdf,エンカレッジ エイ トゥ ビー,,encourage A to B,encourage A to B,,AにBするよう促す,複数語,1,原本保持
2036,ニューホライズン,NH,3,U6,What,does it mean to be a global citizen? Unit6,Unit6 Read and Think2,"P82,P83",82,83,10,1,28,sell-sold,売る[原形-過去形],☆,1,,sell-sold,売る[原形-過去形],売る[原形-過去形],sell-sold,10.26NH3_KeyWords_U6_英日_問題.pdf,セル・ソールド,,sell-sold,sell-sold,,売る[原形-過去形],単語,0,原本保持
2037,ニューホライズン,NH,3,U6,What,does it mean to be a global citizen? Unit6,Unit6 Read and Think2,"P82,P83",82,83,10,1,29,exception,例外,,0,,exception,例外,例外,exception,10.26NH3_KeyWords_U6_英日_問題.pdf,イックセップシャン,,exception,exception,,例外,単語,0,原本保持
2038,ニューホライズン,NH,3,U6,What,does it mean to be a global citizen? Unit6,Unit6 Read and Think2,"P82,P83",82,83,10,1,30,in fact,実際に,☆,1,,in fact,実際に,実際に,in fact,10.26NH3_KeyWords_U6_英日_問題.pdf,イン ファックト,,in fact,in fact,,実際に,複数語,1,原本保持
2039,ニューホライズン,NH,3,U6,What,does it mean to be a global citizen? Unit6,Unit6 Read and Think2,"P82,P83",82,83,10,1,31,coat,"上着, コート",,0,,coat,"上着, コート","上着, コート",coat,10.26NH3_KeyWords_U6_英日_問題.pdf,コト,,coat,coat,,"上着, コート",単語,0,原本保持
2040,ニューホライズン,NH,3,U6,What,does it mean to be a global citizen? Unit6,Unit6 Read and Think2,"P82,P83",82,83,10,1,32,depend on ~,~に頼る,☆,1,,depend on ~,~に頼る,~に頼る,depend on ~,10.26NH3_KeyWords_U6_英日_問題.pdf,ディペンド オン ～,,depend on ~,depend on ~,,~に頼る,表現,1,原本保持
2041,ニューホライズン,NH,3,U6,What,does it mean to be a global citizen? Unit6,Unit6 Read and Think2,"P82,P83",82,83,10,1,33,third,3分の1の,,0,,third,3分の1の,3分の1の,third,10.26NH3_KeyWords_U6_英日_問題.pdf,サード,,third,third,,3分の1の,単語,0,原本保持
2042,ニューホライズン,NH,3,U6,What,does it mean to be a global citizen? Unit6,Unit6 Read and Think2,"P82,P83",82,83,10,1,34,surround,~を囲む,,0,,surround,~を囲む,~を囲む,surround,10.26NH3_KeyWords_U6_英日_問題.pdf,サーアウンド,,surround,surround,,~を囲む,単語,0,原本保持
2043,ニューホライズン,NH,3,U6,What,does it mean to be a global citizen? Unit6,Unit6 Read and Think2,"P82,P83",82,83,10,1,35,interdependent,相互に依存している,,0,,interdependent,相互に依存している,相互に依存している,interdependent,10.26NH3_KeyWords_U6_英日_問題.pdf,インターディペンダント,,interdependent,interdependent,,相互に依存している,単語,0,原本保持
2044,ニューホライズン,NH,3,U6,What,does it mean to be a global citizen? Unit6,Unit6 Read and Think2,"P82,P83",82,83,10,1,36,import,~を輸入する,,0,,import,~を輸入する,~を輸入する,import,10.26NH3_KeyWords_U6_英日_問題.pdf,イムポート,,import,import,,~を輸入する,単語,0,原本保持
2045,ニューホライズン,NH,3,U6,What,does it mean to be a global citizen? Unit6,Unit6 Read and Think2,"P82,P83",82,83,10,1,37,daily,日常の,,0,,daily,日常の,日常の,daily,10.26NH3_KeyWords_U6_英日_問題.pdf,デイリ,,daily,daily,,日常の,単語,0,原本保持
2046,ニューホライズン,NH,3,U6,What,does it mean to be a global citizen? Unit6,Unit6 Read and Think2,"P82,P83",82,83,10,1,38,trade,貿易,,0,,trade,貿易,貿易,trade,10.26NH3_KeyWords_U6_英日_問題.pdf,トレイド,,trade,trade,,貿易,単語,0,原本保持
2047,ニューホライズン,NH,3,U6,What,does it mean to be a global citizen? Unit6,Unit6 Read and Think2,"P82,P83",82,83,10,1,39,quite,"かなり, 相当",,0,,quite,"かなり, 相当","かなり, 相当",quite,10.26NH3_KeyWords_U6_英日_問題.pdf,クワイト,,quite,quite,,"かなり, 相当",単語,0,原本保持
2048,ニューホライズン,NH,3,U6,What,does it mean to be a global citizen? Unit6,Unit6 Read and Think2,"P82,P83",82,83,10,1,40,survival,"存続, 生き残ること",,0,,survival,"存続, 生き残ること","存続, 生き残ること",survival,10.26NH3_KeyWords_U6_英日_問題.pdf,サーヴァイヴァル,,survival,survival,,"存続, 生き残ること",単語,0,原本保持
2049,ニューホライズン,NH,3,U6,What,does it mean to be a global citizen? Unit6,Unit6 Read and Think2,"P82,P83",82,83,10,1,41,beyond ~,~をこえたところに[へ],,0,,beyond ~,~をこえたところに[へ],~をこえたところに[へ],beyond ~,10.26NH3_KeyWords_U6_英日_問題.pdf,ビアンド ～,,beyond ~,beyond ~,,~をこえたところに[へ],表現,1,原本保持
2050,ニューホライズン,NH,3,U6,What,does it mean to be a global citizen? Unit6,Unit6 Read and Think2,"P82,P83",82,83,10,1,42,relationship,"関係, 結びつき",,0,,relationship,"関係, 結びつき","関係, 結びつき",relationship,10.26NH3_KeyWords_U6_英日_問題.pdf,リレイシャンシップ,,relationship,relationship,,"関係, 結びつき",単語,0,原本保持
2051,ニューホライズン,NH,3,U6,What,does it mean to be a global citizen? Unit6,Unit6 教科書本文,P78～P81,78,81,10,1,43,Thailand,タイ,,0,,Thailand,タイ,タイ,Thailand,10.26NH3_KeyWords_U6_英日_問題.pdf,タイランド,,Thailand,Thailand,,タイ,単語,0,原本保持
2052,ニューホライズン,NH,3,U6,What,does it mean to be a global citizen? Unit6,Unit6 教科書本文,P78～P81,78,81,10,1,44,Asian,アジア(人)の,,0,,Asian,アジア(人)の,アジア(人)の,Asian,10.26NH3_KeyWords_U6_英日_問題.pdf,エイジアン,,Asian,Asian,,アジア(人)の,単語,0,原本保持
2053,ニューホライズン,NH,3,U6,What,does it mean to be a global citizen? Unit6,Unit6 教科書本文,P78～P81,78,81,10,1,45,Brazil,ブラジル,,0,,Brazil,ブラジル,ブラジル,Brazil,10.26NH3_KeyWords_U6_英日_問題.pdf,ブラジル,,Brazil,Brazil,,ブラジル,単語,0,原本保持
2054,ニューホライズン,NH,3,U6,Unit6 What,does it mean to be a global citizen?,Unit6 1～RT2,P77～P83,77,83,10,2,46,this way,このように,☆,1,,this way,このように,このように,this way,10.26NH3_KeyWords_U6_英日_問題.pdf,ディス ウェイ,,this way,this way,,このように,複数語,1,原本保持
2055,ニューホライズン,NH,3,U6,Unit6 What,does it mean to be a global citizen?,Unit6 1～RT2,P77～P83,77,83,10,2,47,beyond ~,~をこえたところに[へ],☆,1,,beyond ~,~をこえたところに[へ],~をこえたところに[へ],beyond ~,10.26NH3_KeyWords_U6_英日_問題.pdf,ビアンド ～,,beyond ~,beyond ~,,~をこえたところに[へ],表現,1,原本保持
2056,ニューホライズン,NH,3,U6,Unit6 What,does it mean to be a global citizen?,Unit6 1～RT2,P77～P83,77,83,10,2,48,import,~を輸入する,☆,1,,import,~を輸入する,~を輸入する,import,10.26NH3_KeyWords_U6_英日_問題.pdf,イムポート,,import,import,,~を輸入する,単語,0,原本保持
2057,ニューホライズン,NH,3,U6,Unit6 What,does it mean to be a global citizen?,Stage Activity 3 Let's Have a Mini Debate,P88～P90,88,90,10,2,49,stand,~をがまんする,☆,1,,stand,~をがまんする,~をがまんする,stand,10.26NH3_KeyWords_U6_英日_問題.pdf,スタンド,,stand,stand,,~をがまんする,単語,0,原本保持
2058,ニューホライズン,NH,3,U6,Unit6 What,does it mean to be a global citizen?,Stage Activity 3 Let's Have a Mini Debate,P88～P90,88,90,10,2,50,stationery,文房具,,0,,stationery,文房具,文房具,stationery,10.26NH3_KeyWords_U6_英日_問題.pdf,ステイシャネリ,,stationery,stationery,,文房具,単語,0,原本保持
2059,ニューホライズン,NH,3,U6,Unit6 What,does it mean to be a global citizen?,Stage Activity 3 Let's Have a Mini Debate,P88～P90,88,90,10,2,51,not A at all,少しもAない,☆,1,,not A at all,少しもAない,少しもAない,not A at all,10.26NH3_KeyWords_U6_英日_問題.pdf,ノット ア アット オール,,not A at all,not A at all,,少しもAない,複数語,1,原本保持
2060,ニューホライズン,NH,3,U6,Unit6 What,does it mean to be a global citizen?,Stage Activity 3 Let's Have a Mini Debate,P88～P90,88,90,10,2,52,the United States,アメリカ合衆国,,0,,the United States,アメリカ合衆国,アメリカ合衆国,the United States,10.26NH3_KeyWords_U6_英日_問題.pdf,ザ ユナイテッド ステイツ,,the United States,the United States,,アメリカ合衆国,複数語,1,原本保持
2061,ニューホライズン,NH,3,U6,Unit6 What,does it mean to be a global citizen?,Stage Activity 3 Let's Have a Mini Debate,P88～P90,88,90,10,2,53,for one thing,1つには,☆,1,,for one thing,1つには,1つには,for one thing,10.26NH3_KeyWords_U6_英日_問題.pdf,フォー ワン シング,,for one thing,for one thing,,1つには,複数語,1,原本保持
2062,ニューホライズン,NH,3,U6,Unit6 What,does it mean to be a global citizen?,Stage Activity 3 Let's Have a Mini Debate,P88～P90,88,90,10,2,54,mini debate,ミニディベート,,0,,mini debate,ミニディベート,ミニディベート,mini debate,10.26NH3_KeyWords_U6_英日_問題.pdf,ミニ ダベイト,,mini debate,mini debate,,ミニディベート,複数語,1,原本保持
2063,ニューホライズン,NH,3,U6,Unit6 What,does it mean to be a global citizen?,Stage Activity 3 Let's Have a Mini Debate,P88～P90,88,90,10,2,55,we'll,we willの短縮形,,0,,we'll,we willの短縮形,we willの短縮形,we'll,10.26NH3_KeyWords_U6_英日_問題.pdf,ウィール,,we'll,we'll,,we willの短縮形,短縮形,0,原本保持
2064,ニューホライズン,NH,3,U6,Unit6 What,does it mean to be a global citizen?,Stage Activity 3 Let's Have a Mini Debate,P88～P90,88,90,10,2,56,move on,"(次の課題などへ)移る, 進む",,0,,move on,"(次の課題などへ)移る, 進む","(次の課題などへ)移る, 進む",move on,10.26NH3_KeyWords_U6_英日_問題.pdf,ムーブ オン,,move on,move on,,"(次の課題などへ)移る, 進む",複数語,1,原本保持
2065,ニューホライズン,NH,3,U6,Unit6 What,does it mean to be a global citizen?,Stage Activity 3 Let's Have a Mini Debate,P88～P90,88,90,10,2,57,seem,"~のように見える, 思われる",,0,,seem,"~のように見える, 思われる","~のように見える, 思われる",seem,10.26NH3_KeyWords_U6_英日_問題.pdf,シム,,seem,seem,,"~のように見える, 思われる",単語,0,原本保持
2066,ニューホライズン,NH,3,U6,Unit6 What,does it mean to be a global citizen?,Stage Activity 3 Let's Have a Mini Debate,P88～P90,88,90,10,2,58,eat out,外食する,,0,,eat out,外食する,外食する,eat out,10.26NH3_KeyWords_U6_英日_問題.pdf,イート アウト,,eat out,eat out,,外食する,複数語,1,原本保持
2067,ニューホライズン,NH,3,U6,Unit6 What,does it mean to be a global citizen?,Stage Activity 3 Let's Have a Mini Debate,P88～P90,88,90,10,2,59,winner,勝者,,0,,winner,勝者,勝者,winner,10.26NH3_KeyWords_U6_英日_問題.pdf,ウィナー,,winner,winner,,勝者,単語,0,原本保持
2068,ニューホライズン,NH,3,U6,Unit6 What,does it mean to be a global citizen?,Stage Activity 3 Let's Have a Mini Debate,P88～P90,88,90,10,2,60,a variety of ~,さまざまな~,,0,,a variety of ~,さまざまな~,さまざまな~,a variety of ~,10.26NH3_KeyWords_U6_英日_問題.pdf,ア ヴァーアイアティ オブ ～,,a variety of ~,a variety of ~,,さまざまな~,表現,1,原本保持
2069,ニューホライズン,NH,3,U6,Unit6 What,does it mean to be a global citizen?,Stage Activity 3 Let's Have a Mini Debate,P88～P90,88,90,10,2,61,judge,審判員,,0,,judge,審判員,審判員,judge,10.26NH3_KeyWords_U6_英日_問題.pdf,ジャジ,,judge,judge,,審判員,単語,0,原本保持
2070,ニューホライズン,NH,3,LR2,Power,Your Future Let's Read 2,Let's Read 2 教科書本文,P92～P95,92,95,11,1,1,happen,"起こる, 生じる",☆,1,,happen,"起こる, 生じる","起こる, 生じる",happen,11.26NH3_KeyWords_LR2_英日_問題.pdf,ハプン,,happen,happen,,"起こる, 生じる",単語,0,原本保持
2071,ニューホライズン,NH,3,LR2,Power,Your Future Let's Read 2,Let's Read 2 教科書本文,P92～P95,92,95,11,1,2,heat,熱,,0,,heat,熱,熱,heat,11.26NH3_KeyWords_LR2_英日_問題.pdf,ヒト,,heat,heat,,熱,単語,0,原本保持
2072,ニューホライズン,NH,3,LR2,Power,Your Future Let's Read 2,Let's Read 2 教科書本文,P92～P95,92,95,11,1,3,solve,~を解決する,,0,,solve,~を解決する,~を解決する,solve,11.26NH3_KeyWords_LR2_英日_問題.pdf,サルヴ,,solve,solve,,~を解決する,単語,0,原本保持
2073,ニューホライズン,NH,3,LR2,Power,Your Future Let's Read 2,Let's Read 2 教科書本文,P92～P95,92,95,11,1,4,energy,エネルギー,,0,,energy,エネルギー,エネルギー,energy,11.26NH3_KeyWords_LR2_英日_問題.pdf,エナージ,,energy,energy,,エネルギー,単語,0,原本保持
2074,ニューホライズン,NH,3,LR2,Power,Your Future Let's Read 2,Let's Read 2 教科書本文,P92～P95,92,95,11,1,5,release,~を放出する,,0,,release,~を放出する,~を放出する,release,11.26NH3_KeyWords_LR2_英日_問題.pdf,リリス,,release,release,,~を放出する,単語,0,原本保持
2075,ニューホライズン,NH,3,LR2,Power,Your Future Let's Read 2,Let's Read 2 教科書本文,P92～P95,92,95,11,1,6,electricity,"電気, 電力",,0,,electricity,"電気, 電力","電気, 電力",electricity,11.26NH3_KeyWords_LR2_英日_問題.pdf,イレックトリサティ,,electricity,electricity,,"電気, 電力",単語,0,原本保持
2076,ニューホライズン,NH,3,LR2,Power,Your Future Let's Read 2,Let's Read 2 教科書本文,P92～P95,92,95,11,1,7,progress,進歩する,,0,,progress,進歩する,進歩する,progress,11.26NH3_KeyWords_LR2_英日_問題.pdf,プラグレス,,progress,progress,,進歩する,単語,0,原本保持
2077,ニューホライズン,NH,3,LR2,Power,Your Future Let's Read 2,Let's Read 2 教科書本文,P92～P95,92,95,11,1,8,dam,ダム,,0,,dam,ダム,ダム,dam,11.26NH3_KeyWords_LR2_英日_問題.pdf,ダム,,dam,dam,,ダム,単語,0,原本保持
2078,ニューホライズン,NH,3,LR2,Power,Your Future Let's Read 2,Let's Read 2 教科書本文,P92～P95,92,95,11,1,9,invent,~を発明する,,0,,invent,~を発明する,~を発明する,invent,11.26NH3_KeyWords_LR2_英日_問題.pdf,インヴェント,,invent,invent,,~を発明する,単語,0,原本保持
2079,ニューホライズン,NH,3,LR2,Power,Your Future Let's Read 2,Let's Read 2 教科書本文,P92～P95,92,95,11,1,10,consumer,消費者,,0,,consumer,消費者,消費者,consumer,11.26NH3_KeyWords_LR2_英日_問題.pdf,カンスマー,,consumer,consumer,,消費者,単語,0,原本保持
2080,ニューホライズン,NH,3,LR2,Power,Your Future Let's Read 2,Let's Read 2 教科書本文,P92～P95,92,95,11,1,11,handle,~を処理する,,0,,handle,~を処理する,~を処理する,handle,11.26NH3_KeyWords_LR2_英日_問題.pdf,ハンダル,,handle,handle,,~を処理する,単語,0,原本保持
2081,ニューホライズン,NH,3,LR2,Power,Your Future Let's Read 2,Let's Read 2 教科書本文,P92～P95,92,95,11,1,12,coal,石炭,,0,,coal,石炭,石炭,coal,11.26NH3_KeyWords_LR2_英日_問題.pdf,コール,,coal,coal,,石炭,単語,0,原本保持
2082,ニューホライズン,NH,3,LR2,Power,Your Future Let's Read 2,Let's Read 2 教科書本文,P92～P95,92,95,11,1,13,damage,~に損害を与える,,0,,damage,~に損害を与える,~に損害を与える,damage,11.26NH3_KeyWords_LR2_英日_問題.pdf,ダマジ,,damage,damage,,~に損害を与える,単語,0,原本保持
2083,ニューホライズン,NH,3,LR2,Power,Your Future Let's Read 2,Let's Read 2 教科書本文,P92～P95,92,95,11,1,14,chart,図表,,0,,chart,図表,図表,chart,11.26NH3_KeyWords_LR2_英日_問題.pdf,チャート,,chart,chart,,図表,単語,0,原本保持
2084,ニューホライズン,NH,3,LR2,Power,Your Future Let's Read 2,Let's Read 2 教科書本文,P92～P95,92,95,11,1,15,cut,cut(切る)の過去分詞形,,0,,cut,cut(切る)の過去分詞形,cut(切る)の過去分詞形,cut,11.26NH3_KeyWords_LR2_英日_問題.pdf,カット,,cut,cut,,cut(切る)の過去分詞形,単語,0,原本保持
2085,ニューホライズン,NH,3,LR2,Power,Your Future Let's Read 2,Let's Read 2 教科書本文,P92～P95,92,95,11,1,16,battery,"電池, バッテリー",,0,,battery,"電池, バッテリー","電池, バッテリー",battery,11.26NH3_KeyWords_LR2_英日_問題.pdf,バターイー,,battery,battery,,"電池, バッテリー",単語,0,原本保持
2086,ニューホライズン,NH,3,LR2,Power,Your Future Let's Read 2,Let's Read 2 教科書本文,P92～P95,92,95,11,1,17,control,~を管理する,,0,,control,~を管理する,~を管理する,control,11.26NH3_KeyWords_LR2_英日_問題.pdf,カントロール,,control,control,,~を管理する,単語,0,原本保持
2087,ニューホライズン,NH,3,LR2,Power,Your Future Let's Read 2,Let's Read 2 教科書本文,P92～P95,92,95,11,1,18,sustainable,持続可能な,,0,,sustainable,持続可能な,持続可能な,sustainable,11.26NH3_KeyWords_LR2_英日_問題.pdf,サステイナッブル,,sustainable,sustainable,,持続可能な,単語,0,原本保持
2088,ニューホライズン,NH,3,LR2,Power,Your Future Let's Read 2,Let's Read 2 教科書本文,P92～P95,92,95,11,1,19,charge,~を充電する,,0,,charge,~を充電する,~を充電する,charge,11.26NH3_KeyWords_LR2_英日_問題.pdf,チャージ,,charge,charge,,~を充電する,単語,0,原本保持
2089,ニューホライズン,NH,3,LR2,Power,Your Future Let's Read 2,Let's Read 2 教科書本文,P92～P95,92,95,11,1,20,renewable,再生可能な,,0,,renewable,再生可能な,再生可能な,renewable,11.26NH3_KeyWords_LR2_英日_問題.pdf,リヌアッブル,,renewable,renewable,,再生可能な,単語,0,原本保持
2090,ニューホライズン,NH,3,LR2,Power,Your Future Let's Read 2,Let's Read 2 教科書本文,P92～P95,92,95,11,1,21,wave,波,,0,,wave,波,波,wave,11.26NH3_KeyWords_LR2_英日_問題.pdf,ウェイヴ,,wave,wave,,波,単語,0,原本保持
2091,ニューホライズン,NH,3,LR2,Power,Your Future Let's Read 2,Let's Read 2 教科書本文,P92～P95,92,95,11,1,22,dangerous,危険な,,0,,dangerous,危険な,危険な,dangerous,11.26NH3_KeyWords_LR2_英日_問題.pdf,デインジャース,,dangerous,dangerous,,危険な,単語,0,原本保持
2092,ニューホライズン,NH,3,LR2,Power,Your Future Let's Read 2,Let's Read 2 教科書本文,P92～P95,92,95,11,1,23,sunshine,日光,,0,,sunshine,日光,日光,sunshine,11.26NH3_KeyWords_LR2_英日_問題.pdf,サンシャイン,,sunshine,sunshine,,日光,単語,0,原本保持
2093,ニューホライズン,NH,3,LR2,Power,Your Future Let's Read 2,Let's Read 2 教科書本文,P92～P95,92,95,11,1,24,cheap,(品物・料金が)安い,,0,,cheap,(品物・料金が)安い,(品物・料金が)安い,cheap,11.26NH3_KeyWords_LR2_英日_問題.pdf,チプ,,cheap,cheap,,(品物・料金が)安い,単語,0,原本保持
2094,ニューホライズン,NH,3,LR2,Power,Your Future Let's Read 2,Let's Read 2 教科書本文,P92～P95,92,95,11,1,25,steam,蒸気,,0,,steam,蒸気,蒸気,steam,11.26NH3_KeyWords_LR2_英日_問題.pdf,スティム,,steam,steam,,蒸気,単語,0,原本保持
2095,ニューホライズン,NH,3,LR2,Power,Your Future Let's Read 2,Let's Read 2 教科書本文,P92～P95,92,95,11,1,26,relatively,比較的,,0,,relatively,比較的,比較的,relatively,11.26NH3_KeyWords_LR2_英日_問題.pdf,レラティヴリ,,relatively,relatively,,比較的,単語,0,原本保持
2096,ニューホライズン,NH,3,LR2,Power,Your Future Let's Read 2,Let's Read 2 教科書本文,P92～P95,92,95,11,1,27,second,秒,,0,,second,秒,秒,second,11.26NH3_KeyWords_LR2_英日_問題.pdf,セカンド,,second,second,,秒,単語,0,原本保持
2097,ニューホライズン,NH,3,LR2,Power,Your Future Let's Read 2,Let's Read 2 教科書本文,P92～P95,92,95,11,1,28,furthermore,"そのうえ, さらに",,0,,furthermore,"そのうえ, さらに","そのうえ, さらに",furthermore,11.26NH3_KeyWords_LR2_英日_問題.pdf,ファーザーモー,,furthermore,furthermore,,"そのうえ, さらに",単語,0,原本保持
2098,ニューホライズン,NH,3,LR2,Power,Your Future Let's Read 2,Let's Read 2 教科書本文,P92～P95,92,95,11,1,29,rainwater,雨水,,0,,rainwater,雨水,雨水,rainwater,11.26NH3_KeyWords_LR2_英日_問題.pdf,レインウォター,,rainwater,rainwater,,雨水,単語,0,原本保持
2099,ニューホライズン,NH,3,LR2,Power,Your Future Let's Read 2,Let's Read 2 教科書本文,P92～P95,92,95,11,1,30,wind power,風力,,0,,wind power,風力,風力,wind power,11.26NH3_KeyWords_LR2_英日_問題.pdf,ワインド パウアー,,wind power,wind power,,風力,複数語,1,原本保持
2100,ニューホライズン,NH,3,LR2,Power,Your Future Let's Read 2,Let's Read 2 教科書本文,P92～P95,92,95,11,1,31,radiation,放射能,,0,,radiation,放射能,放射能,radiation,11.26NH3_KeyWords_LR2_英日_問題.pdf,レイディエイシャン,,radiation,radiation,,放射能,単語,0,原本保持
2101,ニューホライズン,NH,3,LR2,Power,Your Future Let's Read 2,Let's Read 2 教科書本文,P92～P95,92,95,11,1,32,water power,水力,,0,,water power,水力,水力,water power,11.26NH3_KeyWords_LR2_英日_問題.pdf,ウォーター パウアー,,water power,water power,,水力,複数語,1,原本保持
2102,ニューホライズン,NH,3,LR2,Power,Your Future Let's Read 2,Let's Read 2 教科書本文,P92～P95,92,95,11,1,33,quarter,4分の1,,0,,quarter,4分の1,4分の1,quarter,11.26NH3_KeyWords_LR2_英日_問題.pdf,クウォーター,,quarter,quarter,,4分の1,単語,0,原本保持
2103,ニューホライズン,NH,3,LR2,Power,Your Future Let's Read 2,Let's Read 2 教科書本文,P92～P95,92,95,11,1,34,nuclear power,原子力,,0,,nuclear power,原子力,原子力,nuclear power,11.26NH3_KeyWords_LR2_英日_問題.pdf,ヌクリアー パウアー,,nuclear power,nuclear power,,原子力,複数語,1,原本保持
2104,ニューホライズン,NH,3,LR2,Power,Your Future Let's Read 2,Let's Read 2 教科書本文,P92～P95,92,95,11,1,35,power,"動力, 電力",,0,,power,"動力, 電力","動力, 電力",power,11.26NH3_KeyWords_LR2_英日_問題.pdf,パウアー,,power,power,,"動力, 電力",単語,0,原本保持
2105,ニューホライズン,NH,3,LR2,Power,Your Future Let's Read 2,Let's Read 2 教科書本文,P92～P95,92,95,11,1,36,nuclear waste,核廃棄物,,0,,nuclear waste,核廃棄物,核廃棄物,nuclear waste,11.26NH3_KeyWords_LR2_英日_問題.pdf,ヌクリアー ウェイスト,,nuclear waste,nuclear waste,,核廃棄物,複数語,1,原本保持
2106,ニューホライズン,NH,3,LR2,Power,Your Future Let's Read 2,Let's Read 2 教科書本文,P92～P95,92,95,11,1,37,natural gas,天然ガス,,0,,natural gas,天然ガス,天然ガス,natural gas,11.26NH3_KeyWords_LR2_英日_問題.pdf,ナチュラル ガス,,natural gas,natural gas,,天然ガス,複数語,1,原本保持
2107,ニューホライズン,NH,3,LR2,Power,Your Future Let's Read 2,Let's Read 2 教科書本文,P92～P95,92,95,11,1,38,run out of ~,~を使い果たす,,0,,run out of ~,~を使い果たす,~を使い果たす,run out of ~,11.26NH3_KeyWords_LR2_英日_問題.pdf,ラン アウト オブ ～,,run out of ~,run out of ~,,~を使い果たす,表現,1,原本保持
2108,ニューホライズン,NH,3,LR2,Power,Your Future Let's Read 2,Let's Read 2 教科書本文,P92～P95,92,95,11,1,39,liter,リットル,,0,,liter,リットル,リットル,liter,11.26NH3_KeyWords_LR2_英日_問題.pdf,リター,,liter,liter,,リットル,単語,0,原本保持
2109,ニューホライズン,NH,3,LR2,Power,Your Future Let's Read 2,Let's Read 2 教科書本文,P92～P95,92,95,11,1,40,Azerbaijan,アゼルバイジャン,,0,,Azerbaijan,アゼルバイジャン,アゼルバイジャン,Azerbaijan,11.26NH3_KeyWords_LR2_英日_問題.pdf,アゼルバイジャン,,Azerbaijan,Azerbaijan,,アゼルバイジャン,単語,0,原本保持
2110,ニューホライズン,NH,3,LR2,Power,Your Future Let's Read 2,Let's Read 2 教科書本文,P92～P95,92,95,11,1,41,lamp,"明かり, ランプ",,0,,lamp,"明かり, ランプ","明かり, ランプ",lamp,11.26NH3_KeyWords_LR2_英日_問題.pdf,ラムプ,,lamp,lamp,,"明かり, ランプ",単語,0,原本保持
2111,ニューホライズン,NH,3,LR2,Power,Your Future Let's Read 2,Let's Read 2 教科書本文,P92～P95,92,95,11,1,42,Iceland,アイスランド,,0,,Iceland,アイスランド,アイスランド,Iceland,11.26NH3_KeyWords_LR2_英日_問題.pdf,アイスランド,,Iceland,Iceland,,アイスランド,単語,0,原本保持
2112,ニューホライズン,NH,3,LR2,Power,Your Future Let's Read 2,Let's Read 2 教科書本文,P92～P95,92,95,11,1,43,inventor,発明家,,0,,inventor,発明家,発明家,inventor,11.26NH3_KeyWords_LR2_英日_問題.pdf,インヴェンター,,inventor,inventor,,発明家,単語,0,原本保持
2113,ニューホライズン,NH,3,LR2,Power,Your Future Let's Read 2,Let's Read 2 教科書本文,P92～P95,92,95,11,1,44,Denmark,デンマーク,,0,,Denmark,デンマーク,デンマーク,Denmark,11.26NH3_KeyWords_LR2_英日_問題.pdf,デンマーク,,Denmark,Denmark,,デンマーク,単語,0,原本保持
2114,サンシャイン,SS,1,Pr,プレステップ,プレステップ,プレステップ2 アルファベットと英語のきまり,,,,1,1,1,Sunday,日曜日,☆,1,,Sunday,日曜日,日曜日,Sunday,01.26SS1_KeyWords_Pr_英日_問題.pdf,サンデイ,,Sunday,Sunday,,日曜日,単語,0,原本保持
2115,サンシャイン,SS,1,Pr,プレステップ,プレステップ,プレステップ2 アルファベットと英語のきまり,,,,1,1,2,two,"2, 2つの",☆,1,,two,"2, 2つの","2, 2つの",two,01.26SS1_KeyWords_Pr_英日_問題.pdf,トゥー,,two,two,,"2, 2つの",単語,0,原本保持
2116,サンシャイン,SS,1,Pr,プレステップ,プレステップ,プレステップ2 アルファベットと英語のきまり,,,,1,1,3,Monday,月曜日,☆,1,,Monday,月曜日,月曜日,Monday,01.26SS1_KeyWords_Pr_英日_問題.pdf,マンデイ,,Monday,Monday,,月曜日,単語,0,原本保持
2117,サンシャイン,SS,1,Pr,プレステップ,プレステップ,プレステップ2 アルファベットと英語のきまり,,,,1,1,4,three,"3, 3つの",☆,1,,three,"3, 3つの","3, 3つの",three,01.26SS1_KeyWords_Pr_英日_問題.pdf,スリー,,three,three,,"3, 3つの",単語,0,原本保持
2118,サンシャイン,SS,1,Pr,プレステップ,プレステップ,プレステップ2 アルファベットと英語のきまり,,,,1,1,5,Tuesday,火曜日,☆,1,,Tuesday,火曜日,火曜日,Tuesday,01.26SS1_KeyWords_Pr_英日_問題.pdf,チューズデイ,,Tuesday,Tuesday,,火曜日,単語,0,原本保持
2119,サンシャイン,SS,1,Pr,プレステップ,プレステップ,プレステップ2 アルファベットと英語のきまり,,,,1,1,6,Japanese,日本語,☆,1,,Japanese,日本語,日本語,Japanese,01.26SS1_KeyWords_Pr_英日_問題.pdf,ジャパニーズ,,Japanese,Japanese,,日本語,単語,0,原本保持
2120,サンシャイン,SS,1,Pr,プレステップ,プレステップ,プレステップ2 アルファベットと英語のきまり,,,,1,1,7,I,私は,☆,1,,I,私は,私は,I,01.26SS1_KeyWords_Pr_英日_問題.pdf,アイ,,I,I,,私は,単語,0,原本保持
2121,サンシャイン,SS,1,Pr,プレステップ,プレステップ,プレステップ2 アルファベットと英語のきまり,,,,1,1,8,English,英語,☆,1,確認追加:PDFのI / English行から補正,English,英語,英語,English,01.26SS1_KeyWords_Pr_英日_問題.pdf,イングリッシュ,,English,English,,英語,単語,0,原本保持
2122,サンシャイン,SS,1,Pr,プレステップ,プレステップ,プレステップ2 アルファベットと英語のきまり,,,,1,1,9,you,あなたは,☆,1,,you,あなたは,あなたは,you,01.26SS1_KeyWords_Pr_英日_問題.pdf,ユー,,you,you,,あなたは,単語,0,原本保持
2123,サンシャイン,SS,1,Pr,プレステップ,プレステップ,プレステップ2 アルファベットと英語のきまり,,,,1,1,10,soccer,サッカー,☆,1,,soccer,サッカー,サッカー,soccer,01.26SS1_KeyWords_Pr_英日_問題.pdf,サッカー,,soccer,soccer,,サッカー,単語,0,原本保持
2124,サンシャイン,SS,1,Pr,プレステップ,プレステップ,プレステップ2 アルファベットと英語のきまり,,,,1,1,11,like,~が好き,☆,1,,like,~が好き,~が好き,like,01.26SS1_KeyWords_Pr_英日_問題.pdf,ライク,,like,like,,~が好き,単語,0,原本保持
2125,サンシャイン,SS,1,Pr,プレステップ,プレステップ,プレステップ2 アルファベットと英語のきまり,,,,1,1,12,baseball,野球,☆,1,,baseball,野球,野球,baseball,01.26SS1_KeyWords_Pr_英日_問題.pdf,ベースボール,,baseball,baseball,,野球,単語,0,原本保持
2126,サンシャイン,SS,1,Pr,プレステップ,プレステップ,プレステップ2 アルファベットと英語のきまり,,,,1,1,13,study,~を勉強する,☆,1,,study,~を勉強する,~を勉強する,study,01.26SS1_KeyWords_Pr_英日_問題.pdf,スタディ,,study,study,,~を勉強する,単語,0,原本保持
2127,サンシャイン,SS,1,Pr,プレステップ,プレステップ,プレステップ2 アルファベットと英語のきまり,,,,1,1,14,bike,自転車,☆,1,,bike,自転車,自転車,bike,01.26SS1_KeyWords_Pr_英日_問題.pdf,バイク,,bike,bike,,自転車,単語,0,原本保持
2128,サンシャイン,SS,1,Pr,プレステップ,プレステップ,プレステップ2 アルファベットと英語のきまり,,,,1,1,15,have,~を持っている[飼っている],☆,1,,have,~を持っている[飼っている],~を持っている[飼っている],have,01.26SS1_KeyWords_Pr_英日_問題.pdf,ハブ,,have,have,,~を持っている[飼っている],単語,0,原本保持
2129,サンシャイン,SS,1,Pr,プレステップ,プレステップ,プレステップ2 アルファベットと英語のきまり,,,,1,1,16,car,自動車,☆,1,,car,自動車,自動車,car,01.26SS1_KeyWords_Pr_英日_問題.pdf,カー,,car,car,,自動車,単語,0,原本保持
2130,サンシャイン,SS,1,Pr,プレステップ,プレステップ,プレステップ2 アルファベットと英語のきまり,,,,1,1,17,one,"1, 1つの",☆,1,,one,"1, 1つの","1, 1つの",one,01.26SS1_KeyWords_Pr_英日_問題.pdf,ワン,,one,one,,"1, 1つの",単語,0,原本保持
2131,サンシャイン,SS,1,Pr,プレステップ,プレステップ,"プレステップ3 複数形とa, my, thisなど",,,,1,1,18,"a, an",1つの[単数形の名詞につく],☆,1,,"a, an",1つの[単数形の名詞につく],1つの[単数形の名詞につく],"a, an",01.26SS1_KeyWords_Pr_英日_問題.pdf,ア、アン,,"a, an","a, an",,1つの[単数形の名詞につく],複数語,1,原本保持
2132,サンシャイン,SS,1,Pr,プレステップ,プレステップ,"プレステップ3 複数形とa, my, thisなど",,,,1,1,19,cat,ネコ,☆,1,,cat,ネコ,ネコ,cat,01.26SS1_KeyWords_Pr_英日_問題.pdf,キャット,,cat,cat,,ネコ,単語,0,原本保持
2133,サンシャイン,SS,1,Pr,プレステップ,プレステップ,"プレステップ3 複数形とa, my, thisなど",,,,1,1,20,my,私の,☆,1,,my,私の,私の,my,01.26SS1_KeyWords_Pr_英日_問題.pdf,マイ,,my,my,,私の,単語,0,原本保持
2134,サンシャイン,SS,1,Pr,プレステップ,プレステップ,"プレステップ3 複数形とa, my, thisなど",,,,1,1,21,pen,ペン,☆,1,,pen,ペン,ペン,pen,01.26SS1_KeyWords_Pr_英日_問題.pdf,ペン,,pen,pen,,ペン,単語,0,原本保持
2135,サンシャイン,SS,1,Pr,プレステップ,プレステップ,"プレステップ3 複数形とa, my, thisなど",,,,1,1,22,this,"この, これは",☆,1,,this,"この, これは","この, これは",this,01.26SS1_KeyWords_Pr_英日_問題.pdf,ディス,,this,this,,"この, これは",単語,0,原本保持
2136,サンシャイン,SS,1,Pr,プレステップ,プレステップ,"プレステップ3 複数形とa, my, thisなど",,,,1,1,23,book,本,☆,1,,book,本,本,book,01.26SS1_KeyWords_Pr_英日_問題.pdf,ブック,,book,book,,本,単語,0,原本保持
2137,サンシャイン,SS,1,Pr,プレステップ,プレステップ,"プレステップ3 複数形とa, my, thisなど",,,,1,1,24,that,"あの, あれは",☆,1,,that,"あの, あれは","あの, あれは",that,01.26SS1_KeyWords_Pr_英日_問題.pdf,ザット,,that,that,,"あの, あれは",単語,0,原本保持
2138,サンシャイン,SS,1,Pr,プレステップ,プレステップ,"プレステップ3 複数形とa, my, thisなど",,,,1,1,25,bag,かばん,☆,1,,bag,かばん,かばん,bag,01.26SS1_KeyWords_Pr_英日_問題.pdf,バッグ,,bag,bag,,かばん,単語,0,原本保持
2139,サンシャイン,SS,1,Pr,プレステップ,プレステップ,"プレステップ3 複数形とa, my, thisなど",,,,1,1,26,some,いくつかの,☆,1,,some,いくつかの,いくつかの,some,01.26SS1_KeyWords_Pr_英日_問題.pdf,サム,,some,some,,いくつかの,単語,0,原本保持
2140,サンシャイン,SS,1,Pr,プレステップ,プレステップ,"プレステップ3 複数形とa, my, thisなど",,,,1,1,27,big,大きい,☆,1,,big,大きい,大きい,big,01.26SS1_KeyWords_Pr_英日_問題.pdf,ビッグ,,big,big,,大きい,単語,0,原本保持
2141,サンシャイン,SS,1,Pr,プレステップ,プレステップ,"プレステップ3 複数形とa, my, thisなど",,,,1,1,28,many,[数えられる名詞の複数形につけて] たくさんの,☆,1,,many,[数えられる名詞の複数形につけて] たくさんの,[数えられる名詞の複数形につけて] たくさんの,many,01.26SS1_KeyWords_Pr_英日_問題.pdf,メニー,,many,many,,[数えられる名詞の複数形につけて] たくさんの,単語,0,原本保持
2142,サンシャイン,SS,1,Pr,プレステップ,プレステップ,"プレステップ3 複数形とa, my, thisなど",,,,1,1,29,new,新しい,☆,1,,new,新しい,新しい,new,01.26SS1_KeyWords_Pr_英日_問題.pdf,ニュー,,new,new,,新しい,単語,0,原本保持
2143,サンシャイン,SS,1,Pr,プレステップ,プレステップ,"プレステップ3 複数形とa, my, thisなど",,,,1,1,30,dog,イヌ,☆,1,,dog,イヌ,イヌ,dog,01.26SS1_KeyWords_Pr_英日_問題.pdf,ドッグ,,dog,dog,,イヌ,単語,0,原本保持
2144,サンシャイン,SS,1,Pr,プレステップ,プレステップ,"プレステップ3 複数形とa, my, thisなど",,,,1,1,31,old,古い,☆,1,,old,古い,古い,old,01.26SS1_KeyWords_Pr_英日_問題.pdf,オールド,,old,old,,古い,単語,0,原本保持
2145,サンシャイン,SS,1,Pr,プレステップ,プレステップ,プレステップ4 だれが何をどうする,,,,1,1,32,we,私たちは,☆,1,,we,私たちは,私たちは,we,01.26SS1_KeyWords_Pr_英日_問題.pdf,ウィー,,we,we,,私たちは,単語,0,原本保持
2146,サンシャイン,SS,1,Pr,プレステップ,プレステップ,プレステップ4 だれが何をどうする,,,,1,1,33,play,~をする,☆,1,,play,~をする,~をする,play,01.26SS1_KeyWords_Pr_英日_問題.pdf,プレイ,,play,play,,~をする,単語,0,原本保持
2147,サンシャイン,SS,1,Pr,プレステップ,プレステップ,プレステップ4 だれが何をどうする,,,,1,1,34,they,"彼らは, それらは",☆,1,,they,"彼らは, それらは","彼らは, それらは",they,01.26SS1_KeyWords_Pr_英日_問題.pdf,ゼイ,,they,they,,"彼らは, それらは",単語,0,原本保持
2148,サンシャイン,SS,1,Pr,プレステップ,プレステップ,プレステップ4 だれが何をどうする,,,,1,1,35,clean,~をそうじする,☆,1,,clean,~をそうじする,~をそうじする,clean,01.26SS1_KeyWords_Pr_英日_問題.pdf,クリーン,,clean,clean,,~をそうじする,単語,0,原本保持
2149,サンシャイン,SS,1,Pr,プレステップ,プレステップ,プレステップ4 だれが何をどうする,,,,1,1,36,run,走る,☆,1,,run,走る,走る,run,01.26SS1_KeyWords_Pr_英日_問題.pdf,ラン,,run,run,,走る,単語,0,原本保持
2150,サンシャイン,SS,1,Pr,プレステップ,プレステップ,プレステップ4 だれが何をどうする,,,,1,1,37,make,~を作る,☆,1,,make,~を作る,~を作る,make,01.26SS1_KeyWords_Pr_英日_問題.pdf,メイク,,make,make,,~を作る,単語,0,原本保持
2151,サンシャイン,SS,1,Pr,プレステップ,プレステップ,プレステップ4 だれが何をどうする,,,,1,1,38,swim,泳ぐ,☆,1,,swim,泳ぐ,泳ぐ,swim,01.26SS1_KeyWords_Pr_英日_問題.pdf,スイム,,swim,swim,,泳ぐ,単語,0,原本保持
2152,サンシャイン,SS,1,Pr,プレステップ,プレステップ,プレステップ4 だれが何をどうする,,,,1,1,39,eat,~を食べる,☆,1,,eat,~を食べる,~を食べる,eat,01.26SS1_KeyWords_Pr_英日_問題.pdf,イート,,eat,eat,,~を食べる,単語,0,原本保持
2153,サンシャイン,SS,1,Pr,プレステップ,プレステップ,プレステップ4 だれが何をどうする,,,,1,1,40,speak,~を話す,☆,1,,speak,~を話す,~を話す,speak,01.26SS1_KeyWords_Pr_英日_問題.pdf,スピーク,,speak,speak,,~を話す,単語,0,原本保持
2154,サンシャイン,SS,1,Pr,プレステップ,プレステップ,プレステップ4 だれが何をどうする,,,,1,1,41,room,部屋,☆,1,,room,部屋,部屋,room,01.26SS1_KeyWords_Pr_英日_問題.pdf,ルーム,,room,room,,部屋,単語,0,原本保持
2155,サンシャイン,SS,1,Pr,プレステップ,プレステップ,プレステップ5 どこで(前置詞1),,,,1,1,42,in,~の中に,☆,1,,in,~の中に,~の中に,in,01.26SS1_KeyWords_Pr_英日_問題.pdf,イン,,in,in,,~の中に,単語,0,原本保持
2156,サンシャイン,SS,1,Pr,プレステップ,プレステップ,プレステップ5 どこで(前置詞1),,,,1,1,43,go to ~,~に行く,☆,1,,go to ~,~に行く,~に行く,go to ~,01.26SS1_KeyWords_Pr_英日_問題.pdf,ゴウ トゥ ～,,go to ~,go to ~,,~に行く,表現,1,原本保持
2157,サンシャイン,SS,1,Pr,プレステップ,プレステップ,プレステップ5 どこで(前置詞1),,,,1,1,44,on,~の上に,☆,1,,on,~の上に,~の上に,on,01.26SS1_KeyWords_Pr_英日_問題.pdf,オン,,on,on,,~の上に,単語,0,原本保持
2158,サンシャイン,SS,1,Pr,プレステップ,プレステップ,プレステップ5 どこで(前置詞1),,,,1,1,45,here,ここで,☆,1,,here,ここで,ここで,here,01.26SS1_KeyWords_Pr_英日_問題.pdf,ヒア,,here,here,,ここで,単語,0,原本保持
2159,サンシャイン,SS,1,Pr,プレステップ,プレステップ,プレステップ5 どこで(前置詞1),,,,1,1,46,at,~で,☆,1,,at,~で,~で,at,01.26SS1_KeyWords_Pr_英日_問題.pdf,アット,,at,at,,~で,単語,0,原本保持
2160,サンシャイン,SS,1,Pr,プレステップ,プレステップ,プレステップ5 どこで(前置詞1),,,,1,1,47,there,そこで,☆,1,,there,そこで,そこで,there,01.26SS1_KeyWords_Pr_英日_問題.pdf,ゼア,,there,there,,そこで,単語,0,原本保持
2161,サンシャイン,SS,1,Pr,プレステップ,プレステップ,プレステップ5 どこで(前置詞1),,,,1,1,48,by,[交通手段]で,☆,1,,by,[交通手段]で,[交通手段]で,by,01.26SS1_KeyWords_Pr_英日_問題.pdf,バイ,,by,by,,[交通手段]で,単語,0,原本保持
2162,サンシャイン,SS,1,Pr,プレステップ,プレステップ,プレステップ5 どこで(前置詞1),,,,1,1,49,park,公園,☆,1,,park,公園,公園,park,01.26SS1_KeyWords_Pr_英日_問題.pdf,パーク,,park,park,,公園,単語,0,原本保持
2163,サンシャイン,SS,1,Pr,プレステップ,プレステップ,プレステップ5 どこで(前置詞1),,,,1,1,50,with,~といっしょに,☆,1,,with,~といっしょに,~といっしょに,with,01.26SS1_KeyWords_Pr_英日_問題.pdf,ウィズ,,with,with,,~といっしょに,単語,0,原本保持
2164,サンシャイン,SS,1,Pr,プレステップ,プレステップ,プレステップ5 どこで(前置詞1),,,,1,1,51,school,学校,☆,1,,school,学校,学校,school,01.26SS1_KeyWords_Pr_英日_問題.pdf,スクール,,school,school,,学校,単語,0,原本保持
2165,サンシャイン,SS,1,Pr,プレステップ,プレステップ,プレステップ5 どこで(前置詞1),,,,1,1,52,meet,~に会う,☆,1,,meet,~に会う,~に会う,meet,01.26SS1_KeyWords_Pr_英日_問題.pdf,ミート,,meet,meet,,~に会う,単語,0,原本保持
2166,サンシャイン,SS,1,Pr,プレステップ,プレステップ,プレステップ5 どこで(前置詞1),,,,1,1,53,library,図書館,☆,1,,library,図書館,図書館,library,01.26SS1_KeyWords_Pr_英日_問題.pdf,ライブラリー,,library,library,,図書館,単語,0,原本保持
2167,サンシャイン,SS,1,Pr,プレステップ,,プレステップ6 いつ(前置詞2),,,,1,2,54,in,"[年, 月, 季節]に",☆,1,,in,"[年, 月, 季節]に","[年, 月, 季節]に",in,01.26SS1_KeyWords_Pr_英日_問題.pdf,イン,,in,in,,"[年, 月, 季節]に",単語,0,原本保持
2168,サンシャイン,SS,1,Pr,プレステップ,,プレステップ6 いつ(前置詞2),,,,1,2,55,Saturday,土曜日,☆,1,,Saturday,土曜日,土曜日,Saturday,01.26SS1_KeyWords_Pr_英日_問題.pdf,サタデイ,,Saturday,Saturday,,土曜日,単語,0,原本保持
2169,サンシャイン,SS,1,Pr,プレステップ,,プレステップ6 いつ(前置詞2),,,,1,2,56,on,"[日, 曜日]に",☆,1,,on,"[日, 曜日]に","[日, 曜日]に",on,01.26SS1_KeyWords_Pr_英日_問題.pdf,オン,,on,on,,"[日, 曜日]に",単語,0,原本保持
2170,サンシャイン,SS,1,Pr,プレステップ,,プレステップ6 いつ(前置詞2),,,,1,2,57,every,毎~,☆,1,,every,毎~,毎~,every,01.26SS1_KeyWords_Pr_英日_問題.pdf,エブリ,,every,every,,毎~,単語,0,原本保持
2171,サンシャイン,SS,1,Pr,プレステップ,,プレステップ6 いつ(前置詞2),,,,1,2,58,at,[時刻]に,☆,1,,at,[時刻]に,[時刻]に,at,01.26SS1_KeyWords_Pr_英日_問題.pdf,アット,,at,at,,[時刻]に,単語,0,原本保持
2172,サンシャイン,SS,1,Pr,プレステップ,,プレステップ6 いつ(前置詞2),,,,1,2,59,April,4月,☆,1,,April,4月,4月,April,01.26SS1_KeyWords_Pr_英日_問題.pdf,エイプリル,,April,April,,4月,単語,0,原本保持
2173,サンシャイン,SS,1,Pr,プレステップ,,プレステップ6 いつ(前置詞2),,,,1,2,60,Wednesday,水曜日,☆,1,,Wednesday,水曜日,水曜日,Wednesday,01.26SS1_KeyWords_Pr_英日_問題.pdf,ウェンズデイ,,Wednesday,Wednesday,,水曜日,単語,0,原本保持
2174,サンシャイン,SS,1,Pr,プレステップ,,プレステップ6 いつ(前置詞2),,,,1,2,61,July,7月,☆,1,,July,7月,7月,July,01.26SS1_KeyWords_Pr_英日_問題.pdf,ジュライ,,July,July,,7月,単語,0,原本保持
2175,サンシャイン,SS,1,Pr,プレステップ,,プレステップ6 いつ(前置詞2),,,,1,2,62,Thursday,木曜日,☆,1,,Thursday,木曜日,木曜日,Thursday,01.26SS1_KeyWords_Pr_英日_問題.pdf,サーズデイ,,Thursday,Thursday,,木曜日,単語,0,原本保持
2176,サンシャイン,SS,1,Pr,プレステップ,,プレステップ6 いつ(前置詞2),,,,1,2,63,summer,夏,☆,1,,summer,夏,夏,summer,01.26SS1_KeyWords_Pr_英日_問題.pdf,サマー,,summer,summer,,夏,単語,0,原本保持
2177,サンシャイン,SS,1,Pr,プレステップ,,プレステップ6 いつ(前置詞2),,,,1,2,64,Friday,金曜日,☆,1,,Friday,金曜日,金曜日,Friday,01.26SS1_KeyWords_Pr_英日_問題.pdf,フライデイ,,Friday,Friday,,金曜日,単語,0,原本保持
2178,サンシャイン,SS,1,Pr,プレステップ,,プレステップ6 いつ(前置詞2),,,,1,2,65,winter,冬,☆,1,,winter,冬,冬,winter,01.26SS1_KeyWords_Pr_英日_問題.pdf,ウィンター,,winter,winter,,冬,単語,0,原本保持
2179,サンシャイン,SS,1,Pr,プレステップ,,プレステップ7 be動詞,,,,1,2,66,am-are-is,~です(be動詞),☆,1,,am-are-is,~です(be動詞),~です(be動詞),am-are-is,01.26SS1_KeyWords_Pr_英日_問題.pdf,アム・アー・イズ,,am-are-is,am-are-is,,~です(be動詞),単語,0,原本保持
2180,サンシャイン,SS,1,Pr,プレステップ,,プレステップ7 be動詞,,,,1,2,67,brother,"兄, 弟, 兄弟",☆,1,,brother,"兄, 弟, 兄弟","兄, 弟, 兄弟",brother,01.26SS1_KeyWords_Pr_英日_問題.pdf,ブラザー,,brother,brother,,"兄, 弟, 兄弟",単語,0,原本保持
2181,サンシャイン,SS,1,Pr,プレステップ,,プレステップ7 be動詞,,,,1,2,68,he,彼は,☆,1,,he,彼は,彼は,he,01.26SS1_KeyWords_Pr_英日_問題.pdf,ヒー,,he,he,,彼は,単語,0,原本保持
2182,サンシャイン,SS,1,Pr,プレステップ,,プレステップ7 be動詞,,,,1,2,69,sister,"姉, 妹, 姉妹",☆,1,,sister,"姉, 妹, 姉妹","姉, 妹, 姉妹",sister,01.26SS1_KeyWords_Pr_英日_問題.pdf,シスター,,sister,sister,,"姉, 妹, 姉妹",単語,0,原本保持
2183,サンシャイン,SS,1,Pr,プレステップ,,プレステップ7 be動詞,,,,1,2,70,she,彼女は,☆,1,,she,彼女は,彼女は,she,01.26SS1_KeyWords_Pr_英日_問題.pdf,シー,,she,she,,彼女は,単語,0,原本保持
2184,サンシャイン,SS,1,Pr,プレステップ,,プレステップ7 be動詞,,,,1,2,71,friend,友だち,☆,1,,friend,友だち,友だち,friend,01.26SS1_KeyWords_Pr_英日_問題.pdf,フレンド,,friend,friend,,友だち,単語,0,原本保持
2185,サンシャイン,SS,1,Pr,プレステップ,,プレステップ7 be動詞,,,,1,2,72,teacher,先生,☆,1,,teacher,先生,先生,teacher,01.26SS1_KeyWords_Pr_英日_問題.pdf,ティーチャー,,teacher,teacher,,先生,単語,0,原本保持
2186,サンシャイン,SS,1,Pr,プレステップ,,プレステップ7 be動詞,,,,1,2,73,busy,いそがしい,☆,1,,busy,いそがしい,いそがしい,busy,01.26SS1_KeyWords_Pr_英日_問題.pdf,ビジー,,busy,busy,,いそがしい,単語,0,原本保持
2187,サンシャイン,SS,1,Pr,プレステップ,,プレステップ7 be動詞,,,,1,2,74,father,"父, お父さん",☆,1,,father,"父, お父さん","父, お父さん",father,01.26SS1_KeyWords_Pr_英日_問題.pdf,ファーザー,,father,father,,"父, お父さん",単語,0,原本保持
2188,サンシャイン,SS,1,Pr,プレステップ,,プレステップ7 be動詞,,,,1,2,75,free,ひまな,☆,1,,free,ひまな,ひまな,free,01.26SS1_KeyWords_Pr_英日_問題.pdf,フリー,,free,free,,ひまな,単語,0,原本保持
2189,サンシャイン,SS,1,Pr,プレステップ,,プレステップ7 be動詞,,,,1,2,76,mother,"母, お母さん",☆,1,,mother,"母, お母さん","母, お母さん",mother,01.26SS1_KeyWords_Pr_英日_問題.pdf,マザー,,mother,mother,,"母, お母さん",単語,0,原本保持
2190,サンシャイン,SS,1,Pr,プレステップ,,プレステップ7 be動詞,,,,1,2,77,these,"これらは, これらの",☆,1,,these,"これらは, これらの","これらは, これらの",these,01.26SS1_KeyWords_Pr_英日_問題.pdf,ジーズ,,these,these,,"これらは, これらの",単語,0,原本保持
2191,サンシャイン,SS,1,Pr,プレステップ,,プレステップ8 一般動詞,,,,1,2,78,read,~を読む,☆,1,,read,~を読む,~を読む,read,01.26SS1_KeyWords_Pr_英日_問題.pdf,リード,,read,read,,~を読む,単語,0,原本保持
2192,サンシャイン,SS,1,Pr,プレステップ,,プレステップ8 一般動詞,,,,1,2,79,lunch,昼食,☆,1,,lunch,昼食,昼食,lunch,01.26SS1_KeyWords_Pr_英日_問題.pdf,ランチ,,lunch,lunch,,昼食,単語,0,原本保持
2193,サンシャイン,SS,1,Pr,プレステップ,,プレステップ8 一般動詞,,,,1,2,80,use,~を使う,☆,1,,use,~を使う,~を使う,use,01.26SS1_KeyWords_Pr_英日_問題.pdf,ユーズ,,use,use,,~を使う,単語,0,原本保持
2194,サンシャイン,SS,1,Pr,プレステップ,,プレステップ8 一般動詞,,,,1,2,81,dinner,夕食,☆,1,,dinner,夕食,夕食,dinner,01.26SS1_KeyWords_Pr_英日_問題.pdf,ディナー,,dinner,dinner,,夕食,単語,0,原本保持
2195,サンシャイン,SS,1,Pr,プレステップ,,プレステップ8 一般動詞,,,,1,2,82,watch,~を見る,☆,1,,watch,~を見る,~を見る,watch,01.26SS1_KeyWords_Pr_英日_問題.pdf,ウォッチ,,watch,watch,,~を見る,単語,0,原本保持
2196,サンシャイン,SS,1,Pr,プレステップ,,プレステップ8 一般動詞,,,,1,2,83,tennis,テニス,☆,1,,tennis,テニス,テニス,tennis,01.26SS1_KeyWords_Pr_英日_問題.pdf,テニス,,tennis,tennis,,テニス,単語,0,原本保持
2197,サンシャイン,SS,1,Pr,プレステップ,,プレステップ8 一般動詞,,,,1,2,84,know,~を知っている,☆,1,,know,~を知っている,~を知っている,know,01.26SS1_KeyWords_Pr_英日_問題.pdf,ノウ,,know,know,,~を知っている,単語,0,原本保持
2198,サンシャイン,SS,1,Pr,プレステップ,,プレステップ8 一般動詞,,,,1,2,85,boy,"男の子, 少年",☆,1,,boy,"男の子, 少年","男の子, 少年",boy,01.26SS1_KeyWords_Pr_英日_問題.pdf,ボーイ,,boy,boy,,"男の子, 少年",単語,0,原本保持
2199,サンシャイン,SS,1,Pr,プレステップ,,プレステップ8 一般動詞,,,,1,2,86,his,彼の,☆,1,,his,彼の,彼の,his,01.26SS1_KeyWords_Pr_英日_問題.pdf,ヒズ,,his,his,,彼の,単語,0,原本保持
2200,サンシャイン,SS,1,Pr,プレステップ,,プレステップ8 一般動詞,,,,1,2,87,girl,"女の子, 少女",☆,1,,girl,"女の子, 少女","女の子, 少女",girl,01.26SS1_KeyWords_Pr_英日_問題.pdf,ガール,,girl,girl,,"女の子, 少女",単語,0,原本保持
2201,サンシャイン,SS,1,Pr,プレステップ,,プレステップ8 一般動詞,,,,1,2,88,her,彼女の,☆,1,,her,彼女の,彼女の,her,01.26SS1_KeyWords_Pr_英日_問題.pdf,ハー,,her,her,,彼女の,単語,0,原本保持
2202,サンシャイン,SS,1,Pr,プレステップ,,プレステップ8 一般動詞,,,,1,2,89,after,~のあとに,☆,1,,after,~のあとに,~のあとに,after,01.26SS1_KeyWords_Pr_英日_問題.pdf,アフター,,after,after,,~のあとに,単語,0,原本保持
2203,サンシャイン,SS,1,Pr,プレステップ,,プレステップ9 can,,,,1,2,90,can,~できる,☆,1,,can,~できる,~できる,can,01.26SS1_KeyWords_Pr_英日_問題.pdf,キャン,,can,can,,~できる,単語,0,原本保持
2204,サンシャイン,SS,1,Pr,プレステップ,,プレステップ9 can,,,,1,2,91,computer,コンピュータ,☆,1,,computer,コンピュータ,コンピュータ,computer,01.26SS1_KeyWords_Pr_英日_問題.pdf,コンピューター,,computer,computer,,コンピュータ,単語,0,原本保持
2205,サンシャイン,SS,1,Pr,プレステップ,,プレステップ9 can,,,,1,2,92,can't[cannot],~できない,☆,1,,can't[cannot],~できない,~できない,can't[cannot],01.26SS1_KeyWords_Pr_英日_問題.pdf,キャント（キャノット）,,can't[cannot],can't[cannot],,~できない,単語,0,原本保持
2206,サンシャイン,SS,1,Pr,プレステップ,,プレステップ9 can,,,,1,2,93,homework,宿題,☆,1,,homework,宿題,宿題,homework,01.26SS1_KeyWords_Pr_英日_問題.pdf,ホームワーク,,homework,homework,,宿題,単語,0,原本保持
2207,サンシャイン,SS,1,Pr,プレステップ,,プレステップ9 can,,,,1,2,94,buy,~を買う,☆,1,,buy,~を買う,~を買う,buy,01.26SS1_KeyWords_Pr_英日_問題.pdf,バイ,,buy,buy,,~を買う,単語,0,原本保持
2208,サンシャイン,SS,1,Pr,プレステップ,,プレステップ9 can,,,,1,2,95,piano,ピアノ,☆,1,,piano,ピアノ,ピアノ,piano,01.26SS1_KeyWords_Pr_英日_問題.pdf,ピアノ,,piano,piano,,ピアノ,単語,0,原本保持
2209,サンシャイン,SS,1,Pr,プレステップ,,プレステップ9 can,,,,1,2,96,write,~を書く,☆,1,,write,~を書く,~を書く,write,01.26SS1_KeyWords_Pr_英日_問題.pdf,ライト,,write,write,,~を書く,単語,0,原本保持
2210,サンシャイン,SS,1,Pr,プレステップ,,プレステップ9 can,,,,1,2,97,guitar,ギター,☆,1,,guitar,ギター,ギター,guitar,01.26SS1_KeyWords_Pr_英日_問題.pdf,ギター,,guitar,guitar,,ギター,単語,0,原本保持
2211,サンシャイン,SS,1,Pr,プレステップ,,プレステップ9 can,,,,1,2,98,do,(宿題などを)する,☆,1,,do,(宿題などを)する,(宿題などを)する,do,01.26SS1_KeyWords_Pr_英日_問題.pdf,ドゥ,,do,do,,(宿題などを)する,単語,0,原本保持
2212,サンシャイン,SS,1,Pr,プレステップ,,プレステップ9 can,,,,1,2,99,well,じょうずに,☆,1,,well,じょうずに,じょうずに,well,01.26SS1_KeyWords_Pr_英日_問題.pdf,ウェル,,well,well,,じょうずに,単語,0,原本保持
2213,サンシャイン,SS,1,Pr,プレステップ,,プレステップ9 can,,,,1,2,100,video game,テレビゲーム,☆,1,,video game,テレビゲーム,テレビゲーム,video game,01.26SS1_KeyWords_Pr_英日_問題.pdf,ビデオ ゲーム,,video game,video game,,テレビゲーム,複数語,1,原本保持
2214,サンシャイン,SS,1,Pr,プレステップ,,プレステップ9 can,,,,1,2,101,today,今日(は),☆,1,,today,今日(は),今日(は),today,01.26SS1_KeyWords_Pr_英日_問題.pdf,トゥデイ,,today,today,,今日(は),単語,0,原本保持
2215,サンシャイン,SS,1,GR,Get,Ready Get Ready,Get Ready❸ 新しい仲間にインタビューしよう,"P12,P13",12,13,2,1,1,one,1(の),☆,1,,one,1(の),1(の),one,02.26SS1_KeyWords_GR_英日_問題.pdf,ワン,,one,one,,1(の),単語,0,原本保持
2216,サンシャイン,SS,1,GR,Get,Ready Get Ready,Get Ready❸ 新しい仲間にインタビューしよう,"P12,P13",12,13,2,1,2,January,1月,☆,1,,January,1月,1月,January,02.26SS1_KeyWords_GR_英日_問題.pdf,ジャニュアリー,,January,January,,1月,単語,0,原本保持
2217,サンシャイン,SS,1,GR,Get,Ready Get Ready,Get Ready❸ 新しい仲間にインタビューしよう,"P12,P13",12,13,2,1,3,two,2(の),☆,1,,two,2(の),2(の),two,02.26SS1_KeyWords_GR_英日_問題.pdf,トゥー,,two,two,,2(の),単語,0,原本保持
2218,サンシャイン,SS,1,GR,Get,Ready Get Ready,Get Ready❸ 新しい仲間にインタビューしよう,"P12,P13",12,13,2,1,4,February,2月,☆,1,,February,2月,2月,February,02.26SS1_KeyWords_GR_英日_問題.pdf,フェブラリー,,February,February,,2月,単語,0,原本保持
2219,サンシャイン,SS,1,GR,Get,Ready Get Ready,Get Ready❸ 新しい仲間にインタビューしよう,"P12,P13",12,13,2,1,5,three,3(の),☆,1,,three,3(の),3(の),three,02.26SS1_KeyWords_GR_英日_問題.pdf,スリー,,three,three,,3(の),単語,0,原本保持
2220,サンシャイン,SS,1,GR,Get,Ready Get Ready,Get Ready❸ 新しい仲間にインタビューしよう,"P12,P13",12,13,2,1,6,March,3月,☆,1,,March,3月,3月,March,02.26SS1_KeyWords_GR_英日_問題.pdf,マーチ,,March,March,,3月,単語,0,原本保持
2221,サンシャイン,SS,1,GR,Get,Ready Get Ready,Get Ready❸ 新しい仲間にインタビューしよう,"P12,P13",12,13,2,1,7,four,4(の),☆,1,,four,4(の),4(の),four,02.26SS1_KeyWords_GR_英日_問題.pdf,フォー,,four,four,,4(の),単語,0,原本保持
2222,サンシャイン,SS,1,GR,Get,Ready Get Ready,Get Ready❸ 新しい仲間にインタビューしよう,"P12,P13",12,13,2,1,8,April,4月,☆,1,,April,4月,4月,April,02.26SS1_KeyWords_GR_英日_問題.pdf,エイプリル,,April,April,,4月,単語,0,原本保持
2223,サンシャイン,SS,1,GR,Get,Ready Get Ready,Get Ready❸ 新しい仲間にインタビューしよう,"P12,P13",12,13,2,1,9,five,5(の),☆,1,,five,5(の),5(の),five,02.26SS1_KeyWords_GR_英日_問題.pdf,ファイブ,,five,five,,5(の),単語,0,原本保持
2224,サンシャイン,SS,1,GR,Get,Ready Get Ready,Get Ready❸ 新しい仲間にインタビューしよう,"P12,P13",12,13,2,1,10,May,5月,☆,1,,May,5月,5月,May,02.26SS1_KeyWords_GR_英日_問題.pdf,メイ,,May,May,,5月,単語,0,原本保持
2225,サンシャイン,SS,1,GR,Get,Ready Get Ready,Get Ready❸ 新しい仲間にインタビューしよう,"P12,P13",12,13,2,1,11,six,6(の),☆,1,,six,6(の),6(の),six,02.26SS1_KeyWords_GR_英日_問題.pdf,シックス,,six,six,,6(の),単語,0,原本保持
2226,サンシャイン,SS,1,GR,Get,Ready Get Ready,Get Ready❸ 新しい仲間にインタビューしよう,"P12,P13",12,13,2,1,12,June,6月,☆,1,,June,6月,6月,June,02.26SS1_KeyWords_GR_英日_問題.pdf,ジューン,,June,June,,6月,単語,0,原本保持
2227,サンシャイン,SS,1,GR,Get,Ready Get Ready,Get Ready❸ 新しい仲間にインタビューしよう,"P12,P13",12,13,2,1,13,seven,7(の),☆,1,,seven,7(の),7(の),seven,02.26SS1_KeyWords_GR_英日_問題.pdf,セブン,,seven,seven,,7(の),単語,0,原本保持
2228,サンシャイン,SS,1,GR,Get,Ready Get Ready,Get Ready❸ 新しい仲間にインタビューしよう,"P12,P13",12,13,2,1,14,July,7月,☆,1,,July,7月,7月,July,02.26SS1_KeyWords_GR_英日_問題.pdf,ジュライ,,July,July,,7月,単語,0,原本保持
2229,サンシャイン,SS,1,GR,Get,Ready Get Ready,Get Ready❸ 新しい仲間にインタビューしよう,"P12,P13",12,13,2,1,15,eight,8(の),☆,1,,eight,8(の),8(の),eight,02.26SS1_KeyWords_GR_英日_問題.pdf,エイト,,eight,eight,,8(の),単語,0,原本保持
2230,サンシャイン,SS,1,GR,Get,Ready Get Ready,Get Ready❸ 新しい仲間にインタビューしよう,"P12,P13",12,13,2,1,16,August,8月,☆,1,,August,8月,8月,August,02.26SS1_KeyWords_GR_英日_問題.pdf,オーガスト,,August,August,,8月,単語,0,原本保持
2231,サンシャイン,SS,1,GR,Get,Ready Get Ready,Get Ready❸ 新しい仲間にインタビューしよう,"P12,P13",12,13,2,1,17,nine,9(の),☆,1,,nine,9(の),9(の),nine,02.26SS1_KeyWords_GR_英日_問題.pdf,ナイン,,nine,nine,,9(の),単語,0,原本保持
2232,サンシャイン,SS,1,GR,Get,Ready Get Ready,Get Ready❸ 新しい仲間にインタビューしよう,"P12,P13",12,13,2,1,18,September,9月,☆,1,,September,9月,9月,September,02.26SS1_KeyWords_GR_英日_問題.pdf,セプテンバー,,September,September,,9月,単語,0,原本保持
2233,サンシャイン,SS,1,GR,Get,Ready Get Ready,Get Ready❸ 新しい仲間にインタビューしよう,"P12,P13",12,13,2,1,19,ten,10(の),☆,1,,ten,10(の),10(の),ten,02.26SS1_KeyWords_GR_英日_問題.pdf,テン,,ten,ten,,10(の),単語,0,原本保持
2234,サンシャイン,SS,1,GR,Get,Ready Get Ready,Get Ready❸ 新しい仲間にインタビューしよう,"P12,P13",12,13,2,1,20,October,10月,☆,1,,October,10月,10月,October,02.26SS1_KeyWords_GR_英日_問題.pdf,オクトーバー,,October,October,,10月,単語,0,原本保持
2235,サンシャイン,SS,1,GR,Get,Ready Get Ready,Get Ready❸ 新しい仲間にインタビューしよう,"P12,P13",12,13,2,1,21,eleven,11(の),☆,1,,eleven,11(の),11(の),eleven,02.26SS1_KeyWords_GR_英日_問題.pdf,イレブン,,eleven,eleven,,11(の),単語,0,原本保持
2236,サンシャイン,SS,1,GR,Get,Ready Get Ready,Get Ready❸ 新しい仲間にインタビューしよう,"P12,P13",12,13,2,1,22,November,11月,☆,1,,November,11月,11月,November,02.26SS1_KeyWords_GR_英日_問題.pdf,ノベンバー,,November,November,,11月,単語,0,原本保持
2237,サンシャイン,SS,1,GR,Get,Ready Get Ready,Get Ready❸ 新しい仲間にインタビューしよう,"P12,P13",12,13,2,1,23,twelve,12(の),☆,1,,twelve,12(の),12(の),twelve,02.26SS1_KeyWords_GR_英日_問題.pdf,トゥエルブ,,twelve,twelve,,12(の),単語,0,原本保持
2238,サンシャイン,SS,1,GR,Get,Ready Get Ready,Get Ready❸ 新しい仲間にインタビューしよう,"P12,P13",12,13,2,1,24,December,12月,☆,1,,December,12月,12月,December,02.26SS1_KeyWords_GR_英日_問題.pdf,ディセンバー,,December,December,,12月,単語,0,原本保持
2239,サンシャイン,SS,1,GR,Get,Ready Get Ready,Get Ready❸ 新しい仲間にインタビューしよう,"P12,P13",12,13,2,1,25,thirteen,13(の),☆,1,,thirteen,13(の),13(の),thirteen,02.26SS1_KeyWords_GR_英日_問題.pdf,サーティーン,,thirteen,thirteen,,13(の),単語,0,原本保持
2240,サンシャイン,SS,1,GR,Get,Ready Get Ready,Get Ready❸ 新しい仲間にインタビューしよう,"P12,P13",12,13,2,1,26,birthday,誕生日,,0,,birthday,誕生日,誕生日,birthday,02.26SS1_KeyWords_GR_英日_問題.pdf,バースデイ,,birthday,birthday,,誕生日,単語,0,原本保持
2241,サンシャイン,SS,1,GR,Get,Ready Get Ready,Get Ready❸ 新しい仲間にインタビューしよう,"P12,P13",12,13,2,1,27,fourteen,14(の),☆,1,,fourteen,14(の),14(の),fourteen,02.26SS1_KeyWords_GR_英日_問題.pdf,フォーティーン,,fourteen,fourteen,,14(の),単語,0,原本保持
2242,サンシャイン,SS,1,GR,Get,Ready Get Ready,Get Ready❸ 新しい仲間にインタビューしよう,"P12,P13",12,13,2,1,28,get up,起きる,,0,,get up,起きる,起きる,get up,02.26SS1_KeyWords_GR_英日_問題.pdf,ゲット アップ,,get up,get up,,起きる,複数語,1,原本保持
2243,サンシャイン,SS,1,GR,Get,Ready Get Ready,Get Ready❸ 新しい仲間にインタビューしよう,"P12,P13",12,13,2,1,29,fifteen,15(の),☆,1,,fifteen,15(の),15(の),fifteen,02.26SS1_KeyWords_GR_英日_問題.pdf,フィフティーン,,fifteen,fifteen,,15(の),単語,0,原本保持
2244,サンシャイン,SS,1,GR,Get,Ready Get Ready,Get Ready❸ 新しい仲間にインタビューしよう,"P12,P13",12,13,2,1,30,twenty,20(の),☆,1,,twenty,20(の),20(の),twenty,02.26SS1_KeyWords_GR_英日_問題.pdf,トゥエンティ,,twenty,twenty,,20(の),単語,0,原本保持
2245,サンシャイン,SS,1,P1,PROGRAM1,友だちを作ろう,PROGRAM1 1-1,P21～P24,21,24,3,1,1,I'm,I amの短縮形,☆,1,,I'm,I amの短縮形,I amの短縮形,I'm,03.26SS1_KeyWords_P1_英日_問題.pdf,アイム,,I'm,I'm,,I amの短縮形,短縮形,0,原本保持
2246,サンシャイン,SS,1,P1,PROGRAM1,友だちを作ろう,PROGRAM1 1-1,P21～P24,21,24,3,1,2,New York,ニューヨーク,,0,,New York,ニューヨーク,ニューヨーク,New York,03.26SS1_KeyWords_P1_英日_問題.pdf,ニューヨーク,,New York,New York,,ニューヨーク,複数語,1,原本保持
2247,サンシャイン,SS,1,P1,PROGRAM1,友だちを作ろう,PROGRAM1 1-1,P21～P24,21,24,3,1,3,you're,you areの短縮形,☆,1,,you're,you areの短縮形,you areの短縮形,you're,03.26SS1_KeyWords_P1_英日_問題.pdf,ユア,,you're,you're,,you areの短縮形,短縮形,0,原本保持
2248,サンシャイン,SS,1,P1,PROGRAM1,友だちを作ろう,PROGRAM1 1-1,P21～P24,21,24,3,1,4,Japan,日本,,0,,Japan,日本,日本,Japan,03.26SS1_KeyWords_P1_英日_問題.pdf,ジャパン,,Japan,Japan,,日本,単語,0,原本保持
2249,サンシャイン,SS,1,P1,PROGRAM1,友だちを作ろう,PROGRAM1 1-1,P21～P24,21,24,3,1,5,be from ~,~の出身である,☆,1,*,be from ~,~の出身である,~の出身である,be from ~,03.26SS1_KeyWords_P1_英日_問題.pdf,ビー フロム ～,,be from ~,be from ~,,~の出身である,表現,1,原本保持
2250,サンシャイン,SS,1,P1,PROGRAM1,友だちを作ろう,PROGRAM1 1-1,P21～P24,21,24,3,1,6,Brazil,ブラジル,,0,,Brazil,ブラジル,ブラジル,Brazil,03.26SS1_KeyWords_P1_英日_問題.pdf,ブラジル,,Brazil,Brazil,,ブラジル,単語,0,原本保持
2251,サンシャイン,SS,1,P1,PROGRAM1,友だちを作ろう,PROGRAM1 1-1,P21～P24,21,24,3,1,7,student,"生徒, 学生",☆,1,,student,"生徒, 学生","生徒, 学生",student,03.26SS1_KeyWords_P1_英日_問題.pdf,スチューデント,,student,student,,"生徒, 学生",単語,0,原本保持
2252,サンシャイン,SS,1,P1,PROGRAM1,友だちを作ろう,PROGRAM1 1-1,P21～P24,21,24,3,1,8,Australia,オーストラリア,,0,,Australia,オーストラリア,オーストラリア,Australia,03.26SS1_KeyWords_P1_英日_問題.pdf,オーストラリア,,Australia,Australia,,オーストラリア,単語,0,原本保持
2253,サンシャイン,SS,1,P1,PROGRAM1,友だちを作ろう,PROGRAM1 1-1,P21～P24,21,24,3,1,9,just,ちょうど,☆,1,,just,ちょうど,ちょうど,just,03.26SS1_KeyWords_P1_英日_問題.pdf,ジャスト,,just,just,,ちょうど,単語,0,原本保持
2254,サンシャイン,SS,1,P1,PROGRAM1,友だちを作ろう,PROGRAM1 1-1,P21～P24,21,24,3,1,10,this,この,,0,,this,この,この,this,03.26SS1_KeyWords_P1_英日_問題.pdf,ディス,,this,this,,この,単語,0,原本保持
2255,サンシャイン,SS,1,P1,PROGRAM1,友だちを作ろう,PROGRAM1 1-1,P21～P24,21,24,3,1,11,like,~のような,☆,1,,like,~のような,~のような,like,03.26SS1_KeyWords_P1_英日_問題.pdf,ライク,,like,like,,~のような,単語,0,原本保持
2256,サンシャイン,SS,1,P1,PROGRAM1,友だちを作ろう,PROGRAM1 1-1,P21～P24,21,24,3,1,12,shy,恥ずかしがりの,,0,,shy,恥ずかしがりの,恥ずかしがりの,shy,03.26SS1_KeyWords_P1_英日_問題.pdf,シャイ,,shy,shy,,恥ずかしがりの,単語,0,原本保持
2257,サンシャイン,SS,1,P1,PROGRAM1,友だちを作ろう,PROGRAM1 1-1,P21～P24,21,24,3,1,13,I'm in ~,私は~(クラスなど)に属している,☆,1,,I'm in ~,私は~(クラスなど)に属している,私は~(クラスなど)に属している,I'm in ~,03.26SS1_KeyWords_P1_英日_問題.pdf,アイム イン ～,,I'm in ~,I'm in ~,,私は~(クラスなど)に属している,表現,1,原本保持
2258,サンシャイン,SS,1,P1,PROGRAM1,友だちを作ろう,PROGRAM1 1-1,P21～P24,21,24,3,1,14,nice,よい,,0,,nice,よい,よい,nice,03.26SS1_KeyWords_P1_英日_問題.pdf,ナイス,,nice,nice,,よい,単語,0,原本保持
2259,サンシャイン,SS,1,P1,PROGRAM1,友だちを作ろう,PROGRAM1 1-1,P21～P24,21,24,3,1,15,Nice to meet you.,お会いできてうれしいです。,☆,1,,Nice to meet you.,お会いできてうれしいです。,お会いできてうれしいです。,Nice to meet you.,03.26SS1_KeyWords_P1_英日_問題.pdf,ナイス トゥ ミート ユー,,Nice to meet you.,Nice to meet you.,,お会いできてうれしいです。,複数語,1,原本保持
2260,サンシャイン,SS,1,P1,PROGRAM1,友だちを作ろう,PROGRAM1 1-1,P21～P24,21,24,3,1,16,kind,親切な,,0,,kind,親切な,親切な,kind,03.26SS1_KeyWords_P1_英日_問題.pdf,カインド,,kind,kind,,親切な,単語,0,原本保持
2261,サンシャイン,SS,1,P1,PROGRAM1,友だちを作ろう,PROGRAM1 1-1,P21～P24,21,24,3,1,17,city,"市, 都市",,0,,city,"市, 都市","市, 都市",city,03.26SS1_KeyWords_P1_英日_問題.pdf,シティ,,city,city,,"市, 都市",単語,0,原本保持
2262,サンシャイン,SS,1,P1,PROGRAM1,友だちを作ろう,PROGRAM1 1-1,P21～P24,21,24,3,1,18,friendly,人なつっこい,,0,,friendly,人なつっこい,人なつっこい,friendly,03.26SS1_KeyWords_P1_英日_問題.pdf,フレンドリ,,friendly,friendly,,人なつっこい,単語,0,原本保持
2263,サンシャイン,SS,1,P1,PROGRAM1,友だちを作ろう,PROGRAM1 1-2,P25～P28,25,28,3,1,19,aren't,are notの短縮形,☆,1,,aren't,are notの短縮形,are notの短縮形,aren't,03.26SS1_KeyWords_P1_英日_問題.pdf,アーント,,aren't,aren't,,are notの短縮形,短縮形,0,原本保持
2264,サンシャイン,SS,1,P1,PROGRAM1,友だちを作ろう,PROGRAM1 1-2,P25～P28,25,28,3,1,20,the U.S.,アメリカ合衆国,,0,,the U.S.,アメリカ合衆国,アメリカ合衆国,the U.S.,03.26SS1_KeyWords_P1_英日_問題.pdf,ザ ユーエス,,the U.S.,the U.S.,,アメリカ合衆国,複数語,1,原本保持
2265,サンシャイン,SS,1,P1,PROGRAM1,友だちを作ろう,PROGRAM1 1-2,P25～P28,25,28,3,1,21,go,行く,☆,1,,go,行く,行く,go,03.26SS1_KeyWords_P1_英日_問題.pdf,ゴウ,,go,go,,行く,単語,0,原本保持
2266,サンシャイン,SS,1,P1,PROGRAM1,友だちを作ろう,PROGRAM1 1-2,P25～P28,25,28,3,1,22,Thomas Edison,トマス・エジソン,,0,,Thomas Edison,トマス・エジソン,トマス・エジソン,Thomas Edison,03.26SS1_KeyWords_P1_英日_問題.pdf,トーマス エジソン,,Thomas Edison,Thomas Edison,,トマス・エジソン,複数語,1,原本保持
2267,サンシャイン,SS,1,P1,PROGRAM1,友だちを作ろう,PROGRAM1 1-2,P25～P28,25,28,3,1,23,fan,ファン,☆,1,,fan,ファン,ファン,fan,03.26SS1_KeyWords_P1_英日_問題.pdf,ファン,,fan,fan,,ファン,単語,0,原本保持
2268,サンシャイン,SS,1,P1,PROGRAM1,友だちを作ろう,PROGRAM1 1-2,P25～P28,25,28,3,1,24,quiet,静かな,,0,,quiet,静かな,静かな,quiet,03.26SS1_KeyWords_P1_英日_問題.pdf,クワイット,,quiet,quiet,,静かな,単語,0,原本保持
2269,サンシャイン,SS,1,P1,PROGRAM1,友だちを作ろう,PROGRAM1 1-2,P25～P28,25,28,3,1,25,be good at ~,~が得意である,☆,1,,be good at ~,~が得意である,~が得意である,be good at ~,03.26SS1_KeyWords_P1_英日_問題.pdf,ビー グッド アット ～,,be good at ~,be good at ~,,~が得意である,表現,1,原本保持
2270,サンシャイン,SS,1,P1,PROGRAM1,友だちを作ろう,PROGRAM1 1-2,P25～P28,25,28,3,1,26,polite,ていねいな,,0,,polite,ていねいな,ていねいな,polite,03.26SS1_KeyWords_P1_英日_問題.pdf,パライト,,polite,polite,,ていねいな,単語,0,原本保持
2271,サンシャイン,SS,1,P1,PROGRAM1,友だちを作ろう,PROGRAM1 1-2,P25～P28,25,28,3,1,27,want to ~,~したい,☆,1,,want to ~,~したい,~したい,want to ~,03.26SS1_KeyWords_P1_英日_問題.pdf,ウォント トゥ ～,,want to ~,want to ~,,~したい,表現,1,原本保持
2272,サンシャイン,SS,1,P1,PROGRAM1,友だちを作ろう,PROGRAM1 1-2,P25～P28,25,28,3,1,28,active,活発な,,0,,active,活発な,活発な,active,03.26SS1_KeyWords_P1_英日_問題.pdf,アックティヴ,,active,active,,活発な,単語,0,原本保持
2273,サンシャイン,SS,1,P1,PROGRAM1,友だちを作ろう,PROGRAM1 1-2,P25～P28,25,28,3,1,29,I'm sorry.,すみません。,☆,1,,I'm sorry.,すみません。,すみません。,I'm sorry.,03.26SS1_KeyWords_P1_英日_問題.pdf,アイム ソーリー,,I'm sorry.,I'm sorry.,,すみません。,複数語,1,原本保持
2274,サンシャイン,SS,1,P1,PROGRAM1,友だちを作ろう,PROGRAM1 1-2,P25～P28,25,28,3,1,30,honest,正直な,,0,,honest,正直な,正直な,honest,03.26SS1_KeyWords_P1_英日_問題.pdf,アナスト,,honest,honest,,正直な,単語,0,原本保持
2275,サンシャイン,SS,1,P1,PROGRAM1,友だちを作ろう,PROGRAM1 1-2,P25～P28,25,28,3,1,31,No problem.,問題ありません。,☆,1,,No problem.,問題ありません。,問題ありません。,No problem.,03.26SS1_KeyWords_P1_英日_問題.pdf,ノウ プロブレム,,No problem.,No problem.,,問題ありません。,複数語,1,原本保持
2276,サンシャイン,SS,1,P1,PROGRAM1,友だちを作ろう,PROGRAM1 1-2,P25～P28,25,28,3,1,32,funny,おもしろい,,0,,funny,おもしろい,おもしろい,funny,03.26SS1_KeyWords_P1_英日_問題.pdf,ファニ,,funny,funny,,おもしろい,単語,0,原本保持
2277,サンシャイン,SS,1,P1,PROGRAM1,友だちを作ろう,PROGRAM1 1-2,P25～P28,25,28,3,1,33,Pardon me?,何とおっしゃいましたか。,☆,1,,Pardon me?,何とおっしゃいましたか。,何とおっしゃいましたか。,Pardon me?,03.26SS1_KeyWords_P1_英日_問題.pdf,パードン ミー,,Pardon me?,Pardon me?,,何とおっしゃいましたか。,表現,1,原本保持
2278,サンシャイン,SS,1,P1,PROGRAM1,友だちを作ろう,PROGRAM1 1-2,P25～P28,25,28,3,1,34,cheerful,明るい,,0,,cheerful,明るい,明るい,cheerful,03.26SS1_KeyWords_P1_英日_問題.pdf,チーファル,,cheerful,cheerful,,明るい,単語,0,原本保持
2279,サンシャイン,SS,1,P1,PROGRAM1,友だちを作ろう,PROGRAM1 1-2,P25～P28,25,28,3,1,35,social studies,社会科,,0,,social studies,社会科,社会科,social studies,03.26SS1_KeyWords_P1_英日_問題.pdf,ソシャル スタディズ,,social studies,social studies,,社会科,複数語,1,原本保持
2280,サンシャイン,SS,1,P1,PROGRAM1,友だちを作ろう,PROGRAM1 1-2,P25～P28,25,28,3,1,36,careful,注意深い,,0,,careful,注意深い,注意深い,careful,03.26SS1_KeyWords_P1_英日_問題.pdf,ケーファル,,careful,careful,,注意深い,単語,0,原本保持
2281,サンシャイン,SS,1,P1,PROGRAM1,友だちを作ろう,PROGRAM1 1-2,P25～P28,25,28,3,1,37,Japanese,"日本語, 国語",,0,,Japanese,"日本語, 国語","日本語, 国語",Japanese,03.26SS1_KeyWords_P1_英日_問題.pdf,ジャパニーズ,,Japanese,Japanese,,"日本語, 国語",単語,0,原本保持
2282,サンシャイン,SS,1,P1,PROGRAM1,友だちを作ろう,PROGRAM1 1-2,P25～P28,25,28,3,1,38,brave,勇敢な,,0,,brave,勇敢な,勇敢な,brave,03.26SS1_KeyWords_P1_英日_問題.pdf,ブレイヴ,,brave,brave,,勇敢な,単語,0,原本保持
2283,サンシャイン,SS,1,P1,PROGRAM1,友だちを作ろう,PROGRAM1 1-2,P25～P28,25,28,3,1,39,the U.K.,イギリス,,0,,the U.K.,イギリス,イギリス,the U.K.,03.26SS1_KeyWords_P1_英日_問題.pdf,ザ ユーケー,,the U.K.,the U.K.,,イギリス,複数語,1,原本保持
2284,サンシャイン,SS,1,P1,PROGRAM1,友だちを作ろう,PROGRAM1 1-2,P25～P28,25,28,3,1,40,of ~,~の,,0,,of ~,~の,~の,of ~,03.26SS1_KeyWords_P1_英日_問題.pdf,オブ ～,,of ~,of ~,,~の,表現,1,原本保持
2285,サンシャイン,SS,1,P1,PROGRAM1,友だちを作ろう,PROGRAM1 1-2,P25～P28,25,28,3,1,41,Canada,カナダ,,0,,Canada,カナダ,カナダ,Canada,03.26SS1_KeyWords_P1_英日_問題.pdf,カナダ,,Canada,Canada,,カナダ,単語,0,原本保持
2286,サンシャイン,SS,1,P2,1-Bの生徒たち,PROGRAM2,PROGRAM2 2-1,P29～P32,29,32,4,1,1,picture,"写真, 絵",☆,1,,picture,"写真, 絵","写真, 絵",picture,04.26SS1_KeyWords_P2_英日_問題.pdf,ピックチャー,,picture,picture,,"写真, 絵",単語,0,原本保持
2287,サンシャイン,SS,1,P2,1-Bの生徒たち,PROGRAM2,PROGRAM2 2-1,P29～P32,29,32,4,1,2,ride,乗る,,0,,ride,乗る,乗る,ride,04.26SS1_KeyWords_P2_英日_問題.pdf,ライド,,ride,ride,,乗る,単語,0,原本保持
2288,サンシャイン,SS,1,P2,1-Bの生徒たち,PROGRAM2,PROGRAM2 2-1,P29～P32,29,32,4,1,3,after,~のあとに[で],☆,1,,after,~のあとに[で],~のあとに[で],after,04.26SS1_KeyWords_P2_英日_問題.pdf,アフター,,after,after,,~のあとに[で],単語,0,原本保持
2289,サンシャイン,SS,1,P2,1-Bの生徒たち,PROGRAM2,PROGRAM2 2-1,P29～P32,29,32,4,1,4,read,読む,,0,,read,読む,読む,read,04.26SS1_KeyWords_P2_英日_問題.pdf,リード,,read,read,,読む,単語,0,原本保持
2290,サンシャイン,SS,1,P2,1-Bの生徒たち,PROGRAM2,PROGRAM2 2-1,P29～P32,29,32,4,1,5,after school,放課後,☆,1,,after school,放課後,放課後,after school,04.26SS1_KeyWords_P2_英日_問題.pdf,アフター スクール,,after school,after school,,放課後,複数語,1,原本保持
2291,サンシャイン,SS,1,P2,1-Bの生徒たち,PROGRAM2,PROGRAM2 2-1,P29～P32,29,32,4,1,6,clean,掃除する,,0,,clean,掃除する,掃除する,clean,04.26SS1_KeyWords_P2_英日_問題.pdf,クリーン,,clean,clean,,掃除する,単語,0,原本保持
2292,サンシャイン,SS,1,P2,1-Bの生徒たち,PROGRAM2,PROGRAM2 2-1,P29～P32,29,32,4,1,7,very much,とても,☆,1,,very much,とても,とても,very much,04.26SS1_KeyWords_P2_英日_問題.pdf,ヴェリ マッチ,,very much,very much,,とても,複数語,1,原本保持
2293,サンシャイン,SS,1,P2,1-Bの生徒たち,PROGRAM2,PROGRAM2 2-1,P29～P32,29,32,4,1,8,walk,(犬などを)散歩させる,,0,,walk,(犬などを)散歩させる,(犬などを)散歩させる,walk,04.26SS1_KeyWords_P2_英日_問題.pdf,ウォーク,,walk,walk,,(犬などを)散歩させる,単語,0,原本保持
2294,サンシャイン,SS,1,P2,1-Bの生徒たち,PROGRAM2,PROGRAM2 2-1,P29～P32,29,32,4,1,9,Look at ~.,~を見て。,☆,1,,Look at ~.,~を見て。,~を見て。,Look at ~.,04.26SS1_KeyWords_P2_英日_問題.pdf,ルック アット ～,,Look at ~.,Look at ~.,,~を見て。,表現,1,原本保持
2295,サンシャイン,SS,1,P2,1-Bの生徒たち,PROGRAM2,PROGRAM2 2-1,P29～P32,29,32,4,1,10,have,飼っている,,0,,have,飼っている,飼っている,have,04.26SS1_KeyWords_P2_英日_問題.pdf,ハブ,,have,have,,飼っている,単語,0,原本保持
2296,サンシャイン,SS,1,P2,1-Bの生徒たち,PROGRAM2,PROGRAM2 2-1,P29～P32,29,32,4,1,11,at home,"家で, 家に",☆,1,,at home,"家で, 家に","家で, 家に",at home,04.26SS1_KeyWords_P2_英日_問題.pdf,アット ホーム,,at home,at home,,"家で, 家に",複数語,1,原本保持
2297,サンシャイン,SS,1,P2,1-Bの生徒たち,PROGRAM2,PROGRAM2 2-1,P29～P32,29,32,4,1,12,flip book,パラパラ漫画,,0,,flip book,パラパラ漫画,パラパラ漫画,flip book,04.26SS1_KeyWords_P2_英日_問題.pdf,フリップ ブック,,flip book,flip book,,パラパラ漫画,複数語,1,原本保持
2298,サンシャイン,SS,1,P2,1-Bの生徒たち,PROGRAM2,PROGRAM2 2-1,P29～P32,29,32,4,1,13,every day,毎日,☆,1,,every day,毎日,毎日,every day,04.26SS1_KeyWords_P2_英日_問題.pdf,エブリ デイ,,every day,every day,,毎日,複数語,1,原本保持
2299,サンシャイン,SS,1,P2,1-Bの生徒たち,PROGRAM2,PROGRAM2 2-1,P29～P32,29,32,4,1,14,artist,"芸術家, アーティスト",,0,,artist,"芸術家, アーティスト","芸術家, アーティスト",artist,04.26SS1_KeyWords_P2_英日_問題.pdf,アータスト,,artist,artist,,"芸術家, アーティスト",単語,0,原本保持
2300,サンシャイン,SS,1,P2,1-Bの生徒たち,PROGRAM2,PROGRAM2 2-1,P29～P32,29,32,4,1,15,use,使う,,0,,use,使う,使う,use,04.26SS1_KeyWords_P2_英日_問題.pdf,ユーズ,,use,use,,使う,単語,0,原本保持
2301,サンシャイン,SS,1,P2,1-Bの生徒たち,PROGRAM2,PROGRAM2 2-1,P29～P32,29,32,4,1,16,many,[数えられる名詞の複数形につけて] たくさんの,,0,,many,[数えられる名詞の複数形につけて] たくさんの,[数えられる名詞の複数形につけて] たくさんの,many,04.26SS1_KeyWords_P2_英日_問題.pdf,メニー,,many,many,,[数えられる名詞の複数形につけて] たくさんの,単語,0,原本保持
2302,サンシャイン,SS,1,P2,1-Bの生徒たち,PROGRAM2,PROGRAM2 2-1,P29～P32,29,32,4,1,17,grow,"栽培する, 育てる",,0,,grow,"栽培する, 育てる","栽培する, 育てる",grow,04.26SS1_KeyWords_P2_英日_問題.pdf,グロウ,,grow,grow,,"栽培する, 育てる",単語,0,原本保持
2303,サンシャイン,SS,1,P2,1-Bの生徒たち,PROGRAM2,PROGRAM2 2-1,P29～P32,29,32,4,1,18,beautiful,"美しい, すばらしい",,0,,beautiful,"美しい, すばらしい","美しい, すばらしい",beautiful,04.26SS1_KeyWords_P2_英日_問題.pdf,ビューティフル,,beautiful,beautiful,,"美しい, すばらしい",単語,0,原本保持
2304,サンシャイン,SS,1,P2,1-Bの生徒たち,PROGRAM2,PROGRAM2 2-1,P29～P32,29,32,4,1,19,draw,(絵を)描く,,0,,draw,(絵を)描く,(絵を)描く,draw,04.26SS1_KeyWords_P2_英日_問題.pdf,ドロー,,draw,draw,,(絵を)描く,単語,0,原本保持
2305,サンシャイン,SS,1,P2,1-Bの生徒たち,PROGRAM2,PROGRAM2 2-1,P29～P32,29,32,4,1,20,sometimes,ときどき,,0,,sometimes,ときどき,ときどき,sometimes,04.26SS1_KeyWords_P2_英日_問題.pdf,サムタイムズ,,sometimes,sometimes,,ときどき,単語,0,原本保持
2306,サンシャイン,SS,1,P2,1-Bの生徒たち,PROGRAM2,PROGRAM2 2-1,P29～P32,29,32,4,1,21,watch,見る,,0,,watch,見る,見る,watch,04.26SS1_KeyWords_P2_英日_問題.pdf,ウォッチ,,watch,watch,,見る,単語,0,原本保持
2307,サンシャイン,SS,1,P2,1-Bの生徒たち,PROGRAM2,PROGRAM2 2-2,P33～P35,33,35,4,1,22,see,"見る, 見える",☆,1,,see,"見る, 見える","見る, 見える",see,04.26SS1_KeyWords_P2_英日_問題.pdf,シー,,see,see,,"見る, 見える",単語,0,原本保持
2308,サンシャイン,SS,1,P2,1-Bの生徒たち,PROGRAM2,PROGRAM2 2-2,P33～P35,33,35,4,1,23,but,しかし,☆,1,,but,しかし,しかし,but,04.26SS1_KeyWords_P2_英日_問題.pdf,バット,,but,but,,しかし,単語,0,原本保持
2309,サンシャイン,SS,1,P2,1-Bの生徒たち,PROGRAM2,PROGRAM2 2-2,P33～P35,33,35,4,1,24,weekend,週末,☆,1,,weekend,週末,週末,weekend,04.26SS1_KeyWords_P2_英日_問題.pdf,ウィケンド,,weekend,weekend,,週末,単語,0,原本保持
2310,サンシャイン,SS,1,P2,1-Bの生徒たち,PROGRAM2,PROGRAM2 2-2,P33～P35,33,35,4,1,25,How many ~?,"どれくらいの~, いくつの~",☆,1,,How many ~?,"どれくらいの~, いくつの~","どれくらいの~, いくつの~",How many ~?,04.26SS1_KeyWords_P2_英日_問題.pdf,ハウ メニー ～,,How many ~?,How many ~?,,"どれくらいの~, いくつの~",表現,1,原本保持
2311,サンシャイン,SS,1,P2,1-Bの生徒たち,PROGRAM2,PROGRAM2 2-2,P33～P35,33,35,4,1,26,any,[疑問文で]いくらかの,☆,1,,any,[疑問文で]いくらかの,[疑問文で]いくらかの,any,04.26SS1_KeyWords_P2_英日_問題.pdf,エニ,,any,any,,[疑問文で]いくらかの,単語,0,原本保持
2312,サンシャイン,SS,1,P2,1-Bの生徒たち,PROGRAM2,PROGRAM2 2-2,P33～P35,33,35,4,1,27,girl,少女,,0,,girl,少女,少女,girl,04.26SS1_KeyWords_P2_英日_問題.pdf,ガール,,girl,girl,,少女,単語,0,原本保持
2313,サンシャイン,SS,1,P2,1-Bの生徒たち,PROGRAM2,PROGRAM2 2-2,P33～P35,33,35,4,1,28,tomorrow,明日(は),☆,1,,tomorrow,明日(は),明日(は),tomorrow,04.26SS1_KeyWords_P2_英日_問題.pdf,トゥモロー,,tomorrow,tomorrow,,明日(は),単語,0,原本保持
2314,サンシャイン,SS,1,P2,1-Bの生徒たち,PROGRAM2,PROGRAM2 2-2,P33～P35,33,35,4,1,29,question,質問,,0,,question,質問,質問,question,04.26SS1_KeyWords_P2_英日_問題.pdf,クウェスチャン,,question,question,,質問,単語,0,原本保持
2315,サンシャイン,SS,1,P2,1-Bの生徒たち,PROGRAM2,PROGRAM2 2-2,P33～P35,33,35,4,1,30,during,~の間に,☆,1,,during,~の間に,~の間に,during,04.26SS1_KeyWords_P2_英日_問題.pdf,デュアリング,,during,during,,~の間に,単語,0,原本保持
2316,サンシャイン,SS,1,P2,1-Bの生徒たち,PROGRAM2,PROGRAM2 2-2,P33～P35,33,35,4,1,31,break,休憩,,0,,break,休憩,休憩,break,04.26SS1_KeyWords_P2_英日_問題.pdf,ブレイク,,break,break,,休憩,単語,0,原本保持
2317,サンシャイン,SS,1,P2,1-Bの生徒たち,PROGRAM2,PROGRAM2 2-2,P33～P35,33,35,4,1,32,before,~の前に,☆,1,,before,~の前に,~の前に,before,04.26SS1_KeyWords_P2_英日_問題.pdf,ビフォー,,before,before,,~の前に,単語,0,原本保持
2318,サンシャイン,SS,1,P2,1-Bの生徒たち,PROGRAM2,PROGRAM2 2-2,P33～P35,33,35,4,1,33,Sure.,もちろん。,,0,,Sure.,もちろん。,もちろん。,Sure.,04.26SS1_KeyWords_P2_英日_問題.pdf,シュア,,Sure.,Sure.,,もちろん。,単語,0,原本保持
2319,サンシャイン,SS,1,P2,1-Bの生徒たち,PROGRAM2,PROGRAM2 アクションコーナー,P36,36,36,4,1,34,write,書く,☆,1,,write,書く,書く,write,04.26SS1_KeyWords_P2_英日_問題.pdf,ライト,,write,write,,書く,単語,0,原本保持
2320,サンシャイン,SS,1,P2,1-Bの生徒たち,PROGRAM2,PROGRAM2 アクションコーナー,P36,36,36,4,1,35,some,いくらかの,☆,1,,some,いくらかの,いくらかの,some,04.26SS1_KeyWords_P2_英日_問題.pdf,サム,,some,some,,いくらかの,単語,0,原本保持
2321,サンシャイン,SS,1,P2,1-Bの生徒たち,PROGRAM2,PROGRAM2 アクションコーナー,P36,36,36,4,1,36,sing,歌う,☆,1,,sing,歌う,歌う,sing,04.26SS1_KeyWords_P2_英日_問題.pdf,シング,,sing,sing,,歌う,単語,0,原本保持
2322,サンシャイン,SS,1,P2,1-Bの生徒たち,PROGRAM2,PROGRAM2 アクションコーナー,P36,36,36,4,1,37,take a bath,ふろに入る,☆,1,,take a bath,ふろに入る,ふろに入る,take a bath,04.26SS1_KeyWords_P2_英日_問題.pdf,テイク ア バス,,take a bath,take a bath,,ふろに入る,複数語,1,原本保持
2323,サンシャイン,SS,1,P2,1-Bの生徒たち,PROGRAM2,PROGRAM2 アクションコーナー,P36,36,36,4,1,38,say,言う,☆,1,,say,言う,言う,say,04.26SS1_KeyWords_P2_英日_問題.pdf,セイ,,say,say,,言う,単語,0,原本保持
2324,サンシャイン,SS,1,P2,1-Bの生徒たち,PROGRAM2,PROGRAM2 アクションコーナー,P36,36,36,4,1,39,wash,洗う,,0,,wash,洗う,洗う,wash,04.26SS1_KeyWords_P2_英日_問題.pdf,ワシュ,,wash,wash,,洗う,単語,0,原本保持
2325,サンシャイン,SS,1,P2,1-Bの生徒たち,PROGRAM2,PROGRAM2 アクションコーナー,P36,36,36,4,1,40,open,"開ける, 開く",☆,1,,open,"開ける, 開く","開ける, 開く",open,04.26SS1_KeyWords_P2_英日_問題.pdf,オープン,,open,open,,"開ける, 開く",単語,0,原本保持
2326,サンシャイン,SS,1,P2,1-Bの生徒たち,PROGRAM2,PROGRAM2 アクションコーナー,P36,36,36,4,1,41,touch,さわる,,0,,touch,さわる,さわる,touch,04.26SS1_KeyWords_P2_英日_問題.pdf,タチ,,touch,touch,,さわる,単語,0,原本保持
2327,サンシャイン,SS,1,P2,1-Bの生徒たち,PROGRAM2,PROGRAM2 アクションコーナー,P36,36,36,4,1,42,close,"閉める, 閉じる",☆,1,,close,"閉める, 閉じる","閉める, 閉じる",close,04.26SS1_KeyWords_P2_英日_問題.pdf,クローズ,,close,close,,"閉める, 閉じる",単語,0,原本保持
2328,サンシャイン,SS,1,P2,1-Bの生徒たち,PROGRAM2,PROGRAM2 アクションコーナー,P36,36,36,4,1,43,song,歌,,0,,song,歌,歌,song,04.26SS1_KeyWords_P2_英日_問題.pdf,ソング,,song,song,,歌,単語,0,原本保持
2329,サンシャイン,SS,1,P2,1-Bの生徒たち,PROGRAM2,PROGRAM2 アクションコーナー,P36,36,36,4,1,44,breakfast,朝食,☆,1,,breakfast,朝食,朝食,breakfast,04.26SS1_KeyWords_P2_英日_問題.pdf,ブレックファスト,,breakfast,breakfast,,朝食,単語,0,原本保持
2330,サンシャイン,SS,1,P3,PROGRAM3,タレントショーを開こう,PROGRAM3 3-1,P37～P40,37,40,5,1,1,know,"知る, 知っている",☆,1,,know,"知る, 知っている","知る, 知っている",know,05.26SS1_KeyWords_P3_英日_問題.pdf,ノウ,,know,know,,"知る, 知っている",単語,0,原本保持
2331,サンシャイン,SS,1,P3,PROGRAM3,タレントショーを開こう,PROGRAM3 3-1,P37～P40,37,40,5,1,2,aunt,おば,,0,,aunt,おば,おば,aunt,05.26SS1_KeyWords_P3_英日_問題.pdf,アント,,aunt,aunt,,おば,単語,0,原本保持
2332,サンシャイン,SS,1,P3,PROGRAM3,タレントショーを開こう,PROGRAM3 3-1,P37～P40,37,40,5,1,3,excited,わくわくして,☆,1,,excited,わくわくして,わくわくして,excited,05.26SS1_KeyWords_P3_英日_問題.pdf,イックサイタッド,,excited,excited,,わくわくして,単語,0,原本保持
2333,サンシャイン,SS,1,P3,PROGRAM3,タレントショーを開こう,PROGRAM3 3-1,P37～P40,37,40,5,1,4,luck,幸運,,0,,luck,幸運,幸運,luck,05.26SS1_KeyWords_P3_英日_問題.pdf,ラック,,luck,luck,,幸運,単語,0,原本保持
2334,サンシャイン,SS,1,P3,PROGRAM3,タレントショーを開こう,PROGRAM3 3-1,P37～P40,37,40,5,1,5,well,じょうずに,☆,1,,well,じょうずに,じょうずに,well,05.26SS1_KeyWords_P3_英日_問題.pdf,ウェル,,well,well,,じょうずに,単語,0,原本保持
2335,サンシャイン,SS,1,P3,PROGRAM3,タレントショーを開こう,PROGRAM3 3-1,P37～P40,37,40,5,1,6,talent,才能(のある人),,0,,talent,才能(のある人),才能(のある人),talent,05.26SS1_KeyWords_P3_英日_問題.pdf,タラント,,talent,talent,,才能(のある人),単語,0,原本保持
2336,サンシャイン,SS,1,P3,PROGRAM3,タレントショーを開こう,PROGRAM3 3-1,P37～P40,37,40,5,1,7,then,"それでは, それなら",☆,1,,then,"それでは, それなら","それでは, それなら",then,05.26SS1_KeyWords_P3_英日_問題.pdf,ゼン,,then,then,,"それでは, それなら",単語,0,原本保持
2337,サンシャイン,SS,1,P3,PROGRAM3,タレントショーを開こう,PROGRAM3 3-1,P37～P40,37,40,5,1,8,show,"番組, ショー",,0,,show,"番組, ショー","番組, ショー",show,05.26SS1_KeyWords_P3_英日_問題.pdf,ショウ,,show,show,,"番組, ショー",単語,0,原本保持
2338,サンシャイン,SS,1,P3,PROGRAM3,タレントショーを開こう,PROGRAM3 3-1,P37～P40,37,40,5,1,9,Good luck!,幸運を祈ります。,☆,1,,Good luck!,幸運を祈ります。,幸運を祈ります。,Good luck!,05.26SS1_KeyWords_P3_英日_問題.pdf,グッド ラック,,Good luck!,Good luck!,,幸運を祈ります。,表現,1,原本保持
2339,サンシャイン,SS,1,P3,PROGRAM3,タレントショーを開こう,PROGRAM3 3-1,P37～P40,37,40,5,1,10,kilometer,キロメートル,,0,,kilometer,キロメートル,キロメートル,kilometer,05.26SS1_KeyWords_P3_英日_問題.pdf,カラマター,,kilometer,kilometer,,キロメートル,単語,0,原本保持
2340,サンシャイン,SS,1,P3,PROGRAM3,タレントショーを開こう,PROGRAM3 3-1,P37～P40,37,40,5,1,11,ski,スキーをする,,0,,ski,スキーをする,スキーをする,ski,05.26SS1_KeyWords_P3_英日_問題.pdf,スキ,,ski,ski,,スキーをする,単語,0,原本保持
2341,サンシャイン,SS,1,P3,PROGRAM3,タレントショーを開こう,PROGRAM3 3-1,P37～P40,37,40,5,1,12,curry,カレー,,0,,curry,カレー,カレー,curry,05.26SS1_KeyWords_P3_英日_問題.pdf,カレー,,curry,curry,,カレー,単語,0,原本保持
2342,サンシャイン,SS,1,P3,PROGRAM3,タレントショーを開こう,PROGRAM3 3-1,P37～P40,37,40,5,1,13,perform,"行う, 演じる",,0,,perform,"行う, 演じる","行う, 演じる",perform,05.26SS1_KeyWords_P3_英日_問題.pdf,パーフォーム,,perform,perform,,"行う, 演じる",単語,0,原本保持
2343,サンシャイン,SS,1,P3,PROGRAM3,タレントショーを開こう,PROGRAM3 3-1,P37～P40,37,40,5,1,14,cousin,いとこ,,0,,cousin,いとこ,いとこ,cousin,05.26SS1_KeyWords_P3_英日_問題.pdf,カザン,,cousin,cousin,,いとこ,単語,0,原本保持
2344,サンシャイン,SS,1,P3,PROGRAM3,タレントショーを開こう,PROGRAM3 3-1,P37～P40,37,40,5,1,15,dance,"踊る, 踊り",,0,,dance,"踊る, 踊り","踊る, 踊り",dance,05.26SS1_KeyWords_P3_英日_問題.pdf,ダンス,,dance,dance,,"踊る, 踊り",単語,0,原本保持
2345,サンシャイン,SS,1,P3,PROGRAM3,タレントショーを開こう,PROGRAM3 3-1,P37～P40,37,40,5,1,16,wonderful,すばらしい,,0,,wonderful,すばらしい,すばらしい,wonderful,05.26SS1_KeyWords_P3_英日_問題.pdf,ワンダーファル,,wonderful,wonderful,,すばらしい,単語,0,原本保持
2346,サンシャイン,SS,1,P3,PROGRAM3,タレントショーを開こう,PROGRAM3 3-1,P37～P40,37,40,5,1,17,choose,選ぶ,,0,,choose,選ぶ,選ぶ,choose,05.26SS1_KeyWords_P3_英日_問題.pdf,チューズ,,choose,choose,,選ぶ,単語,0,原本保持
2347,サンシャイン,SS,1,P3,PROGRAM3,タレントショーを開こう,PROGRAM3 3-1,P37～P40,37,40,5,1,18,delicious,とてもおいしい,,0,,delicious,とてもおいしい,とてもおいしい,delicious,05.26SS1_KeyWords_P3_英日_問題.pdf,ディリシャス,,delicious,delicious,,とてもおいしい,単語,0,原本保持
2348,サンシャイン,SS,1,P3,PROGRAM3,タレントショーを開こう,PROGRAM3 3-1,P37～P40,37,40,5,1,19,uncle,おじ,,0,,uncle,おじ,おじ,uncle,05.26SS1_KeyWords_P3_英日_問題.pdf,アングカル,,uncle,uncle,,おじ,単語,0,原本保持
2349,サンシャイン,SS,1,P3,PROGRAM3,タレントショーを開こう,PROGRAM3 3-1,P37～P40,37,40,5,1,20,fast,速く,,0,,fast,速く,速く,fast,05.26SS1_KeyWords_P3_英日_問題.pdf,ファスト,,fast,fast,,速く,単語,0,原本保持
2350,サンシャイン,SS,1,P3,PROGRAM3,タレントショーを開こう,PROGRAM3 3-2,P41～P44,41,44,5,1,21,find,見つける,☆,1,,find,見つける,見つける,find,05.26SS1_KeyWords_P3_英日_問題.pdf,ファインド,,find,find,,見つける,単語,0,原本保持
2351,サンシャイン,SS,1,P3,PROGRAM3,タレントショーを開こう,PROGRAM3 3-2,P41～P44,41,44,5,1,22,watch,注意する,,0,,watch,注意する,注意する,watch,05.26SS1_KeyWords_P3_英日_問題.pdf,ウォッチ,,watch,watch,,注意する,単語,0,原本保持
2352,サンシャイン,SS,1,P3,PROGRAM3,タレントショーを開こう,PROGRAM3 3-2,P41～P44,41,44,5,1,23,carry,運ぶ,☆,1,,carry,運ぶ,運ぶ,carry,05.26SS1_KeyWords_P3_英日_問題.pdf,キャリー,,carry,carry,,運ぶ,単語,0,原本保持
2353,サンシャイン,SS,1,P3,PROGRAM3,タレントショーを開こう,PROGRAM3 3-2,P41～P44,41,44,5,1,24,robot,ロボット,,0,,robot,ロボット,ロボット,robot,05.26SS1_KeyWords_P3_英日_問題.pdf,ロボット,,robot,robot,,ロボット,単語,0,原本保持
2354,サンシャイン,SS,1,P3,PROGRAM3,タレントショーを開こう,PROGRAM3 3-2,P41～P44,41,44,5,1,25,thing,"もの, こと",☆,1,,thing,"もの, こと","もの, こと",thing,05.26SS1_KeyWords_P3_英日_問題.pdf,シング,,thing,thing,,"もの, こと",単語,0,原本保持
2355,サンシャイン,SS,1,P3,PROGRAM3,タレントショーを開こう,PROGRAM3 3-2,P41～P44,41,44,5,1,26,rescue,救助,,0,,rescue,救助,救助,rescue,05.26SS1_KeyWords_P3_英日_問題.pdf,レスクユ,,rescue,rescue,,救助,単語,0,原本保持
2356,サンシャイン,SS,1,P3,PROGRAM3,タレントショーを開こう,PROGRAM3 3-2,P41～P44,41,44,5,1,27,heavy,重い,☆,1,,heavy,重い,重い,heavy,05.26SS1_KeyWords_P3_英日_問題.pdf,ヘヴィ,,heavy,heavy,,重い,単語,0,原本保持
2357,サンシャイン,SS,1,P3,PROGRAM3,タレントショーを開こう,PROGRAM3 3-2,P41～P44,41,44,5,1,28,people,人々,,0,,people,人々,人々,people,05.26SS1_KeyWords_P3_英日_問題.pdf,ピープル,,people,people,,人々,単語,0,原本保持
2358,サンシャイン,SS,1,P3,PROGRAM3,タレントショーを開こう,PROGRAM3 3-2,P41～P44,41,44,5,1,29,often,しばしば,☆,1,,often,しばしば,しばしば,often,05.26SS1_KeyWords_P3_英日_問題.pdf,オーフン,,often,often,,しばしば,単語,0,原本保持
2359,サンシャイン,SS,1,P3,PROGRAM3,タレントショーを開こう,PROGRAM3 3-2,P41～P44,41,44,5,1,30,trick,芸,,0,,trick,芸,芸,trick,05.26SS1_KeyWords_P3_英日_問題.pdf,トリック,,trick,trick,,芸,単語,0,原本保持
2360,サンシャイン,SS,1,P3,PROGRAM3,タレントショーを開こう,PROGRAM3 3-2,P41～P44,41,44,5,1,31,with,~といっしょに,☆,1,,with,~といっしょに,~といっしょに,with,05.26SS1_KeyWords_P3_英日_問題.pdf,ウィズ,,with,with,,~といっしょに,単語,0,原本保持
2361,サンシャイン,SS,1,P3,PROGRAM3,タレントショーを開こう,PROGRAM3 3-2,P41～P44,41,44,5,1,32,French,フランス語,,0,,French,フランス語,フランス語,French,05.26SS1_KeyWords_P3_英日_問題.pdf,フレンチ,,French,French,,フランス語,単語,0,原本保持
2362,サンシャイン,SS,1,P3,PROGRAM3,タレントショーを開こう,PROGRAM3 3-2,P41～P44,41,44,5,1,33,our,私たちの,☆,1,,our,私たちの,私たちの,our,05.26SS1_KeyWords_P3_英日_問題.pdf,アワー,,our,our,,私たちの,単語,0,原本保持
2363,サンシャイン,SS,1,P3,PROGRAM3,タレントショーを開こう,PROGRAM3 3-2,P41～P44,41,44,5,1,34,dancer,ダンサー,,0,,dancer,ダンサー,ダンサー,dancer,05.26SS1_KeyWords_P3_英日_問題.pdf,ダンサー,,dancer,dancer,,ダンサー,単語,0,原本保持
2364,サンシャイン,SS,1,P3,PROGRAM3,タレントショーを開こう,PROGRAM3 3-2,P41～P44,41,44,5,1,35,their,"彼ら[彼女ら, それら]の",☆,1,,their,"彼ら[彼女ら, それら]の","彼ら[彼女ら, それら]の",their,05.26SS1_KeyWords_P3_英日_問題.pdf,ゼア,,their,their,,"彼ら[彼女ら, それら]の",単語,0,原本保持
2365,サンシャイン,SS,1,P3,PROGRAM3,タレントショーを開こう,PROGRAM3 3-2,P41～P44,41,44,5,1,36,magic,魔法の,,0,,magic,魔法の,魔法の,magic,05.26SS1_KeyWords_P3_英日_問題.pdf,マジック,,magic,magic,,魔法の,単語,0,原本保持
2366,サンシャイン,SS,1,P3,PROGRAM3,タレントショーを開こう,PROGRAM3 3-2,P41～P44,41,44,5,1,37,help,"助ける, 手伝う",,0,,help,"助ける, 手伝う","助ける, 手伝う",help,05.26SS1_KeyWords_P3_英日_問題.pdf,ヘルプ,,help,help,,"助ける, 手伝う",単語,0,原本保持
2367,サンシャイン,SS,1,P3,PROGRAM3,タレントショーを開こう,PROGRAM3 3-2,P41～P44,41,44,5,1,38,the internet,インターネット,,0,,the internet,インターネット,インターネット,the internet,05.26SS1_KeyWords_P3_英日_問題.pdf,ザ インターネット,,the internet,the internet,,インターネット,複数語,1,原本保持
2368,サンシャイン,SS,1,P3,PROGRAM3,タレントショーを開こう,PROGRAM3 3-2,P41～P44,41,44,5,1,39,climb,登る,,0,,climb,登る,登る,climb,05.26SS1_KeyWords_P3_英日_問題.pdf,クライム,,climb,climb,,登る,単語,0,原本保持
2369,サンシャイン,SS,1,P3,PROGRAM3,タレントショーを開こう,Our Project1 あなたの知らない私,P45～P49,45,49,5,1,40,I'm in ~club.,私は~(文化)部に所属しています。,☆,1,,I'm in ~club.,私は~(文化)部に所属しています。,私は~(文化)部に所属しています。,I'm in ~club.,05.26SS1_KeyWords_P3_英日_問題.pdf,アイム イン ～ クラブ,,I'm in ~club.,I'm in ~club.,,私は~(文化)部に所属しています。,表現,1,原本保持
2370,サンシャイン,SS,1,P3,PROGRAM3,タレントショーを開こう,Our Project1 あなたの知らない私,P45～P49,45,49,5,1,41,her,彼女の,☆,1,,her,彼女の,彼女の,her,05.26SS1_KeyWords_P3_英日_問題.pdf,ハー,,her,her,,彼女の,単語,0,原本保持
2371,サンシャイン,SS,1,P3,PROGRAM3,タレントショーを開こう,Our Project1 あなたの知らない私,P45～P49,45,49,5,1,42,I'm on ~team.,私は~(運動)部に所属しています。,☆,1,,I'm on ~team.,私は~(運動)部に所属しています。,私は~(運動)部に所属しています。,I'm on ~team.,05.26SS1_KeyWords_P3_英日_問題.pdf,アイム オン ～ チーム,,I'm on ~team.,I'm on ~team.,,私は~(運動)部に所属しています。,表現,1,原本保持
2372,サンシャイン,SS,1,P3,PROGRAM3,タレントショーを開こう,Our Project1 あなたの知らない私,P45～P49,45,49,5,1,43,cute,かわいい,☆,1,,cute,かわいい,かわいい,cute,05.26SS1_KeyWords_P3_英日_問題.pdf,キュト,,cute,cute,,かわいい,単語,0,原本保持
2373,サンシャイン,SS,1,P3,PROGRAM3,タレントショーを開こう,Our Project1 あなたの知らない私,P45～P49,45,49,5,1,44,best friend,親友,☆,1,,best friend,親友,親友,best friend,05.26SS1_KeyWords_P3_英日_問題.pdf,ベスト フレンド,,best friend,best friend,,親友,複数語,1,原本保持
2374,サンシャイン,SS,1,P3,PROGRAM3,タレントショーを開こう,Our Project1 あなたの知らない私,P45～P49,45,49,5,1,45,concert,コンサート,,0,,concert,コンサート,コンサート,concert,05.26SS1_KeyWords_P3_英日_問題.pdf,カンサート,,concert,concert,,コンサート,単語,0,原本保持
2375,サンシャイン,SS,1,P3,PROGRAM3,タレントショーを開こう,Our Project1 あなたの知らない私,P45～P49,45,49,5,1,46,they,"彼ら[彼女ら, それら]は[が]",☆,1,,they,"彼ら[彼女ら, それら]は[が]","彼ら[彼女ら, それら]は[が]",they,05.26SS1_KeyWords_P3_英日_問題.pdf,ゼイ,,they,they,,"彼ら[彼女ら, それら]は[が]",単語,0,原本保持
2376,サンシャイン,SS,1,P3,PROGRAM3,タレントショーを開こう,Our Project1 あなたの知らない私,P45～P49,45,49,5,1,47,idol,アイドル,,0,,idol,アイドル,アイドル,idol,05.26SS1_KeyWords_P3_英日_問題.pdf,アイドル,,idol,idol,,アイドル,単語,0,原本保持
2377,サンシャイン,SS,1,P3,PROGRAM3 タレントショーを開こう,,Power-Up1 ハンバーガーショップへ行こう,P50,50,50,5,2,48,pie,パイ,,0,,pie,パイ,パイ,pie,05.26SS1_KeyWords_P3_英日_問題.pdf,パイ,,pie,pie,,パイ,単語,0,原本保持
2378,サンシャイン,SS,1,P3,PROGRAM3 タレントショーを開こう,,Power-Up1 ハンバーガーショップへ行こう,P50,50,50,5,2,49,For here or to go?,"こちらでめしあがりますか, お持ち帰りになりますか。",☆,1,最終監査修正: 途中空白除去,For here or to go?,"こちらでめしあがりますか, お持ち帰りになりますか。","こちらでめしあがりますか, お持ち帰りになりますか。",For here or to go?,05.26SS1_KeyWords_P3_英日_問題.pdf,フォー ヒア オア トゥ ゴウ,,For here or to go?,For here or to go?,,"こちらでめしあがりますか, お持ち帰りになりますか。",表現,1,原本保持
2379,サンシャイン,SS,1,P3,PROGRAM3 タレントショーを開こう,,Power-Up1 ハンバーガーショップへ行こう,P50,50,50,5,2,50,French fries,フライドポテト,,0,,French fries,フライドポテト,フライドポテト,French fries,05.26SS1_KeyWords_P3_英日_問題.pdf,フレンチ フライズ,,French fries,French fries,,フライドポテト,複数語,1,原本保持
2380,サンシャイン,SS,1,P3,PROGRAM3 タレントショーを開こう,,Power-Up1 ハンバーガーショップへ行こう,P50,50,50,5,2,51,Can I have ~?,~をお願いします。,☆,1,,Can I have ~?,~をお願いします。,~をお願いします。,Can I have ~?,05.26SS1_KeyWords_P3_英日_問題.pdf,キャン アイ ハブ ～,,Can I have ~?,Can I have ~?,,~をお願いします。,表現,1,原本保持
2381,サンシャイン,SS,1,P3,PROGRAM3 タレントショーを開こう,,Power-Up1 ハンバーガーショップへ行こう,P50,50,50,5,2,52,cola,コーラ,,0,,cola,コーラ,コーラ,cola,05.26SS1_KeyWords_P3_英日_問題.pdf,コラ,,cola,cola,,コーラ,単語,0,原本保持
2382,サンシャイン,SS,1,P3,PROGRAM3 タレントショーを開こう,,Power-Up1 ハンバーガーショップへ行こう,P50,50,50,5,2,53,How much ~?,~はいくらですか。,☆,1,,How much ~?,~はいくらですか。,~はいくらですか。,How much ~?,05.26SS1_KeyWords_P3_英日_問題.pdf,ハウ マッチ ～,,How much ~?,How much ~?,,~はいくらですか。,表現,1,原本保持
2383,サンシャイン,SS,1,P3,PROGRAM3 タレントショーを開こう,,Power-Up1 ハンバーガーショップへ行こう,P50,50,50,5,2,54,ginger ale,ジンジャーエール,,0,,ginger ale,ジンジャーエール,ジンジャーエール,ginger ale,05.26SS1_KeyWords_P3_英日_問題.pdf,ジンジャー エイール,,ginger ale,ginger ale,,ジンジャーエール,複数語,1,原本保持
2384,サンシャイン,SS,1,P3,PROGRAM3 タレントショーを開こう,,Power-Up1 ハンバーガーショップへ行こう,P50,50,50,5,2,55,Here you are.,"はい,どうぞ。",☆,1,,Here you are.,"はい,どうぞ。","はい,どうぞ。",Here you are.,05.26SS1_KeyWords_P3_英日_問題.pdf,ヒア ユー アー,,Here you are.,Here you are.,,"はい,どうぞ。",複数語,1,原本保持
2385,サンシャイン,SS,1,P3,PROGRAM3 タレントショーを開こう,,Power-Up1 ハンバーガーショップへ行こう,P50,50,50,5,2,56,staff,スタッフ,,0,,staff,スタッフ,スタッフ,staff,05.26SS1_KeyWords_P3_英日_問題.pdf,スタフ,,staff,staff,,スタッフ,単語,0,原本保持
2386,サンシャイン,SS,1,P3,PROGRAM3 タレントショーを開こう,,Power-Up1 ハンバーガーショップへ行こう,P50,50,50,5,2,57,large,大きい,☆,1,,large,大きい,大きい,large,05.26SS1_KeyWords_P3_英日_問題.pdf,ラージ,,large,large,,大きい,単語,0,原本保持
2387,サンシャイン,SS,1,P3,PROGRAM3 タレントショーを開こう,,Power-Up1 ハンバーガーショップへ行こう,P50,50,50,5,2,58,meal,食事,,0,,meal,食事,食事,meal,05.26SS1_KeyWords_P3_英日_問題.pdf,ミール,,meal,meal,,食事,単語,0,原本保持
2388,サンシャイン,SS,1,P3,PROGRAM3 タレントショーを開こう,,Power-Up1 ハンバーガーショップへ行こう,P50,50,50,5,2,59,medium,中間の,☆,1,,medium,中間の,中間の,medium,05.26SS1_KeyWords_P3_英日_問題.pdf,ミディム,,medium,medium,,中間の,単語,0,原本保持
2389,サンシャイン,SS,1,P3,PROGRAM3 タレントショーを開こう,,Power-Up1 ハンバーガーショップへ行こう,P50,50,50,5,2,60,size,"大きさ, サイズ",,0,,size,"大きさ, サイズ","大きさ, サイズ",size,05.26SS1_KeyWords_P3_英日_問題.pdf,サイズ,,size,size,,"大きさ, サイズ",単語,0,原本保持
2390,サンシャイン,SS,1,P3,PROGRAM3 タレントショーを開こう,,Power-Up1 ハンバーガーショップへ行こう,P50,50,50,5,2,61,member,"一員, メンバー",☆,1,,member,"一員, メンバー","一員, メンバー",member,05.26SS1_KeyWords_P3_英日_問題.pdf,メムバー,,member,member,,"一員, メンバー",単語,0,原本保持
2391,サンシャイン,SS,1,P3,PROGRAM3 タレントショーを開こう,,Power-Up1 ハンバーガーショップへ行こう,P50,50,50,5,2,62,dollar,ドル(貨幣単位),,0,,dollar,ドル(貨幣単位),ドル(貨幣単位),dollar,05.26SS1_KeyWords_P3_英日_問題.pdf,ダラー,,dollar,dollar,,ドル(貨幣単位),単語,0,原本保持
2392,サンシャイン,SS,1,P3,PROGRAM3 タレントショーを開こう,,Power-Up1 ハンバーガーショップへ行こう,P50,50,50,5,2,63,hamburger,ハンバーガー,,0,,hamburger,ハンバーガー,ハンバーガー,hamburger,05.26SS1_KeyWords_P3_英日_問題.pdf,ハンバーガー,,hamburger,hamburger,,ハンバーガー,単語,0,原本保持
2393,サンシャイン,SS,1,P3,PROGRAM3 タレントショーを開こう,,Power-Up1 ハンバーガーショップへ行こう,P50,50,50,5,2,64,cent,セント(貨幣単位),,0,,cent,セント(貨幣単位),セント(貨幣単位),cent,05.26SS1_KeyWords_P3_英日_問題.pdf,セント,,cent,cent,,セント(貨幣単位),単語,0,原本保持
2394,サンシャイン,SS,1,P3,PROGRAM3 タレントショーを開こう,,Power-Up1 ハンバーガーショップへ行こう,P50,50,50,5,2,65,cheeseburger,チーズバーガー,,0,,cheeseburger,チーズバーガー,チーズバーガー,cheeseburger,05.26SS1_KeyWords_P3_英日_問題.pdf,チズバーガー,,cheeseburger,cheeseburger,,チーズバーガー,単語,0,原本保持
2395,サンシャイン,SS,1,P4,Let's,Enjoy Japanese Food. PROGRAM4,PROGRAM4 4-1,P51～P55,51,55,6,1,1,isn't,is notの短縮形,☆,1,,isn't,is notの短縮形,is notの短縮形,isn't,06.26SS1_KeyWords_P4_英日_問題.pdf,イズント,,isn't,isn't,,is notの短縮形,短縮形,0,原本保持
2396,サンシャイン,SS,1,P4,Let's,Enjoy Japanese Food. PROGRAM4,PROGRAM4 4-1,P51～P55,51,55,6,1,2,Don't worry.,心配しないで。,☆,1,,Don't worry.,心配しないで。,心配しないで。,Don't worry.,06.26SS1_KeyWords_P4_英日_問題.pdf,ドント ウォーリー,,Don't worry.,Don't worry.,,心配しないで。,複数語,1,原本保持
2397,サンシャイン,SS,1,P4,Let's,Enjoy Japanese Food. PROGRAM4,PROGRAM4 4-1,P51～P55,51,55,6,1,3,favorite,"お気に入りの, 大好きな",☆,1,,favorite,"お気に入りの, 大好きな","お気に入りの, 大好きな",favorite,06.26SS1_KeyWords_P4_英日_問題.pdf,フェイバリット,,favorite,favorite,,"お気に入りの, 大好きな",単語,0,原本保持
2398,サンシャイン,SS,1,P4,Let's,Enjoy Japanese Food. PROGRAM4,PROGRAM4 4-1,P51～P55,51,55,6,1,4,meat,肉,,0,,meat,肉,肉,meat,06.26SS1_KeyWords_P4_英日_問題.pdf,ミト,,meat,meat,,肉,単語,0,原本保持
2399,サンシャイン,SS,1,P4,Let's,Enjoy Japanese Food. PROGRAM4,PROGRAM4 4-1,P51～P55,51,55,6,1,5,ready,準備ができて,☆,1,,ready,準備ができて,準備ができて,ready,06.26SS1_KeyWords_P4_英日_問題.pdf,レディ,,ready,ready,,準備ができて,単語,0,原本保持
2400,サンシャイン,SS,1,P4,Let's,Enjoy Japanese Food. PROGRAM4,PROGRAM4 4-1,P51～P55,51,55,6,1,6,butterfly,チョウ,,0,,butterfly,チョウ,チョウ,butterfly,06.26SS1_KeyWords_P4_英日_問題.pdf,バターフライ,,butterfly,butterfly,,チョウ,単語,0,原本保持
2401,サンシャイン,SS,1,P4,Let's,Enjoy Japanese Food. PROGRAM4,PROGRAM4 4-2,P56～P59,56,59,6,1,7,answer,答え,☆,1,,answer,答え,答え,answer,06.26SS1_KeyWords_P4_英日_問題.pdf,アンサー,,answer,answer,,答え,単語,0,原本保持
2402,サンシャイン,SS,1,P4,Let's,Enjoy Japanese Food. PROGRAM4,PROGRAM4 4-2,P56～P59,56,59,6,1,8,Texas,テキサス(アメリカ合衆国の州),,0,,Texas,テキサス(アメリカ合衆国の州),テキサス(アメリカ合衆国の州),Texas,06.26SS1_KeyWords_P4_英日_問題.pdf,テキサス,,Texas,Texas,,テキサス(アメリカ合衆国の州),単語,0,原本保持
2403,サンシャイン,SS,1,P4,Let's,Enjoy Japanese Food. PROGRAM4,PROGRAM4 4-2,P56～P59,56,59,6,1,9,woman,"女性, 女の人",☆,1,,woman,"女性, 女の人","女性, 女の人",woman,06.26SS1_KeyWords_P4_英日_問題.pdf,ウーマン,,woman,woman,,"女性, 女の人",単語,0,原本保持
2404,サンシャイン,SS,1,P4,Let's,Enjoy Japanese Food. PROGRAM4,PROGRAM4 4-2,P56～P59,56,59,6,1,10,legend,伝説,,0,,legend,伝説,伝説,legend,06.26SS1_KeyWords_P4_英日_問題.pdf,レジャンド,,legend,legend,,伝説,単語,0,原本保持
2405,サンシャイン,SS,1,P4,Let's,Enjoy Japanese Food. PROGRAM4,PROGRAM4 4-2,P56～P59,56,59,6,1,11,man,"男性, 男の人",☆,1,,man,"男性, 男の人","男性, 男の人",man,06.26SS1_KeyWords_P4_英日_問題.pdf,マン,,man,man,,"男性, 男の人",単語,0,原本保持
2406,サンシャイン,SS,1,P4,Let's,Enjoy Japanese Food. PROGRAM4,PROGRAM4 4-2,P56～P59,56,59,6,1,12,lady,"女の人, 貴婦人",,0,,lady,"女の人, 貴婦人","女の人, 貴婦人",lady,06.26SS1_KeyWords_P4_英日_問題.pdf,レイディ,,lady,lady,,"女の人, 貴婦人",単語,0,原本保持
2407,サンシャイン,SS,1,P4,Let's,Enjoy Japanese Food. PROGRAM4,PROGRAM4 4-2,P56～P59,56,59,6,1,13,classmate,"級友, クラスメート",☆,1,,classmate,"級友, クラスメート","級友, クラスメート",classmate,06.26SS1_KeyWords_P4_英日_問題.pdf,クラスメイト,,classmate,classmate,,"級友, クラスメート",単語,0,原本保持
2408,サンシャイン,SS,1,P4,Let's,Enjoy Japanese Food. PROGRAM4,PROGRAM4 4-2,P56～P59,56,59,6,1,14,court,"コート, 中庭",,0,,court,"コート, 中庭","コート, 中庭",court,06.26SS1_KeyWords_P4_英日_問題.pdf,コート,,court,court,,"コート, 中庭",単語,0,原本保持
2409,サンシャイン,SS,1,P4,Let's,Enjoy Japanese Food. PROGRAM4,PROGRAM4 4-2,P56～P59,56,59,6,1,15,boy,少年,☆,1,,boy,少年,少年,boy,06.26SS1_KeyWords_P4_英日_問題.pdf,ボーイ,,boy,boy,,少年,単語,0,原本保持
2410,サンシャイン,SS,1,P4,Let's,Enjoy Japanese Food. PROGRAM4,PROGRAM4 4-2,P56～P59,56,59,6,1,16,chef,シェフ,,0,,chef,シェフ,シェフ,chef,06.26SS1_KeyWords_P4_英日_問題.pdf,シェフ,,chef,chef,,シェフ,単語,0,原本保持
2411,サンシャイン,SS,1,P4,Let's,Enjoy Japanese Food. PROGRAM4,PROGRAM4 4-2,P56～P59,56,59,6,1,17,traditional,伝統的な,☆,1,,traditional,伝統的な,伝統的な,traditional,06.26SS1_KeyWords_P4_英日_問題.pdf,トラディショナル,,traditional,traditional,,伝統的な,単語,0,原本保持
2412,サンシャイン,SS,1,P4,Let's,Enjoy Japanese Food. PROGRAM4,PROGRAM4 4-2,P56～P59,56,59,6,1,18,brand,"ブランド, 銘柄",,0,,brand,"ブランド, 銘柄","ブランド, 銘柄",brand,06.26SS1_KeyWords_P4_英日_問題.pdf,ブランド,,brand,brand,,"ブランド, 銘柄",単語,0,原本保持
2413,サンシャイン,SS,1,P4,Let's,Enjoy Japanese Food. PROGRAM4,PROGRAM4 4-2,P56～P59,56,59,6,1,19,famous,有名な,☆,1,,famous,有名な,有名な,famous,06.26SS1_KeyWords_P4_英日_問題.pdf,フェイマス,,famous,famous,,有名な,単語,0,原本保持
2414,サンシャイン,SS,1,P4,Let's,Enjoy Japanese Food. PROGRAM4,PROGRAM4 4-2,P56～P59,56,59,6,1,20,round,丸い,,0,,round,丸い,丸い,round,06.26SS1_KeyWords_P4_英日_問題.pdf,ラウンド,,round,round,,丸い,単語,0,原本保持
2415,サンシャイン,SS,1,P4,Let's,Enjoy Japanese Food. PROGRAM4,PROGRAM4 4-2,P56～P59,56,59,6,1,21,That's right.,そのとおりです。,☆,1,,That's right.,そのとおりです。,そのとおりです。,That's right.,06.26SS1_KeyWords_P4_英日_問題.pdf,ザッツ ライト,,That's right.,That's right.,,そのとおりです。,複数語,1,原本保持
2416,サンシャイン,SS,1,P4,Let's,Enjoy Japanese Food. PROGRAM4,PROGRAM4 4-2,P56～P59,56,59,6,1,22,sweet,甘い,,0,,sweet,甘い,甘い,sweet,06.26SS1_KeyWords_P4_英日_問題.pdf,スウィト,,sweet,sweet,,甘い,単語,0,原本保持
2417,サンシャイン,SS,1,P4,Let's,Enjoy Japanese Food. PROGRAM4,PROGRAM4 4-2,P56～P59,56,59,6,1,23,~year(s) old,~歳,☆,1,,~year(s) old,~歳,~歳,~year(s) old,06.26SS1_KeyWords_P4_英日_問題.pdf,～ イヤー エス オールド,,~year(s) old,~year old,~years old,~歳,表現,1,個別正規化済み
2418,サンシャイン,SS,1,P4,Let's,Enjoy Japanese Food. PROGRAM4,PROGRAM4 4-2,P56～P59,56,59,6,1,24,excellent,すばらしい,,0,,excellent,すばらしい,すばらしい,excellent,06.26SS1_KeyWords_P4_英日_問題.pdf,エックサラント,,excellent,excellent,,すばらしい,単語,0,原本保持
2419,サンシャイン,SS,1,P4,Let's,Enjoy Japanese Food. PROGRAM4,PROGRAM4 4-2,P56～P59,56,59,6,1,25,Would you like ~?,~はいかがですか。,☆,1,,Would you like ~?,~はいかがですか。,~はいかがですか。,Would you like ~?,06.26SS1_KeyWords_P4_英日_問題.pdf,ウッジュー ライク ～,,Would you like ~?,Would you like ~?,,~はいかがですか。,表現,1,原本保持
2420,サンシャイン,SS,1,P4,Let's,Enjoy Japanese Food. PROGRAM4,PROGRAM4 4-2,P56～P59,56,59,6,1,26,I got it!,わかった。,,0,,I got it!,わかった。,わかった。,I got it!,06.26SS1_KeyWords_P4_英日_問題.pdf,アイ ガット イット,,I got it!,I got it!,,わかった。,表現,1,原本保持
2421,サンシャイン,SS,1,P4,Let's,Enjoy Japanese Food. PROGRAM4,PROGRAM4 教科書本文,"P55,P56",55,56,6,1,27,be good at ~,~が得意である,☆,1,,be good at ~,~が得意である,~が得意である,be good at ~,06.26SS1_KeyWords_P4_英日_問題.pdf,ビー グッド アット ～,,be good at ~,be good at ~,,~が得意である,表現,1,原本保持
2422,サンシャイン,SS,1,P4,Let's,Enjoy Japanese Food. PROGRAM4,PROGRAM4 教科書本文,"P55,P56",55,56,6,1,28,drone,ドローン,,0,,drone,ドローン,ドローン,drone,06.26SS1_KeyWords_P4_英日_問題.pdf,ドロン,,drone,drone,,ドローン,単語,0,原本保持
2423,サンシャイン,SS,1,P4,Let's,Enjoy Japanese Food. PROGRAM4,PROGRAM4 教科書本文,"P55,P56",55,56,6,1,29,zebra,シマウマ,,0,,zebra,シマウマ,シマウマ,zebra,06.26SS1_KeyWords_P4_英日_問題.pdf,ジブラ,,zebra,zebra,,シマウマ,単語,0,原本保持
2424,サンシャイン,SS,1,P4,Let's,Enjoy Japanese Food. PROGRAM4,PROGRAM4 教科書本文,"P55,P56",55,56,6,1,30,track and field,陸上競技,,0,,track and field,陸上競技,陸上競技,track and field,06.26SS1_KeyWords_P4_英日_問題.pdf,トラック アンド フィールド,,track and field,track and field,,陸上競技,複数語,1,原本保持
2425,サンシャイン,SS,1,P4,Let's,Enjoy Japanese Food. PROGRAM4,PROGRAM4 教科書本文,"P55,P56",55,56,6,1,31,jelly,ゼリー,,0,,jelly,ゼリー,ゼリー,jelly,06.26SS1_KeyWords_P4_英日_問題.pdf,ジェリ,,jelly,jelly,,ゼリー,単語,0,原本保持
2426,サンシャイン,SS,1,P4,Let's,Enjoy Japanese Food. PROGRAM4,PROGRAM4 教科書本文,"P55,P56",55,56,6,1,32,towel,タオル,,0,,towel,タオル,タオル,towel,06.26SS1_KeyWords_P4_英日_問題.pdf,タウル,,towel,towel,,タオル,単語,0,原本保持
2427,サンシャイン,SS,1,P4,Let's,Enjoy Japanese Food. PROGRAM4,PROGRAM4 教科書本文,"P55,P56",55,56,6,1,33,deep-fried tofu,油揚げ,,0,,deep-fried tofu,油揚げ,油揚げ,deep-fried tofu,06.26SS1_KeyWords_P4_英日_問題.pdf,ディプ・フライド トフ,,deep-fried tofu,deep-fried tofu,,油揚げ,複数語,1,原本保持
2428,サンシャイン,SS,1,P4,Let's,Enjoy Japanese Food. PROGRAM4,PROGRAM4 教科書本文,"P55,P56",55,56,6,1,34,cookie,クッキー,,0,,cookie,クッキー,クッキー,cookie,06.26SS1_KeyWords_P4_英日_問題.pdf,クキ,,cookie,cookie,,クッキー,単語,0,原本保持
2429,サンシャイン,SS,1,P4,Let's,Enjoy Japanese Food. PROGRAM4,PROGRAM4 教科書本文,"P55,P56",55,56,6,1,35,cooking,料理すること,,0,,cooking,料理すること,料理すること,cooking,06.26SS1_KeyWords_P4_英日_問題.pdf,クキング,,cooking,cooking,,料理すること,単語,0,原本保持
2430,サンシャイン,SS,1,P4,Let's,Enjoy Japanese Food. PROGRAM4,PROGRAM4 教科書本文,"P55,P56",55,56,6,1,36,custard pudding,カスタードプリン,,0,,custard pudding,カスタードプリン,カスタードプリン,custard pudding,06.26SS1_KeyWords_P4_英日_問題.pdf,カスタード プディング,,custard pudding,custard pudding,,カスタードプリン,複数語,1,原本保持
2431,サンシャイン,SS,1,P4,Let's,Enjoy Japanese Food. PROGRAM4,PROGRAM4 教科書本文,"P55,P56",55,56,6,1,37,programmer,プログラマー,,0,,programmer,プログラマー,プログラマー,programmer,06.26SS1_KeyWords_P4_英日_問題.pdf,プログラマー,,programmer,programmer,,プログラマー,単語,0,原本保持
2432,サンシャイン,SS,1,P4,Let's,Enjoy Japanese Food. PROGRAM4,PROGRAM4 教科書本文,"P55,P56",55,56,6,1,38,high school,高校,,0,,high school,高校,高校,high school,06.26SS1_KeyWords_P4_英日_問題.pdf,ハイ スクール,,high school,high school,,高校,複数語,1,原本保持
2433,サンシャイン,SS,1,P4,Let's,Enjoy Japanese Food. PROGRAM4,"PROGRAM4 4-1, 2",P51～P59,51,59,6,1,39,meat,肉,☆,1,,meat,肉,肉,meat,06.26SS1_KeyWords_P4_英日_問題.pdf,ミト,,meat,meat,,肉,単語,0,原本保持
2434,サンシャイン,SS,1,P4,Let's,Enjoy Japanese Food. PROGRAM4,"PROGRAM4 4-1, 2",P51～P59,51,59,6,1,40,sweet,甘い,☆,1,,sweet,甘い,甘い,sweet,06.26SS1_KeyWords_P4_英日_問題.pdf,スウィト,,sweet,sweet,,甘い,単語,0,原本保持
2435,サンシャイン,SS,1,P4,Let's,Enjoy Japanese Food. PROGRAM4,"PROGRAM4 4-1, 2",P51～P59,51,59,6,1,41,lady,"女の人, 貴婦人",☆,1,,lady,"女の人, 貴婦人","女の人, 貴婦人",lady,06.26SS1_KeyWords_P4_英日_問題.pdf,レイディ,,lady,lady,,"女の人, 貴婦人",単語,0,原本保持
2436,サンシャイン,SS,1,P4,Let's,Enjoy Japanese Food. PROGRAM4,"PROGRAM4 4-1, 2",P51～P59,51,59,6,1,42,excellent,すばらしい,☆,1,,excellent,すばらしい,すばらしい,excellent,06.26SS1_KeyWords_P4_英日_問題.pdf,エックサラント,,excellent,excellent,,すばらしい,単語,0,原本保持
2437,サンシャイン,SS,1,P4,Let's,Enjoy Japanese Food. PROGRAM4,"PROGRAM4 4-1, 2",P51～P59,51,59,6,1,43,round,丸い,☆,1,,round,丸い,丸い,round,06.26SS1_KeyWords_P4_英日_問題.pdf,ラウンド,,round,round,,丸い,単語,0,原本保持
2438,サンシャイン,SS,1,P4,Let's,Enjoy Japanese Food. PROGRAM4,"PROGRAM4 4-1, 2",P51～P59,51,59,6,1,44,I got it!,わかった。,☆,1,,I got it!,わかった。,わかった。,I got it!,06.26SS1_KeyWords_P4_英日_問題.pdf,アイ ガット イット,,I got it!,I got it!,,わかった。,表現,1,原本保持
2439,サンシャイン,SS,1,P5,Pajama,Day PROGRAM5,PROGRAM5 5-1,P61～P65,61,65,7,1,1,doesn't,does notの短縮形,☆,1,,doesn't,does notの短縮形,does notの短縮形,doesn't,07.26SS1_KeyWords_P5_英日_問題.pdf,ダズント,,doesn't,doesn't,,does notの短縮形,短縮形,0,原本保持
2440,サンシャイン,SS,1,P5,Pajama,Day PROGRAM5,PROGRAM5 5-1,P61～P65,61,65,7,1,2,drawing,(絵を)描くこと,,0,,drawing,(絵を)描くこと,(絵を)描くこと,drawing,07.26SS1_KeyWords_P5_英日_問題.pdf,ドロイング,,drawing,drawing,,(絵を)描くこと,単語,0,原本保持
2441,サンシャイン,SS,1,P5,Pajama,Day PROGRAM5,PROGRAM5 5-1,P61～P65,61,65,7,1,3,spend,(時間を)過ごす,☆,1,,spend,(時間を)過ごす,(時間を)過ごす,spend,07.26SS1_KeyWords_P5_英日_問題.pdf,スペンド,,spend,spend,,(時間を)過ごす,単語,0,原本保持
2442,サンシャイン,SS,1,P5,Pajama,Day PROGRAM5,PROGRAM5 5-1,P61～P65,61,65,7,1,4,design,デザイン,,0,,design,デザイン,デザイン,design,07.26SS1_KeyWords_P5_英日_問題.pdf,ディザイン,,design,design,,デザイン,単語,0,原本保持
2443,サンシャイン,SS,1,P5,Pajama,Day PROGRAM5,PROGRAM5 5-1,P61～P65,61,65,7,1,5,live,"住む, 住んでいる",☆,1,,live,"住む, 住んでいる","住む, 住んでいる",live,07.26SS1_KeyWords_P5_英日_問題.pdf,リブ,,live,live,,"住む, 住んでいる",単語,0,原本保持
2444,サンシャイン,SS,1,P5,Pajama,Day PROGRAM5,PROGRAM5 5-1,P61～P65,61,65,7,1,6,pajama,パジャマ,,0,,pajama,パジャマ,パジャマ,pajama,07.26SS1_KeyWords_P5_英日_問題.pdf,パジャマ,,pajama,pajama,,パジャマ,単語,0,原本保持
2445,サンシャイン,SS,1,P5,Pajama,Day PROGRAM5,PROGRAM5 5-1,P61～P65,61,65,7,1,7,common,"ふつうの, ありふれた",☆,1,,common,"ふつうの, ありふれた","ふつうの, ありふれた",common,07.26SS1_KeyWords_P5_英日_問題.pdf,カマン,,common,common,,"ふつうの, ありふれた",単語,0,原本保持
2446,サンシャイン,SS,1,P5,Pajama,Day PROGRAM5,PROGRAM5 5-1,P61～P65,61,65,7,1,8,curry and rice,カレーライス,,0,,curry and rice,カレーライス,カレーライス,curry and rice,07.26SS1_KeyWords_P5_英日_問題.pdf,カレー アンド ライス,,curry and rice,curry and rice,,カレーライス,複数語,1,原本保持
2447,サンシャイン,SS,1,P5,Pajama,Day PROGRAM5,PROGRAM5 5-1,P61～P65,61,65,7,1,9,Just kidding.,冗談です。,☆,1,,Just kidding.,冗談です。,冗談です。,Just kidding.,07.26SS1_KeyWords_P5_英日_問題.pdf,ジャスト キディング,,Just kidding.,Just kidding.,,冗談です。,複数語,1,原本保持
2448,サンシャイン,SS,1,P5,Pajama,Day PROGRAM5,PROGRAM5 5-1,P61～P65,61,65,7,1,10,any,[否定文で]1つの~も(...ない),,0,,any,[否定文で]1つの~も(...ない),[否定文で]1つの~も(...ない),any,07.26SS1_KeyWords_P5_英日_問題.pdf,エニ,,any,any,,[否定文で]1つの~も(...ない),単語,0,原本保持
2449,サンシャイン,SS,1,P5,Pajama,Day PROGRAM5,PROGRAM5 5-1,P61～P65,61,65,7,1,11,sew,縫い物をする,,0,,sew,縫い物をする,縫い物をする,sew,07.26SS1_KeyWords_P5_英日_問題.pdf,ソ,,sew,sew,,縫い物をする,単語,0,原本保持
2450,サンシャイン,SS,1,P5,Pajama,Day PROGRAM5,PROGRAM5 5-1,P61～P65,61,65,7,1,12,his,彼の,,0,,his,彼の,彼の,his,07.26SS1_KeyWords_P5_英日_問題.pdf,ヒズ,,his,his,,彼の,単語,0,原本保持
2451,サンシャイン,SS,1,P5,Pajama,Day PROGRAM5,PROGRAM5 5-1,P61～P65,61,65,7,1,13,photo,写真,,0,,photo,写真,写真,photo,07.26SS1_KeyWords_P5_英日_問題.pdf,フォト,,photo,photo,,写真,単語,0,原本保持
2452,サンシャイン,SS,1,P5,Pajama,Day PROGRAM5,PROGRAM5 5-1,P61～P65,61,65,7,1,14,"~, right?",~でよろしいですね。,,0,,"~, right?",~でよろしいですね。,~でよろしいですね。,"~, right?",07.26SS1_KeyWords_P5_英日_問題.pdf,～、ライト,,"~, right?","~, right?",,~でよろしいですね。,表現,1,原本保持
2453,サンシャイン,SS,1,P5,Pajama,Day PROGRAM5,PROGRAM5 5-2,P66～P69,66,69,7,1,15,work,働く,☆,1,,work,働く,働く,work,07.26SS1_KeyWords_P5_英日_問題.pdf,ワーク,,work,work,,働く,単語,0,原本保持
2454,サンシャイン,SS,1,P5,Pajama,Day PROGRAM5,PROGRAM5 5-2,P66～P69,66,69,7,1,16,be proud of ~,~を誇りに思う,☆,1,,be proud of ~,~を誇りに思う,~を誇りに思う,be proud of ~,07.26SS1_KeyWords_P5_英日_問題.pdf,ビー プラウド オブ ～,,be proud of ~,be proud of ~,,~を誇りに思う,表現,1,原本保持
2455,サンシャイン,SS,1,P5,Pajama,Day PROGRAM5,PROGRAM5 5-2,P66～P69,66,69,7,1,17,company,会社,☆,1,,company,会社,会社,company,07.26SS1_KeyWords_P5_英日_問題.pdf,カムパニ,,company,company,,会社,単語,0,原本保持
2456,サンシャイン,SS,1,P5,Pajama,Day PROGRAM5,PROGRAM5 5-2,P66～P69,66,69,7,1,18,support,支援する,,0,,support,支援する,支援する,support,07.26SS1_KeyWords_P5_英日_問題.pdf,サポート,,support,support,,支援する,単語,0,原本保持
2457,サンシャイン,SS,1,P5,Pajama,Day PROGRAM5,PROGRAM5 5-2,P66～P69,66,69,7,1,19,clothes,服,☆,1,,clothes,服,服,clothes,07.26SS1_KeyWords_P5_英日_問題.pdf,クロズ,,clothes,clothes,,服,単語,0,原本保持
2458,サンシャイン,SS,1,P5,Pajama,Day PROGRAM5,PROGRAM5 5-2,P66～P69,66,69,7,1,20,mean,意味する,,0,,mean,意味する,意味する,mean,07.26SS1_KeyWords_P5_英日_問題.pdf,ミン,,mean,mean,,意味する,単語,0,原本保持
2459,サンシャイン,SS,1,P5,Pajama,Day PROGRAM5,PROGRAM5 5-2,P66～P69,66,69,7,1,21,children,子どもたち,☆,1,,children,子どもたち,子どもたち,children,07.26SS1_KeyWords_P5_英日_問題.pdf,チルドラン,,children,children,,子どもたち,単語,0,原本保持
2460,サンシャイン,SS,1,P5,Pajama,Day PROGRAM5,PROGRAM5 5-2,P66～P69,66,69,7,1,22,elementary school,小学校,,0,,elementary school,小学校,小学校,elementary school,07.26SS1_KeyWords_P5_英日_問題.pdf,エラメントリ スクール,,elementary school,elementary school,,小学校,複数語,1,原本保持
2461,サンシャイン,SS,1,P5,Pajama,Day PROGRAM5,PROGRAM5 5-2,P66～P69,66,69,7,1,23,only,ただ~だけ,☆,1,,only,ただ~だけ,ただ~だけ,only,07.26SS1_KeyWords_P5_英日_問題.pdf,オウンリ,,only,only,,ただ~だけ,単語,0,原本保持
2462,サンシャイン,SS,1,P5,Pajama,Day PROGRAM5,PROGRAM5 5-2,P66～P69,66,69,7,1,24,all,すべての,,0,,all,すべての,すべての,all,07.26SS1_KeyWords_P5_英日_問題.pdf,オール,,all,all,,すべての,単語,0,原本保持
2463,サンシャイン,SS,1,P5,Pajama,Day PROGRAM5,PROGRAM5 5-2,P66～P69,66,69,7,1,25,would like to ~,~したいと思う,☆,1,,would like to ~,~したいと思う,~したいと思う,would like to ~,07.26SS1_KeyWords_P5_英日_問題.pdf,ウッド ライク トゥ ～,,would like to ~,would like to ~,,~したいと思う,表現,1,原本保持
2464,サンシャイン,SS,1,P5,Pajama,Day PROGRAM5,PROGRAM5 教科書本文,"P65,P66",65,66,7,1,26,charity,"チャリティー, 慈善(行為)",,0,,charity,"チャリティー, 慈善(行為)","チャリティー, 慈善(行為)",charity,07.26SS1_KeyWords_P5_英日_問題.pdf,チェリティ,,charity,charity,,"チャリティー, 慈善(行為)",単語,0,原本保持
2465,サンシャイン,SS,1,P5,Pajama,Day PROGRAM5,PROGRAM5 教科書本文,"P65,P66",65,66,7,1,27,Jenny,ジェニー(女子の名),,0,,Jenny,ジェニー(女子の名),ジェニー(女子の名),Jenny,07.26SS1_KeyWords_P5_英日_問題.pdf,ジェニー,,Jenny,Jenny,,ジェニー(女子の名),単語,0,原本保持
2466,サンシャイン,SS,1,P5,Pajama,Day PROGRAM5,PROGRAM5 教科書本文,"P65,P66",65,66,7,1,28,ice hockey,アイスホッケー,,0,,ice hockey,アイスホッケー,アイスホッケー,ice hockey,07.26SS1_KeyWords_P5_英日_問題.pdf,アイス ハキ,,ice hockey,ice hockey,,アイスホッケー,複数語,1,原本保持
2467,サンシャイン,SS,1,P5,Pajama,Day PROGRAM5,PROGRAM5 教科書本文,"P65,P66",65,66,7,1,29,Korean,韓国・朝鮮語,,0,,Korean,韓国・朝鮮語,韓国・朝鮮語,Korean,07.26SS1_KeyWords_P5_英日_問題.pdf,コリアン,,Korean,Korean,,韓国・朝鮮語,単語,0,原本保持
2468,サンシャイン,SS,1,P5,Pajama,Day PROGRAM5,"PROGRAM5 5-1, 2",P61～P69,61,69,7,1,30,photo,写真,☆,1,,photo,写真,写真,photo,07.26SS1_KeyWords_P5_英日_問題.pdf,フォト,,photo,photo,,写真,単語,0,原本保持
2469,サンシャイン,SS,1,P5,Pajama,Day PROGRAM5,"PROGRAM5 5-1, 2",P61～P69,61,69,7,1,31,any,[否定文で]1つの~も(...ない),☆,1,,any,[否定文で]1つの~も(...ない),[否定文で]1つの~も(...ない),any,07.26SS1_KeyWords_P5_英日_問題.pdf,エニ,,any,any,,[否定文で]1つの~も(...ない),単語,0,原本保持
2470,サンシャイン,SS,1,P5,Pajama,Day PROGRAM5,"PROGRAM5 5-1, 2",P61～P69,61,69,7,1,32,drawing,(絵を)描くこと,☆,1,,drawing,(絵を)描くこと,(絵を)描くこと,drawing,07.26SS1_KeyWords_P5_英日_問題.pdf,ドロイング,,drawing,drawing,,(絵を)描くこと,単語,0,原本保持
2471,サンシャイン,SS,1,P5,Pajama,Day PROGRAM5,"PROGRAM5 5-1, 2",P61～P69,61,69,7,1,33,mean,意味する,☆,1,,mean,意味する,意味する,mean,07.26SS1_KeyWords_P5_英日_問題.pdf,ミン,,mean,mean,,意味する,単語,0,原本保持
2472,サンシャイン,SS,1,P5,Pajama,Day PROGRAM5,"PROGRAM5 5-1, 2",P61～P69,61,69,7,1,34,design,デザイン,☆,1,,design,デザイン,デザイン,design,07.26SS1_KeyWords_P5_英日_問題.pdf,ディザイン,,design,design,,デザイン,単語,0,原本保持
2473,サンシャイン,SS,1,P5,Pajama,Day PROGRAM5,Power-Up2 持ち主をたずねよう,P70,70,70,7,1,35,which,"どの, どちらの",☆,1,,which,"どの, どちらの","どの, どちらの",which,07.26SS1_KeyWords_P5_英日_問題.pdf,ウィッチ,,which,which,,"どの, どちらの",単語,0,原本保持
2474,サンシャイン,SS,1,P5,Pajama,Day PROGRAM5,Power-Up2 持ち主をたずねよう,P70,70,70,7,1,36,yours,あなたのもの,☆,1,,yours,あなたのもの,あなたのもの,yours,07.26SS1_KeyWords_P5_英日_問題.pdf,ユーズ,,yours,yours,,あなたのもの,単語,0,原本保持
2475,サンシャイン,SS,1,P5,Pajama,Day PROGRAM5,Power-Up2 持ち主をたずねよう,P70,70,70,7,1,37,whose,だれの,☆,1,,whose,だれの,だれの,whose,07.26SS1_KeyWords_P5_英日_問題.pdf,フーズ,,whose,whose,,だれの,単語,0,原本保持
2476,サンシャイン,SS,1,P5,Pajama,Day PROGRAM5,Power-Up2 持ち主をたずねよう,P70,70,70,7,1,38,ours,私たちのもの,,0,,ours,私たちのもの,私たちのもの,ours,07.26SS1_KeyWords_P5_英日_問題.pdf,アウズ,,ours,ours,,私たちのもの,単語,0,原本保持
2477,サンシャイン,SS,1,P5,Pajama,Day PROGRAM5,Power-Up2 持ち主をたずねよう,P70,70,70,7,1,39,bike,自転車,☆,1,,bike,自転車,自転車,bike,07.26SS1_KeyWords_P5_英日_問題.pdf,バイク,,bike,bike,,自転車,単語,0,原本保持
2478,サンシャイン,SS,1,P5,Pajama,Day PROGRAM5,Power-Up2 持ち主をたずねよう,P70,70,70,7,1,40,his,彼のもの,,0,,his,彼のもの,彼のもの,his,07.26SS1_KeyWords_P5_英日_問題.pdf,ヒズ,,his,his,,彼のもの,単語,0,原本保持
2479,サンシャイン,SS,1,P5,Pajama,Day PROGRAM5,Power-Up2 持ち主をたずねよう,P70,70,70,7,1,41,mine,私のもの,☆,1,,mine,私のもの,私のもの,mine,07.26SS1_KeyWords_P5_英日_問題.pdf,マイン,,mine,mine,,私のもの,単語,0,原本保持
2480,サンシャイン,SS,1,P5,Pajama,Day PROGRAM5,Power-Up2 持ち主をたずねよう,P70,70,70,7,1,42,hers,彼女のもの,,0,,hers,彼女のもの,彼女のもの,hers,07.26SS1_KeyWords_P5_英日_問題.pdf,ハーズ,,hers,hers,,彼女のもの,単語,0,原本保持
2481,サンシャイン,SS,1,P6,The,Way to School PROGRAM6,PROGRAM6 6-1,P71～P75,71,75,8,1,1,I-my-me-mine,"私[は-の-を, に-のもの]",☆,1,,I-my-me-mine,"私[は-の-を, に-のもの]","私[は-の-を, に-のもの]",I-my-me-mine,08.26SS1_KeyWords_P6_英日_問題.pdf,アイ・マイ・ミー・マイン,,I-my-me-mine,I-my-me-mine,,"私[は-の-を, に-のもの]",単語,0,原本保持
2482,サンシャイン,SS,1,P6,The,Way to School PROGRAM6,PROGRAM6 6-1,P71～P75,71,75,8,1,2,hour,"1時間, 時間",☆,1,,hour,"1時間, 時間","1時間, 時間",hour,08.26SS1_KeyWords_P6_英日_問題.pdf,アワー,,hour,hour,,"1時間, 時間",単語,0,原本保持
2483,サンシャイン,SS,1,P6,The,Way to School PROGRAM6,PROGRAM6 6-1,P71～P75,71,75,8,1,3,you-your-you-yours,"あなた(たち) [は-の-を, に-のもの]",☆,1,,you-your-you-yours,"あなた(たち) [は-の-を, に-のもの]","あなた(たち) [は-の-を, に-のもの]",you-your-you-yours,08.26SS1_KeyWords_P6_英日_問題.pdf,ユー・ユア・ユー・ユーズ,,you-your-you-yours,you-your-you-yours,,"あなた(たち) [は-の-を, に-のもの]",単語,0,原本保持
2484,サンシャイン,SS,1,P6,The,Way to School PROGRAM6,PROGRAM6 6-1,P71～P75,71,75,8,1,4,How about ~?,~はどうですか。,☆,1,,How about ~?,~はどうですか。,~はどうですか。,How about ~?,08.26SS1_KeyWords_P6_英日_問題.pdf,ハウ アバウト ～,,How about ~?,How about ~?,,~はどうですか。,表現,1,原本保持
2485,サンシャイン,SS,1,P6,The,Way to School PROGRAM6,PROGRAM6 6-1,P71～P75,71,75,8,1,5,he-his-him-his,"彼[は-の-を, に-のもの]",☆,1,,he-his-him-his,"彼[は-の-を, に-のもの]","彼[は-の-を, に-のもの]",he-his-him-his,08.26SS1_KeyWords_P6_英日_問題.pdf,ヒー・ヒズ・ヒム・ヒズ,,he-his-him-his,he-his-him-his,,"彼[は-の-を, に-のもの]",単語,0,原本保持
2486,サンシャイン,SS,1,P6,The,Way to School PROGRAM6,PROGRAM6 6-1,P71～P75,71,75,8,1,6,respect,尊敬する,,0,,respect,尊敬する,尊敬する,respect,08.26SS1_KeyWords_P6_英日_問題.pdf,リスペックト,,respect,respect,,尊敬する,単語,0,原本保持
2487,サンシャイン,SS,1,P6,The,Way to School PROGRAM6,PROGRAM6 6-1,P71～P75,71,75,8,1,7,she-her-her-hers,"彼女[は-の-を, に-のもの]",☆,1,,she-her-her-hers,"彼女[は-の-を, に-のもの]","彼女[は-の-を, に-のもの]",she-her-her-hers,08.26SS1_KeyWords_P6_英日_問題.pdf,シー・ハー・ハー・ハーズ,,she-her-her-hers,she-her-her-hers,,"彼女[は-の-を, に-のもの]",単語,0,原本保持
2488,サンシャイン,SS,1,P6,The,Way to School PROGRAM6,PROGRAM6 6-1,P71～P75,71,75,8,1,8,monster,"怪獣, モンスター",,0,,monster,"怪獣, モンスター","怪獣, モンスター",monster,08.26SS1_KeyWords_P6_英日_問題.pdf,マンスター,,monster,monster,,"怪獣, モンスター",単語,0,原本保持
2489,サンシャイン,SS,1,P6,The,Way to School PROGRAM6,PROGRAM6 6-1,P71～P75,71,75,8,1,9,it-its-it,"それ[は-の-を, に]",☆,1,,it-its-it,"それ[は-の-を, に]","それ[は-の-を, に]",it-its-it,08.26SS1_KeyWords_P6_英日_問題.pdf,イット・イットス・イット,,it-its-it,it-its-it,,"それ[は-の-を, に]",単語,0,原本保持
2490,サンシャイン,SS,1,P6,The,Way to School PROGRAM6,PROGRAM6 6-1,P71～P75,71,75,8,1,10,way,"道, 方法",,0,,way,"道, 方法","道, 方法",way,08.26SS1_KeyWords_P6_英日_問題.pdf,ウェイ,,way,way,,"道, 方法",単語,0,原本保持
2491,サンシャイン,SS,1,P6,The,Way to School PROGRAM6,PROGRAM6 6-1,P71～P75,71,75,8,1,11,we-our-us-ours,"私たち[は-の-を, に-のもの]",☆,1,,we-our-us-ours,"私たち[は-の-を, に-のもの]","私たち[は-の-を, に-のもの]",we-our-us-ours,08.26SS1_KeyWords_P6_英日_問題.pdf,ウィー・アワー・ス・アウズ,,we-our-us-ours,we-our-us-ours,,"私たち[は-の-を, に-のもの]",単語,0,原本保持
2492,サンシャイン,SS,1,P6,The,Way to School PROGRAM6,PROGRAM6 6-1,P71～P75,71,75,8,1,12,tough,"困難な, 大変な",,0,,tough,"困難な, 大変な","困難な, 大変な",tough,08.26SS1_KeyWords_P6_英日_問題.pdf,タフ,,tough,tough,,"困難な, 大変な",単語,0,原本保持
2493,サンシャイン,SS,1,P6,The,Way to School PROGRAM6,PROGRAM6 6-1,P71～P75,71,75,8,1,13,they-their-them-theirs,"彼(女)ら, それら[は-の-を, に-のもの]",☆,1,,they-their-them-theirs,"彼(女)ら, それら[は-の-を, に-のもの]","彼(女)ら, それら[は-の-を, に-のもの]",they-their-them-theirs,08.26SS1_KeyWords_P6_英日_問題.pdf,ゼイ・ゼア・ゼム・ゼーズ,,they-their-them-theirs,they-their-them-theirs,,"彼(女)ら, それら[は-の-を, に-のもの]",単語,0,原本保持
2494,サンシャイン,SS,1,P6,The,Way to School PROGRAM6,PROGRAM6 6-1,P71～P75,71,75,8,1,14,romantic,ロマンチックな,,0,,romantic,ロマンチックな,ロマンチックな,romantic,08.26SS1_KeyWords_P6_英日_問題.pdf,ロマンティック,,romantic,romantic,,ロマンチックな,単語,0,原本保持
2495,サンシャイン,SS,1,P6,The,Way to School PROGRAM6,PROGRAM6 6-1,P71～P75,71,75,8,1,15,tell,"伝える, 言う",☆,1,,tell,"伝える, 言う","伝える, 言う",tell,08.26SS1_KeyWords_P6_英日_問題.pdf,テル,,tell,tell,,"伝える, 言う",単語,0,原本保持
2496,サンシャイン,SS,1,P6,The,Way to School PROGRAM6,PROGRAM6 6-1,P71～P75,71,75,8,1,16,across,"~を横切って, ~を越えて",,0,,across,"~を横切って, ~を越えて","~を横切って, ~を越えて",across,08.26SS1_KeyWords_P6_英日_問題.pdf,アクロス,,across,across,,"~を横切って, ~を越えて",単語,0,原本保持
2497,サンシャイン,SS,1,P6,The,Way to School PROGRAM6,PROGRAM6 6-2,P76～P80,76,80,8,1,17,parent,親,☆,1,,parent,親,親,parent,08.26SS1_KeyWords_P6_英日_問題.pdf,ペラント,,parent,parent,,親,単語,0,原本保持
2498,サンシャイン,SS,1,P6,The,Way to School PROGRAM6,PROGRAM6 6-2,P76～P80,76,80,8,1,18,pirate,海賊,,0,,pirate,海賊,海賊,pirate,08.26SS1_KeyWords_P6_英日_問題.pdf,パイラット,,pirate,pirate,,海賊,単語,0,原本保持
2499,サンシャイン,SS,1,P6,The,Way to School PROGRAM6,PROGRAM6 6-2,P76～P80,76,80,8,1,19,there,"そこで[に, へ]",☆,1,,there,"そこで[に, へ]","そこで[に, へ]",there,08.26SS1_KeyWords_P6_英日_問題.pdf,ゼア,,there,there,,"そこで[に, へ]",単語,0,原本保持
2500,サンシャイン,SS,1,P6,The,Way to School PROGRAM6,PROGRAM6 6-2,P76～P80,76,80,8,1,20,airplane,飛行機,,0,,airplane,飛行機,飛行機,airplane,08.26SS1_KeyWords_P6_英日_問題.pdf,エープレイン,,airplane,airplane,,飛行機,単語,0,原本保持
2501,サンシャイン,SS,1,P6,The,Way to School PROGRAM6,PROGRAM6 6-2,P76～P80,76,80,8,1,21,early,(時間が)早く,☆,1,,early,(時間が)早く,(時間が)早く,early,08.26SS1_KeyWords_P6_英日_問題.pdf,アーリー,,early,early,,(時間が)早く,単語,0,原本保持
2502,サンシャイン,SS,1,P6,The,Way to School PROGRAM6,PROGRAM6 6-2,P76～P80,76,80,8,1,22,strong,"強い, がんじょうな",,0,,strong,"強い, がんじょうな","強い, がんじょうな",strong,08.26SS1_KeyWords_P6_英日_問題.pdf,ストロング,,strong,strong,,"強い, がんじょうな",単語,0,原本保持
2503,サンシャイン,SS,1,P6,The,Way to School PROGRAM6,PROGRAM6 6-2,P76～P80,76,80,8,1,23,these,"これら(は, の)",☆,1,,these,"これら(は, の)","これら(は, の)",these,08.26SS1_KeyWords_P6_英日_問題.pdf,ジーズ,,these,these,,"これら(は, の)",単語,0,原本保持
2504,サンシャイン,SS,1,P6,The,Way to School PROGRAM6,PROGRAM6 6-2,P76～P80,76,80,8,1,24,safe,安全な,,0,,safe,安全な,安全な,safe,08.26SS1_KeyWords_P6_英日_問題.pdf,セイフ,,safe,safe,,安全な,単語,0,原本保持
2505,サンシャイン,SS,1,P6,The,Way to School PROGRAM6,PROGRAM6 6-2,P76～P80,76,80,8,1,25,anything,[疑問文で]何か,☆,1,,anything,[疑問文で]何か,[疑問文で]何か,anything,08.26SS1_KeyWords_P6_英日_問題.pdf,エニシング,,anything,anything,,[疑問文で]何か,単語,0,原本保持
2506,サンシャイン,SS,1,P6,The,Way to School PROGRAM6,PROGRAM6 6-2,P76～P80,76,80,8,1,26,dangerous,危険な,,0,,dangerous,危険な,危険な,dangerous,08.26SS1_KeyWords_P6_英日_問題.pdf,デインジャース,,dangerous,dangerous,,危険な,単語,0,原本保持
2507,サンシャイン,SS,1,P6,The,Way to School PROGRAM6,PROGRAM6 6-2,P76～P80,76,80,8,1,27,attack,"襲う, 攻撃する",,0,,attack,"襲う, 攻撃する","襲う, 攻撃する",attack,08.26SS1_KeyWords_P6_英日_問題.pdf,アタック,,attack,attack,,"襲う, 攻撃する",単語,0,原本保持
2508,サンシャイン,SS,1,P6,The,Way to School PROGRAM6,PROGRAM6 6-2,P76～P80,76,80,8,1,28,amazing,すばらしい,,0,,amazing,すばらしい,すばらしい,amazing,08.26SS1_KeyWords_P6_英日_問題.pdf,アメイジング,,amazing,amazing,,すばらしい,単語,0,原本保持
2509,サンシャイン,SS,1,P6,The,Way to School PROGRAM6,PROGRAM6 6-2,P76～P80,76,80,8,1,29,character,"登場人物, キャラクター",,0,,character,"登場人物, キャラクター","登場人物, キャラクター",character,08.26SS1_KeyWords_P6_英日_問題.pdf,ケリックター,,character,character,,"登場人物, キャラクター",単語,0,原本保持
2510,サンシャイン,SS,1,P6,The,Way to School PROGRAM6,PROGRAM6 6-2,P76～P80,76,80,8,1,30,else,"ほかの, ほかに",,0,,else,"ほかの, ほかに","ほかの, ほかに",else,08.26SS1_KeyWords_P6_英日_問題.pdf,エルス,,else,else,,"ほかの, ほかに",単語,0,原本保持
2511,サンシャイン,SS,1,P6,The,Way to School PROGRAM6,PROGRAM6 6-2,P76～P80,76,80,8,1,31,safety,"無事, 安全",,0,,safety,"無事, 安全","無事, 安全",safety,08.26SS1_KeyWords_P6_英日_問題.pdf,セイフティ,,safety,safety,,"無事, 安全",単語,0,原本保持
2512,サンシャイン,SS,1,P6,The,Way to School PROGRAM6,PROGRAM6 6-2,P76～P80,76,80,8,1,32,for example,たとえば,,0,,for example,たとえば,たとえば,for example,08.26SS1_KeyWords_P6_英日_問題.pdf,フォー イッグザムパル,,for example,for example,,たとえば,複数語,1,原本保持
2513,サンシャイン,SS,1,P6,The,Way to School PROGRAM6,PROGRAM6 6-2,P76～P80,76,80,8,1,33,place,場所,,0,,place,場所,場所,place,08.26SS1_KeyWords_P6_英日_問題.pdf,プレイス,,place,place,,場所,単語,0,原本保持
2514,サンシャイン,SS,1,P6,The,Way to School PROGRAM6,PROGRAM6 6-2,P76～P80,76,80,8,1,34,No way!,まさか。,,0,,No way!,まさか。,まさか。,No way!,08.26SS1_KeyWords_P6_英日_問題.pdf,ノウ ウェイ,,No way!,No way!,,まさか。,表現,1,原本保持
2515,サンシャイン,SS,1,P6,The,Way to School PROGRAM6,PROGRAM6 教科書本文,"P75,P76",75,76,8,1,35,savanna,サバンナ,,0,,savanna,サバンナ,サバンナ,savanna,08.26SS1_KeyWords_P6_英日_問題.pdf,サヴァナ,,savanna,savanna,,サバンナ,単語,0,原本保持
2516,サンシャイン,SS,1,P6,The,Way to School PROGRAM6,PROGRAM6 教科書本文,"P75,P76",75,76,8,1,36,schoolchild,生徒,,0,,schoolchild,生徒,生徒,schoolchild,08.26SS1_KeyWords_P6_英日_問題.pdf,スクールチャイルド,,schoolchild,schoolchild,,生徒,単語,0,原本保持
2517,サンシャイン,SS,1,P6,The,Way to School PROGRAM6,PROGRAM6 教科書本文,"P75,P76",75,76,8,1,37,Kenya,ケニア,,0,,Kenya,ケニア,ケニア,Kenya,08.26SS1_KeyWords_P6_英日_問題.pdf,ケニア,,Kenya,Kenya,,ケニア,単語,0,原本保持
2518,サンシャイン,SS,1,P6,The,Way to School PROGRAM6,PROGRAM6 教科書本文,"P75,P76",75,76,8,1,38,juicy,汁の多い,,0,,juicy,汁の多い,汁の多い,juicy,08.26SS1_KeyWords_P6_英日_問題.pdf,ジュシ,,juicy,juicy,,汁の多い,単語,0,原本保持
2519,サンシャイン,SS,1,P6,The,Way to School PROGRAM6,PROGRAM6 教科書本文,"P75,P76",75,76,8,1,39,Jackson,ジャクソン(男子の名),,0,,Jackson,ジャクソン(男子の名),ジャクソン(男子の名),Jackson,08.26SS1_KeyWords_P6_英日_問題.pdf,ジャクソン,,Jackson,Jackson,,ジャクソン(男子の名),単語,0,原本保持
2520,サンシャイン,SS,1,P6,The,Way to School PROGRAM6,PROGRAM6 教科書本文,"P75,P76",75,76,8,1,40,crispy,"さくさくした, かりかりした",,0,,crispy,"さくさくした, かりかりした","さくさくした, かりかりした",crispy,08.26SS1_KeyWords_P6_英日_問題.pdf,クリスピ,,crispy,crispy,,"さくさくした, かりかりした",単語,0,原本保持
2521,サンシャイン,SS,1,P6,The,Way to School PROGRAM6,PROGRAM6 教科書本文,"P75,P76",75,76,8,1,41,detective,探偵,,0,,detective,探偵,探偵,detective,08.26SS1_KeyWords_P6_英日_問題.pdf,ディテックティヴ,,detective,detective,,探偵,単語,0,原本保持
2522,サンシャイン,SS,1,P6,The,Way to School PROGRAM6,"PROGRAM6 6-1, 2",P71～P80,71,80,8,1,42,tough,"困難な, 大変な",☆,1,,tough,"困難な, 大変な","困難な, 大変な",tough,08.26SS1_KeyWords_P6_英日_問題.pdf,タフ,,tough,tough,,"困難な, 大変な",単語,0,原本保持
2523,サンシャイン,SS,1,P6,The,Way to School PROGRAM6,"PROGRAM6 6-1, 2",P71～P80,71,80,8,1,43,dangerous,危険な,☆,1,,dangerous,危険な,危険な,dangerous,08.26SS1_KeyWords_P6_英日_問題.pdf,デインジャース,,dangerous,dangerous,,危険な,単語,0,原本保持
2524,サンシャイン,SS,1,P6,The,Way to School PROGRAM6,"PROGRAM6 6-1, 2",P71～P80,71,80,8,1,44,across,"~を横切って, ~を越えて",☆,1,,across,"~を横切って, ~を越えて","~を横切って, ~を越えて",across,08.26SS1_KeyWords_P6_英日_問題.pdf,アクロス,,across,across,,"~を横切って, ~を越えて",単語,0,原本保持
2525,サンシャイン,SS,1,P6,The,Way to School PROGRAM6,"PROGRAM6 6-1, 2",P71～P80,71,80,8,1,45,amazing,すばらしい,☆,1,,amazing,すばらしい,すばらしい,amazing,08.26SS1_KeyWords_P6_英日_問題.pdf,アメイジング,,amazing,amazing,,すばらしい,単語,0,原本保持
2526,サンシャイン,SS,1,P6,The,Way to School PROGRAM6,"PROGRAM6 6-1, 2",P71～P80,71,80,8,1,46,respect,尊敬する,☆,1,,respect,尊敬する,尊敬する,respect,08.26SS1_KeyWords_P6_英日_問題.pdf,リスペックト,,respect,respect,,尊敬する,単語,0,原本保持
2527,サンシャイン,SS,1,P6,The,Way to School PROGRAM6,"PROGRAM6 6-1, 2",P71～P80,71,80,8,1,47,for example,たとえば,☆,1,,for example,たとえば,たとえば,for example,08.26SS1_KeyWords_P6_英日_問題.pdf,フォー イッグザムパル,,for example,for example,,たとえば,複数語,1,原本保持
2528,サンシャイン,SS,1,P6,The,Way to School PROGRAM6,"PROGRAM6 6-1, 2",P71～P80,71,80,8,1,48,place,場所,☆,1,,place,場所,場所,place,08.26SS1_KeyWords_P6_英日_問題.pdf,プレイス,,place,place,,場所,単語,0,原本保持
2529,サンシャイン,SS,1,P7,Research,on Australia PROGRAM7,PROGRAM7 7-1,P81～P85,81,85,9,1,1,near,~の近くに,☆,1,,near,~の近くに,~の近くに,near,09.26SS1_KeyWords_P7_英日_問題.pdf,ニア,,near,near,,~の近くに,単語,0,原本保持
2530,サンシャイン,SS,1,P7,Research,on Australia PROGRAM7,PROGRAM7 7-1,P81～P85,81,85,9,1,2,dad,"お父さん, パパ",,0,,dad,"お父さん, パパ","お父さん, パパ",dad,09.26SS1_KeyWords_P7_英日_問題.pdf,ダッド,,dad,dad,,"お父さん, パパ",単語,0,原本保持
2531,サンシャイン,SS,1,P7,Research,on Australia PROGRAM7,PROGRAM7 7-1,P81～P85,81,85,9,1,3,those,"あれら(は, の)",☆,1,,those,"あれら(は, の)","あれら(は, の)",those,09.26SS1_KeyWords_P7_英日_問題.pdf,ゾーズ,,those,those,,"あれら(は, の)",単語,0,原本保持
2532,サンシャイン,SS,1,P7,Research,on Australia PROGRAM7,PROGRAM7 7-1,P81～P85,81,85,9,1,4,college,大学,,0,,college,大学,大学,college,09.26SS1_KeyWords_P7_英日_問題.pdf,カリジ,,college,college,,大学,単語,0,原本保持
2533,サンシャイン,SS,1,P7,Research,on Australia PROGRAM7,PROGRAM7 7-1,P81～P85,81,85,9,1,5,over there,"あそこに, 向こうに",☆,1,,over there,"あそこに, 向こうに","あそこに, 向こうに",over there,09.26SS1_KeyWords_P7_英日_問題.pdf,オーバー ゼア,,over there,over there,,"あそこに, 向こうに",複数語,1,原本保持
2534,サンシャイン,SS,1,P7,Research,on Australia PROGRAM7,PROGRAM7 7-1,P81～P85,81,85,9,1,6,Sydney,シドニー(オーストラリアの都市),,0,,Sydney,シドニー(オーストラリアの都市),シドニー(オーストラリアの都市),Sydney,09.26SS1_KeyWords_P7_英日_問題.pdf,シドニー,,Sydney,Sydney,,シドニー(オーストラリアの都市),単語,0,原本保持
2535,サンシャイン,SS,1,P7,Research,on Australia PROGRAM7,PROGRAM7 7-1,P81～P85,81,85,9,1,7,a lot of ~,たくさんの~,☆,1,,a lot of ~,たくさんの~,たくさんの~,a lot of ~,09.26SS1_KeyWords_P7_英日_問題.pdf,ア ラト オブ ～,,a lot of ~,a lot of ~,,たくさんの~,表現,1,原本保持
2536,サンシャイン,SS,1,P7,Research,on Australia PROGRAM7,PROGRAM7 7-1,P81～P85,81,85,9,1,8,unique,"独特な, たいへんめずらしい",,0,,unique,"独特な, たいへんめずらしい","独特な, たいへんめずらしい",unique,09.26SS1_KeyWords_P7_英日_問題.pdf,ユニク,,unique,unique,,"独特な, たいへんめずらしい",単語,0,原本保持
2537,サンシャイン,SS,1,P7,Research,on Australia PROGRAM7,PROGRAM7 7-1,P81～P85,81,85,9,1,9,Can you ~?,~してもらえますか。,☆,1,,Can you ~?,~してもらえますか。,~してもらえますか。,Can you ~?,09.26SS1_KeyWords_P7_英日_問題.pdf,キャン ユー ～,,Can you ~?,Can you ~?,,~してもらえますか。,表現,1,原本保持
2538,サンシャイン,SS,1,P7,Research,on Australia PROGRAM7,PROGRAM7 7-1,P81～P85,81,85,9,1,10,Exactly.,そのとおり。,,0,,Exactly.,そのとおり。,そのとおり。,Exactly.,09.26SS1_KeyWords_P7_英日_問題.pdf,イグザクトリー,,Exactly.,Exactly.,,そのとおり。,単語,0,原本保持
2539,サンシャイン,SS,1,P7,Research,on Australia PROGRAM7,PROGRAM7 7-1,P81～P85,81,85,9,1,11,research,研究,,0,,research,研究,研究,research,09.26SS1_KeyWords_P7_英日_問題.pdf,リサーチ,,research,research,,研究,単語,0,原本保持
2540,サンシャイン,SS,1,P7,Research,on Australia PROGRAM7,PROGRAM7 7-2,P86～P89,86,89,9,1,12,something,[肯定文で]何か,☆,1,,something,[肯定文で]何か,[肯定文で]何か,something,09.26SS1_KeyWords_P7_英日_問題.pdf,サムシング,,something,something,,[肯定文で]何か,単語,0,原本保持
2541,サンシャイン,SS,1,P7,Research,on Australia PROGRAM7,PROGRAM7 7-2,P86～P89,86,89,9,1,13,bamboo,竹,,0,,bamboo,竹,竹,bamboo,09.26SS1_KeyWords_P7_英日_問題.pdf,バムブ,,bamboo,bamboo,,竹,単語,0,原本保持
2542,サンシャイン,SS,1,P7,Research,on Australia PROGRAM7,PROGRAM7 7-2,P86～P89,86,89,9,1,14,plane,飛行機,☆,1,,plane,飛行機,飛行機,plane,09.26SS1_KeyWords_P7_英日_問題.pdf,プレイン,,plane,plane,,飛行機,単語,0,原本保持
2543,サンシャイン,SS,1,P7,Research,on Australia PROGRAM7,PROGRAM7 7-2,P86～P89,86,89,9,1,15,scenery,"景色, 風景",,0,,scenery,"景色, 風景","景色, 風景",scenery,09.26SS1_KeyWords_P7_英日_問題.pdf,シナーイー,,scenery,scenery,,"景色, 風景",単語,0,原本保持
2544,サンシャイン,SS,1,P7,Research,on Australia PROGRAM7,PROGRAM7 7-2,P86～P89,86,89,9,1,16,popular,人気のある,☆,1,,popular,人気のある,人気のある,popular,09.26SS1_KeyWords_P7_英日_問題.pdf,ポピュラー,,popular,popular,,人気のある,単語,0,原本保持
2545,サンシャイン,SS,1,P7,Research,on Australia PROGRAM7,PROGRAM7 7-2,P86～P89,86,89,9,1,17,island,島,,0,,island,島,島,island,09.26SS1_KeyWords_P7_英日_問題.pdf,アイランド,,island,island,,島,単語,0,原本保持
2546,サンシャイン,SS,1,P7,Research,on Australia PROGRAM7,PROGRAM7 7-2,P86～P89,86,89,9,1,18,show A around,A(人)を案内して回る,☆,1,,show A around,A(人)を案内して回る,A(人)を案内して回る,show A around,09.26SS1_KeyWords_P7_英日_問題.pdf,ショウ エイ アラウンド,,show A around,show A around,,A(人)を案内して回る,複数語,1,原本保持
2547,サンシャイン,SS,1,P7,Research,on Australia PROGRAM7,PROGRAM7 7-2,P86～P89,86,89,9,1,19,coral reef,サンゴ礁,,0,,coral reef,サンゴ礁,サンゴ礁,coral reef,09.26SS1_KeyWords_P7_英日_問題.pdf,コラル リフ,,coral reef,coral reef,,サンゴ礁,複数語,1,原本保持
2548,サンシャイン,SS,1,P7,Research,on Australia PROGRAM7,PROGRAM7 7-2,P86～P89,86,89,9,1,20,look like ~,~のように見える,☆,1,,look like ~,~のように見える,~のように見える,look like ~,09.26SS1_KeyWords_P7_英日_問題.pdf,ルック ライク ～,,look like ~,look like ~,,~のように見える,表現,1,原本保持
2549,サンシャイン,SS,1,P7,Research,on Australia PROGRAM7,PROGRAM7 7-2,P86～P89,86,89,9,1,21,low,"少ない, 低い",,0,,low,"少ない, 低い","少ない, 低い",low,09.26SS1_KeyWords_P7_英日_問題.pdf,ロ,,low,low,,"少ない, 低い",単語,0,原本保持
2550,サンシャイン,SS,1,P7,Research,on Australia PROGRAM7,PROGRAM7 7-2,P86～P89,86,89,9,1,22,a little,少し,☆,1,,a little,少し,少し,a little,09.26SS1_KeyWords_P7_英日_問題.pdf,ア リットル,,a little,a little,,少し,複数語,1,原本保持
2551,サンシャイン,SS,1,P7,Research,on Australia PROGRAM7,PROGRAM7 7-2,P86～P89,86,89,9,1,23,rich,"豊かな, 金持ちの",,0,,rich,"豊かな, 金持ちの","豊かな, 金持ちの",rich,09.26SS1_KeyWords_P7_英日_問題.pdf,リチ,,rich,rich,,"豊かな, 金持ちの",単語,0,原本保持
2552,サンシャイン,SS,1,P7,Research,on Australia PROGRAM7,PROGRAM7 7-2,P86～P89,86,89,9,1,24,be famous for ~,~で有名である,☆,1,,be famous for ~,~で有名である,~で有名である,be famous for ~,09.26SS1_KeyWords_P7_英日_問題.pdf,ビー フェイマス フォー ～,,be famous for ~,be famous for ~,,~で有名である,表現,1,原本保持
2553,サンシャイン,SS,1,P7,Research,on Australia PROGRAM7,PROGRAM7 7-2,P86～P89,86,89,9,1,25,full,おなかがいっぱいの,,0,,full,おなかがいっぱいの,おなかがいっぱいの,full,09.26SS1_KeyWords_P7_英日_問題.pdf,フル,,full,full,,おなかがいっぱいの,単語,0,原本保持
2554,サンシャイン,SS,1,P7,Research,on Australia PROGRAM7,PROGRAM7 7-2,P86～P89,86,89,9,1,26,next to ~,~の隣に,☆,1,,next to ~,~の隣に,~の隣に,next to ~,09.26SS1_KeyWords_P7_英日_問題.pdf,ネックスト トゥ ～,,next to ~,next to ~,,~の隣に,表現,1,原本保持
2555,サンシャイン,SS,1,P7,Research,on Australia PROGRAM7,PROGRAM7 7-2,P86～P89,86,89,9,1,27,someday,いつか,,0,,someday,いつか,いつか,someday,09.26SS1_KeyWords_P7_英日_問題.pdf,サムデイ,,someday,someday,,いつか,単語,0,原本保持
2556,サンシャイン,SS,1,P7,Research,on Australia PROGRAM7,PROGRAM7 7-2,P86～P89,86,89,9,1,28,gate,門,,0,,gate,門,門,gate,09.26SS1_KeyWords_P7_英日_問題.pdf,ゲイト,,gate,gate,,門,単語,0,原本保持
2557,サンシャイン,SS,1,P7,Research,on Australia PROGRAM7,PROGRAM7 7-2,P86～P89,86,89,9,1,29,far,遠くに,,0,,far,遠くに,遠くに,far,09.26SS1_KeyWords_P7_英日_問題.pdf,ファー,,far,far,,遠くに,単語,0,原本保持
2558,サンシャイン,SS,1,P7,Research,on Australia PROGRAM7,PROGRAM7 7-2,P86～P89,86,89,9,1,30,feed,えさ,,0,,feed,えさ,えさ,feed,09.26SS1_KeyWords_P7_英日_問題.pdf,フィド,,feed,feed,,えさ,単語,0,原本保持
2559,サンシャイン,SS,1,P7,Research,on Australia PROGRAM7,PROGRAM7 7-2,P86～P89,86,89,9,1,31,around,あちこちに[で],,0,,around,あちこちに[で],あちこちに[で],around,09.26SS1_KeyWords_P7_英日_問題.pdf,アラウンド,,around,around,,あちこちに[で],単語,0,原本保持
2560,サンシャイン,SS,1,P7,Research,on Australia PROGRAM7,PROGRAM7 7-2,P86～P89,86,89,9,1,32,cost,費用,,0,,cost,費用,費用,cost,09.26SS1_KeyWords_P7_英日_問題.pdf,カスト,,cost,cost,,費用,単語,0,原本保持
2561,サンシャイン,SS,1,P7,Research,on Australia PROGRAM7,PROGRAM7 教科書本文,"P85,P86",85,86,9,1,33,quokka,クオッカ(動物の名前),,0,,quokka,クオッカ(動物の名前),クオッカ(動物の名前),quokka,09.26SS1_KeyWords_P7_英日_問題.pdf,クオッカ,,quokka,quokka,,クオッカ(動物の名前),単語,0,原本保持
2562,サンシャイン,SS,1,P7,Research,on Australia PROGRAM7,PROGRAM7 教科書本文,"P85,P86",85,86,9,1,34,helicopter,ヘリコプター,,0,,helicopter,ヘリコプター,ヘリコプター,helicopter,09.26SS1_KeyWords_P7_英日_問題.pdf,ヘリカプター,,helicopter,helicopter,,ヘリコプター,単語,0,原本保持
2563,サンシャイン,SS,1,P7,Research,on Australia PROGRAM7,PROGRAM7 教科書本文,"P85,P86",85,86,9,1,35,koala,コアラ,,0,,koala,コアラ,コアラ,koala,09.26SS1_KeyWords_P7_英日_問題.pdf,コアラ,,koala,koala,,コアラ,単語,0,原本保持
2564,サンシャイン,SS,1,P7,Research,on Australia PROGRAM7,PROGRAM7 教科書本文,"P85,P86",85,86,9,1,36,gorgeous,"豪華な, すばらしい",,0,,gorgeous,"豪華な, すばらしい","豪華な, すばらしい",gorgeous,09.26SS1_KeyWords_P7_英日_問題.pdf,ゴージャス,,gorgeous,gorgeous,,"豪華な, すばらしい",単語,0,原本保持
2565,サンシャイン,SS,1,P7,Research,on Australia PROGRAM7,PROGRAM7 教科書本文,"P85,P86",85,86,9,1,37,land,"着陸する, 上陸する",,0,,land,"着陸する, 上陸する","着陸する, 上陸する",land,09.26SS1_KeyWords_P7_英日_問題.pdf,ランド,,land,land,,"着陸する, 上陸する",単語,0,原本保持
2566,サンシャイン,SS,1,P7,Research,on Australia PROGRAM7,PROGRAM7 教科書本文,"P85,P86",85,86,9,1,38,the Opera House,オペラハウス,,0,,the Opera House,オペラハウス,オペラハウス,the Opera House,09.26SS1_KeyWords_P7_英日_問題.pdf,ザ オペラ ハウス,,the Opera House,the Opera House,,オペラハウス,複数語,1,原本保持
2567,サンシャイン,SS,1,P7,Research,on Australia PROGRAM7,PROGRAM7 教科書本文,"P85,P86",85,86,9,1,39,turtle,カメ,,0,,turtle,カメ,カメ,turtle,09.26SS1_KeyWords_P7_英日_問題.pdf,タートル,,turtle,turtle,,カメ,単語,0,原本保持
2568,サンシャイン,SS,1,P7,Research,on Australia PROGRAM7,PROGRAM7 教科書本文,"P85,P86",85,86,9,1,40,the Great Barrier Reef,グレートバリアリーフ,,0,,the Great Barrier Reef,グレートバリアリーフ,グレートバリアリーフ,the Great Barrier Reef,09.26SS1_KeyWords_P7_英日_問題.pdf,ザ グレイト バリア リーフ,,the Great Barrier Reef,the Great Barrier Reef,,グレートバリアリーフ,複数語,1,原本保持
2569,サンシャイン,SS,1,P7,Research,on Australia PROGRAM7,PROGRAM7 教科書本文,"P85,P86",85,86,9,1,41,seaplane,水上飛行機,,0,,seaplane,水上飛行機,水上飛行機,seaplane,09.26SS1_KeyWords_P7_英日_問題.pdf,シープレーン,,seaplane,seaplane,,水上飛行機,単語,0,原本保持
2570,サンシャイン,SS,1,P7,Research,on Australia PROGRAM7,"PROGRAM7 7-1, 2",P81～P89,81,89,9,1,42,unique,"独特な, たいへんめずらしい",☆,1,,unique,"独特な, たいへんめずらしい","独特な, たいへんめずらしい",unique,09.26SS1_KeyWords_P7_英日_問題.pdf,ユニク,,unique,unique,,"独特な, たいへんめずらしい",単語,0,原本保持
2571,サンシャイン,SS,1,P7,Research,on Australia PROGRAM7,"PROGRAM7 7-1, 2",P81～P89,81,89,9,1,43,far,遠くに,☆,1,,far,遠くに,遠くに,far,09.26SS1_KeyWords_P7_英日_問題.pdf,ファー,,far,far,,遠くに,単語,0,原本保持
2572,サンシャイン,SS,1,P7,Research,on Australia PROGRAM7,"PROGRAM7 7-1, 2",P81～P89,81,89,9,1,44,someday,いつか,☆,1,,someday,いつか,いつか,someday,09.26SS1_KeyWords_P7_英日_問題.pdf,サムデイ,,someday,someday,,いつか,単語,0,原本保持
2573,サンシャイン,SS,1,P7,PROGRAM7 Research,on Australia,PROGRAM7 疑問詞のまとめ,P90,90,90,9,2,45,o'clock,~時(ちょうど),☆,1,,o'clock,~時(ちょうど),~時(ちょうど),o'clock,09.26SS1_KeyWords_P7_英日_問題.pdf,アクラク,,o'clock,o'clock,,~時(ちょうど),単語,0,原本保持
2574,サンシャイン,SS,1,P7,PROGRAM7 Research,on Australia,PROGRAM7 疑問詞のまとめ,P90,90,90,9,2,46,when,いつ,☆,1,,when,いつ,いつ,when,09.26SS1_KeyWords_P7_英日_問題.pdf,ウェン,,when,when,,いつ,単語,0,原本保持
2575,サンシャイン,SS,1,P7,PROGRAM7 Research,on Australia,PROGRAM7 疑問詞のまとめ,P90,90,90,9,2,47,what,何,☆,1,,what,何,何,what,09.26SS1_KeyWords_P7_英日_問題.pdf,ワット,,what,what,,何,単語,0,原本保持
2576,サンシャイン,SS,1,P7,PROGRAM7 Research,on Australia,PROGRAM7 疑問詞のまとめ,P90,90,90,9,2,48,whose,だれの,☆,1,,whose,だれの,だれの,whose,09.26SS1_KeyWords_P7_英日_問題.pdf,フーズ,,whose,whose,,だれの,単語,0,原本保持
2577,サンシャイン,SS,1,P7,PROGRAM7 Research,on Australia,PROGRAM7 疑問詞のまとめ,P90,90,90,9,2,49,what time,何時,☆,1,,what time,何時,何時,what time,09.26SS1_KeyWords_P7_英日_問題.pdf,ワット タイム,,what time,what time,,何時,複数語,1,原本保持
2578,サンシャイン,SS,1,P7,PROGRAM7 Research,on Australia,PROGRAM7 疑問詞のまとめ,P90,90,90,9,2,50,why,なぜ,☆,1,,why,なぜ,なぜ,why,09.26SS1_KeyWords_P7_英日_問題.pdf,ワイ,,why,why,,なぜ,単語,0,原本保持
2579,サンシャイン,SS,1,P7,PROGRAM7 Research,on Australia,PROGRAM7 疑問詞のまとめ,P90,90,90,9,2,51,who,だれ,☆,1,,who,だれ,だれ,who,09.26SS1_KeyWords_P7_英日_問題.pdf,フー,,who,who,,だれ,単語,0,原本保持
2580,サンシャイン,SS,1,P7,PROGRAM7 Research,on Australia,PROGRAM7 疑問詞のまとめ,P90,90,90,9,2,52,how,どのように,☆,1,,how,どのように,どのように,how,09.26SS1_KeyWords_P7_英日_問題.pdf,ハウ,,how,how,,どのように,単語,0,原本保持
2581,サンシャイン,SS,1,P7,PROGRAM7 Research,on Australia,PROGRAM7 疑問詞のまとめ,P90,90,90,9,2,53,which,どれ,☆,1,,which,どれ,どれ,which,09.26SS1_KeyWords_P7_英日_問題.pdf,ウィッチ,,which,which,,どれ,単語,0,原本保持
2582,サンシャイン,SS,1,P7,PROGRAM7 Research,on Australia,PROGRAM7 疑問詞のまとめ,P90,90,90,9,2,54,how many,いくつ,☆,1,,how many,いくつ,いくつ,how many,09.26SS1_KeyWords_P7_英日_問題.pdf,ハウ メニー,,how many,how many,,いくつ,複数語,1,原本保持
2583,サンシャイン,SS,1,P7,PROGRAM7 Research,on Australia,PROGRAM7 疑問詞のまとめ,P90,90,90,9,2,55,where,どこ,☆,1,,where,どこ,どこ,where,09.26SS1_KeyWords_P7_英日_問題.pdf,ウェア,,where,where,,どこ,単語,0,原本保持
2584,サンシャイン,SS,1,P7,PROGRAM7 Research,on Australia,Power-Up3 学校案内をしよう,P91,91,91,9,2,56,now,"今(は), 現在(では)",☆,1,,now,"今(は), 現在(では)","今(は), 現在(では)",now,09.26SS1_KeyWords_P7_英日_問題.pdf,ナウ,,now,now,,"今(は), 現在(では)",単語,0,原本保持
2585,サンシャイン,SS,1,P7,PROGRAM7 Research,on Australia,Power-Up3 学校案内をしよう,P91,91,91,9,2,57,guest,"客, ゲスト",,0,,guest,"客, ゲスト","客, ゲスト",guest,09.26SS1_KeyWords_P7_英日_問題.pdf,ゲスト,,guest,guest,,"客, ゲスト",単語,0,原本保持
2586,サンシャイン,SS,1,P7,PROGRAM7 Research,on Australia,Power-Up3 学校案内をしよう,P91,91,91,9,2,58,You're welcome.,どういたしまして。,☆,1,,You're welcome.,どういたしまして。,どういたしまして。,You're welcome.,09.26SS1_KeyWords_P7_英日_問題.pdf,ユア ウェルカム,,You're welcome.,You're welcome.,,どういたしまして。,複数語,1,原本保持
2587,サンシャイン,SS,1,P7,PROGRAM7 Research,on Australia,Power-Up3 学校案内をしよう,P91,91,91,9,2,59,floor,階,,0,,floor,階,階,floor,09.26SS1_KeyWords_P7_英日_問題.pdf,フロー,,floor,floor,,階,単語,0,原本保持
2588,サンシャイン,SS,1,P7,PROGRAM7 Research,on Australia,Power-Up3 学校案内をしよう,P91,91,91,9,2,60,"Excuse me, but ~.","すみませんが, ~。",☆,1,,"Excuse me, but ~.","すみませんが, ~。","すみませんが, ~。","Excuse me, but ~.",09.26SS1_KeyWords_P7_英日_問題.pdf,エクスキューズ ミー、バット ～,,"Excuse me, but ~.","Excuse me, but ~.",,"すみませんが, ~。",表現,1,原本保持
2589,サンシャイン,SS,1,P7,PROGRAM7 Research,on Australia,Power-Up3 学校案内をしよう,P91,91,91,9,2,61,entrance,"入り口, 玄関",,0,,entrance,"入り口, 玄関","入り口, 玄関",entrance,09.26SS1_KeyWords_P7_英日_問題.pdf,エントランス,,entrance,entrance,,"入り口, 玄関",単語,0,原本保持
2590,サンシャイン,SS,1,P7,PROGRAM7 Research,on Australia,Power-Up3 学校案内をしよう,P91,91,91,9,2,62,turn,曲がる,,0,,turn,曲がる,曲がる,turn,09.26SS1_KeyWords_P7_英日_問題.pdf,ターン,,turn,turn,,曲がる,単語,0,原本保持
2591,サンシャイン,SS,1,P7,PROGRAM7 Research,on Australia,Power-Up3 学校案内をしよう,P91,91,91,9,2,63,second,2番目の,,0,,second,2番目の,2番目の,second,09.26SS1_KeyWords_P7_英日_問題.pdf,セカンド,,second,second,,2番目の,単語,0,原本保持
2592,サンシャイン,SS,1,P7,PROGRAM7 Research,on Australia,Power-Up3 学校案内をしよう,P91,91,91,9,2,64,corner,(曲がり)角,,0,,corner,(曲がり)角,(曲がり)角,corner,09.26SS1_KeyWords_P7_英日_問題.pdf,コーナー,,corner,corner,,(曲がり)角,単語,0,原本保持
2593,サンシャイン,SS,1,P7,PROGRAM7 Research,on Australia,Power-Up3 学校案内をしよう,P91,91,91,9,2,65,third,3番目の,,0,,third,3番目の,3番目の,third,09.26SS1_KeyWords_P7_英日_問題.pdf,サード,,third,third,,3番目の,単語,0,原本保持
2594,サンシャイン,SS,1,P7,PROGRAM7 Research,on Australia,Power-Up3 学校案内をしよう,P91,91,91,9,2,66,stair,階段,,0,,stair,階段,階段,stair,09.26SS1_KeyWords_P7_英日_問題.pdf,ステー,,stair,stair,,階段,単語,0,原本保持
2595,サンシャイン,SS,1,P7,PROGRAM7 Research,on Australia,Power-Up3 学校案内をしよう,P91,91,91,9,2,67,straight,まっすぐに,,0,,straight,まっすぐに,まっすぐに,straight,09.26SS1_KeyWords_P7_英日_問題.pdf,ストレイト,,straight,straight,,まっすぐに,単語,0,原本保持
2596,サンシャイン,SS,1,P7,PROGRAM7 Research,on Australia,Our Project2 この人を知っていますか,P93～P97,93,97,9,2,68,communicate,(情報・気持ちを)伝え合う,☆,1,,communicate,(情報・気持ちを)伝え合う,(情報・気持ちを)伝え合う,communicate,09.26SS1_KeyWords_P7_英日_問題.pdf,カムユナケイト,,communicate,communicate,,(情報・気持ちを)伝え合う,単語,0,原本保持
2597,サンシャイン,SS,1,P7,PROGRAM7 Research,on Australia,Our Project2 この人を知っていますか,P93～P97,93,97,9,2,69,skill,技術,,0,,skill,技術,技術,skill,09.26SS1_KeyWords_P7_英日_問題.pdf,スキル,,skill,skill,,技術,単語,0,原本保持
2598,サンシャイン,SS,1,P7,PROGRAM7 Research,on Australia,Our Project2 この人を知っていますか,P93～P97,93,97,9,2,70,language,"言語, ことば",☆,1,,language,"言語, ことば","言語, ことば",language,09.26SS1_KeyWords_P7_英日_問題.pdf,ランググワジ,,language,language,,"言語, ことば",単語,0,原本保持
2599,サンシャイン,SS,1,P7,PROGRAM7 Research,on Australia,Our Project2 この人を知っていますか,P93～P97,93,97,9,2,71,model,"模範, 手本",,0,,model,"模範, 手本","模範, 手本",model,09.26SS1_KeyWords_P7_英日_問題.pdf,マドル,,model,model,,"模範, 手本",単語,0,原本保持
2600,サンシャイン,SS,1,P7,PROGRAM7 Research,on Australia,Our Project2 この人を知っていますか,P93～P97,93,97,9,2,72,foreign,外国の,☆,1,,foreign,外国の,外国の,foreign,09.26SS1_KeyWords_P7_英日_問題.pdf,フォラン,,foreign,foreign,,外国の,単語,0,原本保持
2601,サンシャイン,SS,1,P7,PROGRAM7 Research,on Australia,Our Project2 この人を知っていますか,P93～P97,93,97,9,2,73,incredible,信じられない(ほどすばらしい),,0,,incredible,信じられない(ほどすばらしい),信じられない(ほどすばらしい),incredible,09.26SS1_KeyWords_P7_英日_問題.pdf,インクレダッブル,,incredible,incredible,,信じられない(ほどすばらしい),単語,0,原本保持
2602,サンシャイン,SS,1,P7,PROGRAM7 Research,on Australia,Our Project2 この人を知っていますか,P93～P97,93,97,9,2,74,on top of ~,~に加えて,☆,1,,on top of ~,~に加えて,~に加えて,on top of ~,09.26SS1_KeyWords_P7_英日_問題.pdf,オン タプ オブ ～,,on top of ~,on top of ~,,~に加えて,表現,1,原本保持
2603,サンシャイン,SS,1,P7,PROGRAM7 Research,on Australia,Our Project2 この人を知っていますか,P93～P97,93,97,9,2,75,smoothly,"円滑に, スムーズに",,0,,smoothly,"円滑に, スムーズに","円滑に, スムーズに",smoothly,09.26SS1_KeyWords_P7_英日_問題.pdf,スムリ,,smoothly,smoothly,,"円滑に, スムーズに",単語,0,原本保持
2604,サンシャイン,SS,1,P7,PROGRAM7 Research,on Australia,Our Project2 この人を知っていますか,P93～P97,93,97,9,2,76,teammate,チームの仲間,,0,,teammate,チームの仲間,チームの仲間,teammate,09.26SS1_KeyWords_P7_英日_問題.pdf,ティメイト,,teammate,teammate,,チームの仲間,単語,0,原本保持
2605,サンシャイン,SS,1,P8,Happy,New Year! PROGRAM8,PROGRAM8 8-1,P99～P103,99,103,10,1,1,sit,"座る, 座っている",☆,1,,sit,"座る, 座っている","座る, 座っている",sit,10.26SS1_KeyWords_P8_英日_問題.pdf,シット,,sit,sit,,"座る, 座っている",単語,0,原本保持
2606,サンシャイン,SS,1,P8,Happy,New Year! PROGRAM8,PROGRAM8 8-1,P99～P103,99,103,10,1,2,mom,"お母さん, ママ",,0,,mom,"お母さん, ママ","お母さん, ママ",mom,10.26SS1_KeyWords_P8_英日_問題.pdf,マム,,mom,mom,,"お母さん, ママ",単語,0,原本保持
2607,サンシャイン,SS,1,P8,Happy,New Year! PROGRAM8,PROGRAM8 8-1,P99～P103,99,103,10,1,3,cut,切る,☆,1,,cut,切る,切る,cut,10.26SS1_KeyWords_P8_英日_問題.pdf,カット,,cut,cut,,切る,単語,0,原本保持
2608,サンシャイン,SS,1,P8,Happy,New Year! PROGRAM8,PROGRAM8 8-1,P99～P103,99,103,10,1,4,midnight,真夜中,,0,,midnight,真夜中,真夜中,midnight,10.26SS1_KeyWords_P8_英日_問題.pdf,ミッドナイト,,midnight,midnight,,真夜中,単語,0,原本保持
2609,サンシャイン,SS,1,P8,Happy,New Year! PROGRAM8,PROGRAM8 8-1,P99～P103,99,103,10,1,5,need,必要とする,☆,1,,need,必要とする,必要とする,need,10.26SS1_KeyWords_P8_英日_問題.pdf,ニード,,need,need,,必要とする,単語,0,原本保持
2610,サンシャイン,SS,1,P8,Happy,New Year! PROGRAM8,PROGRAM8 8-1,P99～P103,99,103,10,1,6,bathroom,"浴室, トイレ",,0,,bathroom,"浴室, トイレ","浴室, トイレ",bathroom,10.26SS1_KeyWords_P8_英日_問題.pdf,バスルム,,bathroom,bathroom,,"浴室, トイレ",単語,0,原本保持
2611,サンシャイン,SS,1,P8,Happy,New Year! PROGRAM8,PROGRAM8 8-1,P99～P103,99,103,10,1,7,almost,ほとんど,☆,1,,almost,ほとんど,ほとんど,almost,10.26SS1_KeyWords_P8_英日_問題.pdf,オールモスト,,almost,almost,,ほとんど,単語,0,原本保持
2612,サンシャイン,SS,1,P8,Happy,New Year! PROGRAM8,PROGRAM8 8-1,P99～P103,99,103,10,1,8,Mark,マーク(男子の名),,0,,Mark,マーク(男子の名),マーク(男子の名),Mark,10.26SS1_KeyWords_P8_英日_問題.pdf,マーク,,Mark,Mark,,マーク(男子の名),単語,0,原本保持
2613,サンシャイン,SS,1,P8,Happy,New Year! PROGRAM8,PROGRAM8 8-1,P99～P103,99,103,10,1,9,listen to ~,~を聞く,☆,1,,listen to ~,~を聞く,~を聞く,listen to ~,10.26SS1_KeyWords_P8_英日_問題.pdf,リッスン トゥ ～,,listen to ~,listen to ~,,~を聞く,表現,1,原本保持
2614,サンシャイン,SS,1,P8,Happy,New Year! PROGRAM8,PROGRAM8 8-1,P99～P103,99,103,10,1,10,Kevin,ケビン(男子の名),,0,,Kevin,ケビン(男子の名),ケビン(男子の名),Kevin,10.26SS1_KeyWords_P8_英日_問題.pdf,ケヴィン,,Kevin,Kevin,,ケビン(男子の名),単語,0,原本保持
2615,サンシャイン,SS,1,P8,Happy,New Year! PROGRAM8,PROGRAM8 8-1,P99～P103,99,103,10,1,11,in front of ~,~の前で[に],☆,1,,in front of ~,~の前で[に],~の前で[に],in front of ~,10.26SS1_KeyWords_P8_英日_問題.pdf,イン フラント オブ ～,,in front of ~,in front of ~,,~の前で[に],表現,1,原本保持
2616,サンシャイン,SS,1,P8,Happy,New Year! PROGRAM8,PROGRAM8 8-1,P99～P103,99,103,10,1,12,Happy New Year!,新年おめでとう。,,0,,Happy New Year!,新年おめでとう。,新年おめでとう。,Happy New Year!,10.26SS1_KeyWords_P8_英日_問題.pdf,ハッピー ニュー イヤー,,Happy New Year!,Happy New Year!,,新年おめでとう。,表現,1,原本保持
2617,サンシャイン,SS,1,P8,Happy,New Year! PROGRAM8,PROGRAM8 8-1,P99～P103,99,103,10,1,13,video,"ビデオ, 動画",,0,,video,"ビデオ, 動画","ビデオ, 動画",video,10.26SS1_KeyWords_P8_英日_問題.pdf,ビデオ,,video,video,,"ビデオ, 動画",単語,0,原本保持
2618,サンシャイン,SS,1,P8,Happy,New Year! PROGRAM8,PROGRAM8 8-2,P104～P107,104,107,10,1,14,prepare,準備する,☆,1,,prepare,準備する,準備する,prepare,10.26SS1_KeyWords_P8_英日_問題.pdf,プリペー,,prepare,prepare,,準備する,単語,0,原本保持
2619,サンシャイン,SS,1,P8,Happy,New Year! PROGRAM8,PROGRAM8 8-2,P104～P107,104,107,10,1,15,put,置く,,0,,put,置く,置く,put,10.26SS1_KeyWords_P8_英日_問題.pdf,プット,,put,put,,置く,単語,0,原本保持
2620,サンシャイン,SS,1,P8,Happy,New Year! PROGRAM8,PROGRAM8 8-2,P104～P107,104,107,10,1,16,important,"重要な, 大切な",☆,1,,important,"重要な, 大切な","重要な, 大切な",important,10.26SS1_KeyWords_P8_英日_問題.pdf,インポータント,,important,important,,"重要な, 大切な",単語,0,原本保持
2621,サンシャイン,SS,1,P8,Happy,New Year! PROGRAM8,PROGRAM8 8-2,P104～P107,104,107,10,1,17,oyster,カキ(貝),,0,,oyster,カキ(貝),カキ(貝),oyster,10.26SS1_KeyWords_P8_英日_問題.pdf,オイスター,,oyster,oyster,,カキ(貝),単語,0,原本保持
2622,サンシャイン,SS,1,P8,Happy,New Year! PROGRAM8,PROGRAM8 8-2,P104～P107,104,107,10,1,18,expensive,"高価な, 高い",☆,1,,expensive,"高価な, 高い","高価な, 高い",expensive,10.26SS1_KeyWords_P8_英日_問題.pdf,イックスペンシヴ,,expensive,expensive,,"高価な, 高い",単語,0,原本保持
2623,サンシャイン,SS,1,P8,Happy,New Year! PROGRAM8,PROGRAM8 8-2,P104～P107,104,107,10,1,19,countdown,"秒読み, カウントダウン",,0,,countdown,"秒読み, カウントダウン","秒読み, カウントダウン",countdown,10.26SS1_KeyWords_P8_英日_問題.pdf,カウントダウン,,countdown,countdown,,"秒読み, カウントダウン",単語,0,原本保持
2624,サンシャイン,SS,1,P8,Happy,New Year! PROGRAM8,PROGRAM8 8-2,P104～P107,104,107,10,1,20,anything,[否定文で]何も(~ない),☆,1,,anything,[否定文で]何も(~ない),[否定文で]何も(~ない),anything,10.26SS1_KeyWords_P8_英日_問題.pdf,エニシング,,anything,anything,,[否定文で]何も(~ない),単語,0,原本保持
2625,サンシャイン,SS,1,P8,Happy,New Year! PROGRAM8,PROGRAM8 8-2,P104～P107,104,107,10,1,21,skillful,"熟練した, じょうずな",,0,,skillful,"熟練した, じょうずな","熟練した, じょうずな",skillful,10.26SS1_KeyWords_P8_英日_問題.pdf,スキルファル,,skillful,skillful,,"熟練した, じょうずな",単語,0,原本保持
2626,サンシャイン,SS,1,P8,Happy,New Year! PROGRAM8,PROGRAM8 8-2,P104～P107,104,107,10,1,22,Why don't we ~?,(提案して)~しませんか。,☆,1,,Why don't we ~?,(提案して)~しませんか。,(提案して)~しませんか。,Why don't we ~?,10.26SS1_KeyWords_P8_英日_問題.pdf,ワイ ドント ウィー ～,,Why don't we ~?,Why don't we ~?,,(提案して)~しませんか。,表現,1,原本保持
2627,サンシャイン,SS,1,P8,Happy,New Year! PROGRAM8,PROGRAM8 8-2,P104～P107,104,107,10,1,23,French,フランス(風)の,,0,,French,フランス(風)の,フランス(風)の,French,10.26SS1_KeyWords_P8_英日_問題.pdf,フレンチ,,French,French,,フランス(風)の,単語,0,原本保持
2628,サンシャイン,SS,1,P8,Happy,New Year! PROGRAM8,PROGRAM8 8-2,P104～P107,104,107,10,1,24,feel,感じる,,0,,feel,感じる,感じる,feel,10.26SS1_KeyWords_P8_英日_問題.pdf,フィール,,feel,feel,,感じる,単語,0,原本保持
2629,サンシャイン,SS,1,P8,Happy,New Year! PROGRAM8,PROGRAM8 8-2,P104～P107,104,107,10,1,25,still,"まだ, 今でも",,0,,still,"まだ, 今でも","まだ, 今でも",still,10.26SS1_KeyWords_P8_英日_問題.pdf,スティル,,still,still,,"まだ, 今でも",単語,0,原本保持
2630,サンシャイン,SS,1,P8,Happy,New Year! PROGRAM8,PROGRAM8 教科書本文,"P103,P104",103,104,10,1,26,shoot,撮影する,,0,,shoot,撮影する,撮影する,shoot,10.26SS1_KeyWords_P8_英日_問題.pdf,シュト,,shoot,shoot,,撮影する,単語,0,原本保持
2631,サンシャイン,SS,1,P8,Happy,New Year! PROGRAM8,PROGRAM8 教科書本文,"P103,P104",103,104,10,1,27,pastry chef,パティシエ,,0,,pastry chef,パティシエ,パティシエ,pastry chef,10.26SS1_KeyWords_P8_英日_問題.pdf,ペイストリ シェフ,,pastry chef,pastry chef,,パティシエ,複数語,1,原本保持
2632,サンシャイン,SS,1,P8,Happy,New Year! PROGRAM8,PROGRAM8 教科書本文,"P103,P104",103,104,10,1,28,stand,屋台,,0,,stand,屋台,屋台,stand,10.26SS1_KeyWords_P8_英日_問題.pdf,スタンド,,stand,stand,,屋台,単語,0,原本保持
2633,サンシャイン,SS,1,P8,Happy,New Year! PROGRAM8,PROGRAM8 教科書本文,"P103,P104",103,104,10,1,29,figure,人形,,0,,figure,人形,人形,figure,10.26SS1_KeyWords_P8_英日_問題.pdf,フィッグヤー,,figure,figure,,人形,単語,0,原本保持
2634,サンシャイン,SS,1,P8,Happy,New Year! PROGRAM8,PROGRAM8 教科書本文,"P103,P104",103,104,10,1,30,shower,シャワー,,0,,shower,シャワー,シャワー,shower,10.26SS1_KeyWords_P8_英日_問題.pdf,シャウアー,,shower,shower,,シャワー,単語,0,原本保持
2635,サンシャイン,SS,1,P8,Happy,New Year! PROGRAM8,PROGRAM8 教科書本文,"P103,P104",103,104,10,1,31,tiny,ちっちゃな,,0,,tiny,ちっちゃな,ちっちゃな,tiny,10.26SS1_KeyWords_P8_英日_問題.pdf,タイニ,,tiny,tiny,,ちっちゃな,単語,0,原本保持
2636,サンシャイン,SS,1,P8,Happy,New Year! PROGRAM8,PROGRAM8 教科書本文,"P103,P104",103,104,10,1,32,persimmon,カキ(くだもの),,0,,persimmon,カキ(くだもの),カキ(くだもの),persimmon,10.26SS1_KeyWords_P8_英日_問題.pdf,パーシモン,,persimmon,persimmon,,カキ(くだもの),単語,0,原本保持
2637,サンシャイン,SS,1,P8,Happy,New Year! PROGRAM8,PROGRAM8 教科書本文,"P103,P104",103,104,10,1,33,Jones,ジョーンズ(姓),,0,,Jones,ジョーンズ(姓),ジョーンズ(姓),Jones,10.26SS1_KeyWords_P8_英日_問題.pdf,ジョーンズ,,Jones,Jones,,ジョーンズ(姓),単語,0,原本保持
2638,サンシャイン,SS,1,P8,Happy,New Year! PROGRAM8,"PROGRAM8 8-1, 2",P99～P107,99,107,10,1,34,bathroom,"浴室, トイレ",☆,1,,bathroom,"浴室, トイレ","浴室, トイレ",bathroom,10.26SS1_KeyWords_P8_英日_問題.pdf,バスルム,,bathroom,bathroom,,"浴室, トイレ",単語,0,原本保持
2639,サンシャイン,SS,1,P8,Happy,New Year! PROGRAM8,"PROGRAM8 8-1, 2",P99～P107,99,107,10,1,35,still,"まだ, 今でも",☆,1,,still,"まだ, 今でも","まだ, 今でも",still,10.26SS1_KeyWords_P8_英日_問題.pdf,スティル,,still,still,,"まだ, 今でも",単語,0,原本保持
2640,サンシャイン,SS,1,P8,Happy,New Year! PROGRAM8,Power-Up4 ショッピングをしよう,P108,108,108,10,1,36,Can I help you?,いらっしゃいませ。,☆,1,,Can I help you?,いらっしゃいませ。,いらっしゃいませ。,Can I help you?,10.26SS1_KeyWords_P8_英日_問題.pdf,キャン アイ ヘルプ ユー,,Can I help you?,Can I help you?,,いらっしゃいませ。,表現,1,原本保持
2641,サンシャイン,SS,1,P8,Happy,New Year! PROGRAM8,Power-Up4 ショッピングをしよう,P108,108,108,10,1,37,T-shirt,Tシャツ,,0,,T-shirt,Tシャツ,Tシャツ,T-shirt,10.26SS1_KeyWords_P8_英日_問題.pdf,ティーシャツ,,T-shirt,T-shirt,,Tシャツ,単語,0,原本保持
2642,サンシャイン,SS,1,P8,Happy,New Year! PROGRAM8,Power-Up4 ショッピングをしよう,P108,108,108,10,1,38,Here it is.,"はい, どうぞ。",☆,1,,Here it is.,"はい, どうぞ。","はい, どうぞ。",Here it is.,10.26SS1_KeyWords_P8_英日_問題.pdf,ヒア イット イズ,,Here it is.,Here it is.,,"はい, どうぞ。",複数語,1,原本保持
2643,サンシャイン,SS,1,P8,Happy,New Year! PROGRAM8,Power-Up4 ショッピングをしよう,P108,108,108,10,1,39,sweater,セーター,,0,,sweater,セーター,セーター,sweater,10.26SS1_KeyWords_P8_英日_問題.pdf,スウェター,,sweater,sweater,,セーター,単語,0,原本保持
2644,サンシャイン,SS,1,P8,Happy,New Year! PROGRAM8,Power-Up4 ショッピングをしよう,P108,108,108,10,1,40,same,同じ,☆,1,,same,同じ,同じ,same,10.26SS1_KeyWords_P8_英日_問題.pdf,セイム,,same,same,,同じ,単語,0,原本保持
2645,サンシャイン,SS,1,P8,Happy,New Year! PROGRAM8,Power-Up4 ショッピングをしよう,P108,108,108,10,1,41,handkerchief,ハンカチ,,0,,handkerchief,ハンカチ,ハンカチ,handkerchief,10.26SS1_KeyWords_P8_英日_問題.pdf,ハングカーチフ,,handkerchief,handkerchief,,ハンカチ,単語,0,原本保持
2646,サンシャイン,SS,1,P8,Happy,New Year! PROGRAM8,Power-Up4 ショッピングをしよう,P108,108,108,10,1,42,clerk,店員,,0,,clerk,店員,店員,clerk,10.26SS1_KeyWords_P8_英日_問題.pdf,クラーク,,clerk,clerk,,店員,単語,0,原本保持
2647,サンシャイン,SS,1,P9,A,Trip to Finland PROGRAM9,PROGRAM9 9-1,P109～P113,109,113,11,1,1,visit,"訪問する, 訪れる",☆,1,,visit,"訪問する, 訪れる","訪問する, 訪れる",visit,11.26SS1_KeyWords_P9_英日_問題.pdf,ビジット,,visit,visit,,"訪問する, 訪れる",単語,0,原本保持
2648,サンシャイン,SS,1,P9,A,Trip to Finland PROGRAM9,PROGRAM9 9-1,P109～P113,109,113,11,1,2,take,"連れていく, 持っていく",,0,,take,"連れていく, 持っていく","連れていく, 持っていく",take,11.26SS1_KeyWords_P9_英日_問題.pdf,テイク,,take,take,,"連れていく, 持っていく",単語,0,原本保持
2649,サンシャイン,SS,1,P9,A,Trip to Finland PROGRAM9,PROGRAM9 9-1,P109～P113,109,113,11,1,3,stay,~に滞在する,☆,1,,stay,~に滞在する,~に滞在する,stay,11.26SS1_KeyWords_P9_英日_問題.pdf,ステイ,,stay,stay,,~に滞在する,単語,0,原本保持
2650,サンシャイン,SS,1,P9,A,Trip to Finland PROGRAM9,PROGRAM9 9-1,P109～P113,109,113,11,1,4,beat,打ち負かす,,0,,beat,打ち負かす,打ち負かす,beat,11.26SS1_KeyWords_P9_英日_問題.pdf,ビト,,beat,beat,,打ち負かす,単語,0,原本保持
2651,サンシャイン,SS,1,P9,A,Trip to Finland PROGRAM9,PROGRAM9 9-1,P109～P113,109,113,11,1,5,holiday,休日,☆,1,,holiday,休日,休日,holiday,11.26SS1_KeyWords_P9_英日_問題.pdf,ハラデイ,,holiday,holiday,,休日,単語,0,原本保持
2652,サンシャイン,SS,1,P9,A,Trip to Finland PROGRAM9,PROGRAM9 9-1,P109～P113,109,113,11,1,6,Finland,フィンランド,,0,,Finland,フィンランド,フィンランド,Finland,11.26SS1_KeyWords_P9_英日_問題.pdf,フィンランド,,Finland,Finland,,フィンランド,単語,0,原本保持
2653,サンシャイン,SS,1,P9,A,Trip to Finland PROGRAM9,PROGRAM9 9-1,P109～P113,109,113,11,1,7,yesterday,昨日(は),☆,1,,yesterday,昨日(は),昨日(は),yesterday,11.26SS1_KeyWords_P9_英日_問題.pdf,イエスタデイ,,yesterday,yesterday,,昨日(は),単語,0,原本保持
2654,サンシャイン,SS,1,P9,A,Trip to Finland PROGRAM9,PROGRAM9 9-1,P109～P113,109,113,11,1,8,jealous,うらやましい,,0,,jealous,うらやましい,うらやましい,jealous,11.26SS1_KeyWords_P9_英日_問題.pdf,ジェラス,,jealous,jealous,,うらやましい,単語,0,原本保持
2655,サンシャイン,SS,1,P9,A,Trip to Finland PROGRAM9,PROGRAM9 9-1,P109～P113,109,113,11,1,9,ago,(今から)~前に,☆,1,,ago,(今から)~前に,(今から)~前に,ago,11.26SS1_KeyWords_P9_英日_問題.pdf,アゴ,,ago,ago,,(今から)~前に,単語,0,原本保持
2656,サンシャイン,SS,1,P9,A,Trip to Finland PROGRAM9,PROGRAM9 9-1,P109～P113,109,113,11,1,10,also,"~もまた, さらに",,0,,also,"~もまた, さらに","~もまた, さらに",also,11.26SS1_KeyWords_P9_英日_問題.pdf,オールソ,,also,also,,"~もまた, さらに",単語,0,原本保持
2657,サンシャイン,SS,1,P9,A,Trip to Finland PROGRAM9,PROGRAM9 9-1,P109～P113,109,113,11,1,11,last night,昨夜,☆,1,,last night,昨夜,昨夜,last night,11.26SS1_KeyWords_P9_英日_問題.pdf,ラスト ナイト,,last night,last night,,昨夜,複数語,1,原本保持
2658,サンシャイン,SS,1,P9,A,Trip to Finland PROGRAM9,PROGRAM9 9-1,P109～P113,109,113,11,1,12,into,~の中へ,,0,,into,~の中へ,~の中へ,into,11.26SS1_KeyWords_P9_英日_問題.pdf,イントゥ,,into,into,,~の中へ,単語,0,原本保持
2659,サンシャイン,SS,1,P9,A,Trip to Finland PROGRAM9,PROGRAM9 9-1,P109～P113,109,113,11,1,13,How's it going?,調子はどうですか。,☆,1,,How's it going?,調子はどうですか。,調子はどうですか。,How's it going?,11.26SS1_KeyWords_P9_英日_問題.pdf,ハウズ イット ゴーイング,,How's it going?,How's it going?,,調子はどうですか。,表現,1,原本保持
2660,サンシャイン,SS,1,P9,A,Trip to Finland PROGRAM9,PROGRAM9 9-1,P109～P113,109,113,11,1,14,a lot,たくさん,,0,,a lot,たくさん,たくさん,a lot,11.26SS1_KeyWords_P9_英日_問題.pdf,ア ラト,,a lot,a lot,,たくさん,複数語,1,原本保持
2661,サンシャイン,SS,1,P9,A,Trip to Finland PROGRAM9,PROGRAM9 9-1,P109～P113,109,113,11,1,15,relax,くつろぐ,,0,,relax,くつろぐ,くつろぐ,relax,11.26SS1_KeyWords_P9_英日_問題.pdf,リラックス,,relax,relax,,くつろぐ,単語,0,原本保持
2662,サンシャイン,SS,1,P9,A,Trip to Finland PROGRAM9,PROGRAM9 9-1,P109～P113,109,113,11,1,16,Pretty good.,かなりよいです。,,0,,Pretty good.,かなりよいです。,かなりよいです。,Pretty good.,11.26SS1_KeyWords_P9_英日_問題.pdf,プリティ グッド,,Pretty good.,Pretty good.,,かなりよいです。,複数語,1,原本保持
2663,サンシャイン,SS,1,P9,A,Trip to Finland PROGRAM9,PROGRAM9 9-1,P109～P113,109,113,11,1,17,invent,発明する,,0,,invent,発明する,発明する,invent,11.26SS1_KeyWords_P9_英日_問題.pdf,インヴェント,,invent,invent,,発明する,単語,0,原本保持
2664,サンシャイン,SS,1,P9,A,Trip to Finland PROGRAM9,"PROGRAM9 9-2, 3",P114～P118,114,118,11,1,18,go-went,行く[原形-過去形],☆,1,,go-went,行く[原形-過去形],行く[原形-過去形],go-went,11.26SS1_KeyWords_P9_英日_問題.pdf,ゴウ・ウェント,,go-went,go-went,,行く[原形-過去形],単語,0,原本保持
2665,サンシャイン,SS,1,P9,A,Trip to Finland PROGRAM9,"PROGRAM9 9-2, 3",P114～P118,114,118,11,1,19,come back,もどる,,0,,come back,もどる,もどる,come back,11.26SS1_KeyWords_P9_英日_問題.pdf,カム バック,,come back,come back,,もどる,複数語,1,原本保持
2666,サンシャイン,SS,1,P9,A,Trip to Finland PROGRAM9,"PROGRAM9 9-2, 3",P114～P118,114,118,11,1,20,come-came,来る[原形-過去形],☆,1,,come-came,来る[原形-過去形],来る[原形-過去形],come-came,11.26SS1_KeyWords_P9_英日_問題.pdf,カム・ケイム,,come-came,come-came,,来る[原形-過去形],単語,0,原本保持
2667,サンシャイン,SS,1,P9,A,Trip to Finland PROGRAM9,"PROGRAM9 9-2, 3",P114～P118,114,118,11,1,21,at one time,同時に,,0,,at one time,同時に,同時に,at one time,11.26SS1_KeyWords_P9_英日_問題.pdf,アット ワン タイム,,at one time,at one time,,同時に,複数語,1,原本保持
2668,サンシャイン,SS,1,P9,A,Trip to Finland PROGRAM9,"PROGRAM9 9-2, 3",P114～P118,114,118,11,1,22,make-made,作る[原形-過去形],☆,1,,make-made,作る[原形-過去形],作る[原形-過去形],make-made,11.26SS1_KeyWords_P9_英日_問題.pdf,メイク・メイド,,make-made,make-made,,作る[原形-過去形],単語,0,原本保持
2669,サンシャイン,SS,1,P9,A,Trip to Finland PROGRAM9,"PROGRAM9 9-2, 3",P114～P118,114,118,11,1,23,win-won,"勝つ, 勝ちとる[原形-過去形]",☆,1,,win-won,"勝つ, 勝ちとる[原形-過去形]","勝つ, 勝ちとる[原形-過去形]",win-won,11.26SS1_KeyWords_P9_英日_問題.pdf,ウィン・ワン,,win-won,win-won,,"勝つ, 勝ちとる[原形-過去形]",単語,0,原本保持
2670,サンシャイン,SS,1,P9,A,Trip to Finland PROGRAM9,"PROGRAM9 9-2, 3",P114～P118,114,118,11,1,24,buy-bought,買う[原形-過去形],☆,1,,buy-bought,買う[原形-過去形],買う[原形-過去形],buy-bought,11.26SS1_KeyWords_P9_英日_問題.pdf,バイ・バト,,buy-bought,buy-bought,,買う[原形-過去形],単語,0,原本保持
2671,サンシャイン,SS,1,P9,A,Trip to Finland PROGRAM9,"PROGRAM9 9-2, 3",P114～P118,114,118,11,1,25,sleep-slept,眠る[原形-過去形],☆,1,,sleep-slept,眠る[原形-過去形],眠る[原形-過去形],sleep-slept,11.26SS1_KeyWords_P9_英日_問題.pdf,スリプ・スレップト,,sleep-slept,sleep-slept,,眠る[原形-過去形],単語,0,原本保持
2672,サンシャイン,SS,1,P9,A,Trip to Finland PROGRAM9,"PROGRAM9 9-2, 3",P114～P118,114,118,11,1,26,find-found,見つける[原形-過去形],☆,1,,find-found,見つける[原形-過去形],見つける[原形-過去形],find-found,11.26SS1_KeyWords_P9_英日_問題.pdf,ファインド・ファウンド,,find-found,find-found,,見つける[原形-過去形],単語,0,原本保持
2673,サンシャイン,SS,1,P9,A,Trip to Finland PROGRAM9,"PROGRAM9 9-2, 3",P114～P118,114,118,11,1,27,other,ほかの,☆,1,,other,ほかの,ほかの,other,11.26SS1_KeyWords_P9_英日_問題.pdf,アザー,,other,other,,ほかの,単語,0,原本保持
2674,サンシャイン,SS,1,P9,A,Trip to Finland PROGRAM9,"PROGRAM9 9-2, 3",P114～P118,114,118,11,1,28,take-took,とる[原形-過去形],☆,1,,take-took,とる[原形-過去形],とる[原形-過去形],take-took,11.26SS1_KeyWords_P9_英日_問題.pdf,テイク・トゥック,,take-took,take-took,,とる[原形-過去形],単語,0,原本保持
2675,サンシャイン,SS,1,P9,A,Trip to Finland PROGRAM9,"PROGRAM9 9-2, 3",P114～P118,114,118,11,1,29,experience,"体験, 経験",,0,,experience,"体験, 経験","体験, 経験",experience,11.26SS1_KeyWords_P9_英日_問題.pdf,イックスピリンス,,experience,experience,,"体験, 経験",単語,0,原本保持
2676,サンシャイン,SS,1,P9,A,Trip to Finland PROGRAM9,"PROGRAM9 9-2, 3",P114～P118,114,118,11,1,30,have-had,持っている[原形-過去形],☆,1,,have-had,持っている[原形-過去形],持っている[原形-過去形],have-had,11.26SS1_KeyWords_P9_英日_問題.pdf,ハブ・ハド,,have-had,have-had,,持っている[原形-過去形],単語,0,原本保持
2677,サンシャイン,SS,1,P9,A,Trip to Finland PROGRAM9,"PROGRAM9 9-2, 3",P114～P118,114,118,11,1,31,vacation,休暇,,0,,vacation,休暇,休暇,vacation,11.26SS1_KeyWords_P9_英日_問題.pdf,ヴェイケイシャン,,vacation,vacation,,休暇,単語,0,原本保持
2678,サンシャイン,SS,1,P9,A,Trip to Finland PROGRAM9,"PROGRAM9 9-2, 3",P114～P118,114,118,11,1,32,read-read,読む[原形-過去形],☆,1,,read-read,読む[原形-過去形],読む[原形-過去形],read-read,11.26SS1_KeyWords_P9_英日_問題.pdf,リード・リード,,read-read,read-read,,読む[原形-過去形],単語,0,原本保持
2679,サンシャイン,SS,1,P9,A,Trip to Finland PROGRAM9,"PROGRAM9 9-2, 3",P114～P118,114,118,11,1,33,sun,太陽,,0,,sun,太陽,太陽,sun,11.26SS1_KeyWords_P9_英日_問題.pdf,サン,,sun,sun,,太陽,単語,0,原本保持
2680,サンシャイン,SS,1,P9,A,Trip to Finland PROGRAM9,"PROGRAM9 9-2, 3",P114～P118,114,118,11,1,34,eat-ate,食べる[原形-過去形],☆,1,,eat-ate,食べる[原形-過去形],食べる[原形-過去形],eat-ate,11.26SS1_KeyWords_P9_英日_問題.pdf,イート・エイト,,eat-ate,eat-ate,,食べる[原形-過去形],単語,0,原本保持
2681,サンシャイン,SS,1,P9,A,Trip to Finland PROGRAM9,"PROGRAM9 9-2, 3",P114～P118,114,118,11,1,35,road,"道路, 道",,0,,road,"道路, 道","道路, 道",road,11.26SS1_KeyWords_P9_英日_問題.pdf,ロード,,road,road,,"道路, 道",単語,0,原本保持
2682,サンシャイン,SS,1,P9,A,Trip to Finland PROGRAM9,"PROGRAM9 9-2, 3",P114～P118,114,118,11,1,36,write-wrote,書く[原形-過去形],☆,1,,write-wrote,書く[原形-過去形],書く[原形-過去形],write-wrote,11.26SS1_KeyWords_P9_英日_問題.pdf,ライト・ロト,,write-wrote,write-wrote,,書く[原形-過去形],単語,0,原本保持
2683,サンシャイン,SS,1,P9,A,Trip to Finland PROGRAM9,"PROGRAM9 9-2, 3",P114～P118,114,118,11,1,37,anywhere,[疑問文で]どこかに,,0,,anywhere,[疑問文で]どこかに,[疑問文で]どこかに,anywhere,11.26SS1_KeyWords_P9_英日_問題.pdf,エニウェー,,anywhere,anywhere,,[疑問文で]どこかに,単語,0,原本保持
2684,サンシャイン,SS,1,P9,A,Trip to Finland PROGRAM9,"PROGRAM9 9-2, 3",P114～P118,114,118,11,1,38,find out,"わかる, 気づく",,0,,find out,"わかる, 気づく","わかる, 気づく",find out,11.26SS1_KeyWords_P9_英日_問題.pdf,ファインド アウト,,find out,find out,,"わかる, 気づく",複数語,1,原本保持
2685,サンシャイン,SS,1,P9,A,Trip to Finland PROGRAM9,"PROGRAM9 9-2, 3",P114～P118,114,118,11,1,39,until,~まで,,0,,until,~まで,~まで,until,11.26SS1_KeyWords_P9_英日_問題.pdf,アンティル,,until,until,,~まで,単語,0,原本保持
2686,サンシャイン,SS,1,P9,A,Trip to Finland PROGRAM9,"PROGRAM9 9-2, 3",P114～P118,114,118,11,1,40,take a walk,散歩する,,0,,take a walk,散歩する,散歩する,take a walk,11.26SS1_KeyWords_P9_英日_問題.pdf,テイク ア ウォーク,,take a walk,take a walk,,散歩する,複数語,1,原本保持
2687,サンシャイン,SS,1,P9,A,Trip to Finland PROGRAM9,"PROGRAM9 9-2, 3",P114～P118,114,118,11,1,41,have a good time,楽しい時を過ごす,,0,,have a good time,楽しい時を過ごす,楽しい時を過ごす,have a good time,11.26SS1_KeyWords_P9_英日_問題.pdf,ハブ ア グッド タイム,,have a good time,have a good time,,楽しい時を過ごす,複数語,1,原本保持
2688,サンシャイン,SS,1,P9,A,Trip to Finland PROGRAM9,"PROGRAM9 9-2, 3",P114～P118,114,118,11,1,42,take a picture,写真をとる,,0,,take a picture,写真をとる,写真をとる,take a picture,11.26SS1_KeyWords_P9_英日_問題.pdf,テイク ア ピックチャー,,take a picture,take a picture,,写真をとる,複数語,1,原本保持
2689,サンシャイン,SS,1,P9,A,Trip to Finland PROGRAM9,"PROGRAM9 9-2, 3",P114～P118,114,118,11,1,43,all day,一日中,,0,,all day,一日中,一日中,all day,11.26SS1_KeyWords_P9_英日_問題.pdf,オール デイ,,all day,all day,,一日中,複数語,1,原本保持
2690,サンシャイン,SS,1,P9,PROGRAM9 A,Trip to Finland,PROGRAM9 教科書本文,P113～P115,113,115,11,2,44,sauna,サウナ,,0,,sauna,サウナ,サウナ,sauna,11.26SS1_KeyWords_P9_英日_問題.pdf,ソナ,,sauna,sauna,,サウナ,単語,0,原本保持
2691,サンシャイン,SS,1,P9,PROGRAM9 A,Trip to Finland,PROGRAM9 教科書本文,P113～P115,113,115,11,2,45,lucky,"幸運な, 運のよい",,0,,lucky,"幸運な, 運のよい","幸運な, 運のよい",lucky,11.26SS1_KeyWords_P9_英日_問題.pdf,ラキ,,lucky,lucky,,"幸運な, 運のよい",単語,0,原本保持
2692,サンシャイン,SS,1,P9,PROGRAM9 A,Trip to Finland,PROGRAM9 教科書本文,P113～P115,113,115,11,2,46,grandparent,"祖父, 祖母",,0,,grandparent,"祖父, 祖母","祖父, 祖母",grandparent,11.26SS1_KeyWords_P9_英日_問題.pdf,グランドペラント,,grandparent,grandparent,,"祖父, 祖母",単語,0,原本保持
2693,サンシャイン,SS,1,P9,PROGRAM9 A,Trip to Finland,PROGRAM9 教科書本文,P113～P115,113,115,11,2,47,salty,塩辛い,,0,,salty,塩辛い,塩辛い,salty,11.26SS1_KeyWords_P9_英日_問題.pdf,ソールティ,,salty,salty,,塩辛い,単語,0,原本保持
2694,サンシャイン,SS,1,P9,PROGRAM9 A,Trip to Finland,PROGRAM9 教科書本文,P113～P115,113,115,11,2,48,Finnish,フィンランド(人)の,,0,,Finnish,フィンランド(人)の,フィンランド(人)の,Finnish,11.26SS1_KeyWords_P9_英日_問題.pdf,フィニッシュ,,Finnish,Finnish,,フィンランド(人)の,単語,0,原本保持
2695,サンシャイン,SS,1,P9,PROGRAM9 A,Trip to Finland,PROGRAM9 教科書本文,P113～P115,113,115,11,2,49,medical,"医療の, 内科の",,0,,medical,"医療の, 内科の","医療の, 内科の",medical,11.26SS1_KeyWords_P9_英日_問題.pdf,メダックル,,medical,medical,,"医療の, 内科の",単語,0,原本保持
2696,サンシャイン,SS,1,P9,PROGRAM9 A,Trip to Finland,PROGRAM9 教科書本文,P113～P115,113,115,11,2,50,set,(太陽などが)沈む,,0,,set,(太陽などが)沈む,(太陽などが)沈む,set,11.26SS1_KeyWords_P9_英日_問題.pdf,セット,,set,set,,(太陽などが)沈む,単語,0,原本保持
2697,サンシャイン,SS,1,P9,PROGRAM9 A,Trip to Finland,PROGRAM9 教科書本文,P113～P115,113,115,11,2,51,once,"一度, 1回",,0,,once,"一度, 1回","一度, 1回",once,11.26SS1_KeyWords_P9_英日_問題.pdf,ワンス,,once,once,,"一度, 1回",単語,0,原本保持
2698,サンシャイン,SS,1,P9,PROGRAM9 A,Trip to Finland,PROGRAM9 教科書本文,P113～P115,113,115,11,2,52,rise,(太陽などが)昇る,,0,,rise,(太陽などが)昇る,(太陽などが)昇る,rise,11.26SS1_KeyWords_P9_英日_問題.pdf,ライズ,,rise,rise,,(太陽などが)昇る,単語,0,原本保持
2699,サンシャイン,SS,1,P9,PROGRAM9 A,Trip to Finland,PROGRAM9 教科書本文,P113～P115,113,115,11,2,53,outside,戸外で[に],,0,,outside,戸外で[に],戸外で[に],outside,11.26SS1_KeyWords_P9_英日_問題.pdf,アウトサイド,,outside,outside,,戸外で[に],単語,0,原本保持
2700,サンシャイン,SS,1,P9,PROGRAM9 A,Trip to Finland,PROGRAM9 教科書本文,P113～P115,113,115,11,2,54,aurora,オーロラ,,0,,aurora,オーロラ,オーロラ,aurora,11.26SS1_KeyWords_P9_英日_問題.pdf,アーオーラ,,aurora,aurora,,オーロラ,単語,0,原本保持
2701,サンシャイン,SS,1,P9,PROGRAM9 A,Trip to Finland,PROGRAM9 教科書本文,P113～P115,113,115,11,2,55,a.m.,午前,,0,,a.m.,午前,午前,a.m.,11.26SS1_KeyWords_P9_英日_問題.pdf,ア エム,,a.m.,a.m.,,午前,単語,0,原本保持
2702,サンシャイン,SS,1,P9,PROGRAM9 A,Trip to Finland,PROGRAM9 教科書本文,P113～P115,113,115,11,2,56,reindeer,トナカイ,,0,,reindeer,トナカイ,トナカイ,reindeer,11.26SS1_KeyWords_P9_英日_問題.pdf,レインディー,,reindeer,reindeer,,トナカイ,単語,0,原本保持
2703,サンシャイン,SS,1,P9,PROGRAM9 A,Trip to Finland,PROGRAM9 教科書本文,P113～P115,113,115,11,2,57,p.m.,午後,,0,,p.m.,午後,午後,p.m.,11.26SS1_KeyWords_P9_英日_問題.pdf,ピー エム,,p.m.,p.m.,,午後,単語,0,原本保持
2704,サンシャイン,SS,1,P9,PROGRAM9 A,Trip to Finland,PROGRAM9 教科書本文,P113～P115,113,115,11,2,58,salmiakki,サルミアッキ(菓子の名),,0,,salmiakki,サルミアッキ(菓子の名),サルミアッキ(菓子の名),salmiakki,11.26SS1_KeyWords_P9_英日_問題.pdf,サルミアッキ,,salmiakki,salmiakki,,サルミアッキ(菓子の名),単語,0,原本保持
2705,サンシャイン,SS,1,P9,PROGRAM9 A,Trip to Finland,PROGRAM9 教科書本文,P113～P115,113,115,11,2,59,too,あまりにも~すぎる,,0,,too,あまりにも~すぎる,あまりにも~すぎる,too,11.26SS1_KeyWords_P9_英日_問題.pdf,トゥ,,too,too,,あまりにも~すぎる,単語,0,原本保持
2706,サンシャイン,SS,1,P9,PROGRAM9 A,Trip to Finland,PROGRAM9 教科書本文,P113～P115,113,115,11,2,60,checkup,検査,,0,,checkup,検査,検査,checkup,11.26SS1_KeyWords_P9_英日_問題.pdf,チェカップ,,checkup,checkup,,検査,単語,0,原本保持
2707,サンシャイン,SS,1,P9,PROGRAM9 A,Trip to Finland,PROGRAM9 教科書本文,P113～P115,113,115,11,2,61,jet lag,時差ぼけ,,0,,jet lag,時差ぼけ,時差ぼけ,jet lag,11.26SS1_KeyWords_P9_英日_問題.pdf,ジェット ラッグ,,jet lag,jet lag,,時差ぼけ,複数語,1,原本保持
2708,サンシャイン,SS,1,P9,PROGRAM9 A,Trip to Finland,PROGRAM9 教科書本文,P113～P115,113,115,11,2,62,tasty,おいしい,,0,,tasty,おいしい,おいしい,tasty,11.26SS1_KeyWords_P9_英日_問題.pdf,テイスティ,,tasty,tasty,,おいしい,単語,0,原本保持
2709,サンシャイン,SS,1,P9,PROGRAM9 A,Trip to Finland,PROGRAM9 教科書本文,P113～P115,113,115,11,2,63,of course,もちろん,,0,,of course,もちろん,もちろん,of course,11.26SS1_KeyWords_P9_英日_問題.pdf,オブ コース,,of course,of course,,もちろん,複数語,1,原本保持
2710,サンシャイン,SS,1,P9,PROGRAM9 A,Trip to Finland,PROGRAM9 9-1～3,P109～P118,109,118,11,2,64,invent,発明する,☆,1,,invent,発明する,発明する,invent,11.26SS1_KeyWords_P9_英日_問題.pdf,インヴェント,,invent,invent,,発明する,単語,0,原本保持
2711,サンシャイン,SS,1,P9,PROGRAM9 A,Trip to Finland,PROGRAM9 9-1～3,P109～P118,109,118,11,2,65,come back,もどる,☆,1,,come back,もどる,もどる,come back,11.26SS1_KeyWords_P9_英日_問題.pdf,カム バック,,come back,come back,,もどる,複数語,1,原本保持
2712,サンシャイン,SS,1,P9,PROGRAM9 A,Trip to Finland,PROGRAM9 9-1～3,P109～P118,109,118,11,2,66,a lot,たくさん,☆,1,,a lot,たくさん,たくさん,a lot,11.26SS1_KeyWords_P9_英日_問題.pdf,ア ラト,,a lot,a lot,,たくさん,複数語,1,原本保持
2713,サンシャイン,SS,1,P9,PROGRAM9 A,Trip to Finland,PROGRAM9 9-1～3,P109～P118,109,118,11,2,67,anywhere,[疑問文で]どこかに,☆,1,,anywhere,[疑問文で]どこかに,[疑問文で]どこかに,anywhere,11.26SS1_KeyWords_P9_英日_問題.pdf,エニウェー,,anywhere,anywhere,,[疑問文で]どこかに,単語,0,原本保持
2714,サンシャイン,SS,1,P9,PROGRAM9 A,Trip to Finland,PROGRAM9 9-1～3,P109～P118,109,118,11,2,68,find out,"わかる, 気づく",☆,1,,find out,"わかる, 気づく","わかる, 気づく",find out,11.26SS1_KeyWords_P9_英日_問題.pdf,ファインド アウト,,find out,find out,,"わかる, 気づく",複数語,1,原本保持
2715,サンシャイン,SS,1,P9,PROGRAM9 A,Trip to Finland,PROGRAM9 9-1～3,P109～P118,109,118,11,2,69,have a good time,楽しい時を過ごす,☆,1,,have a good time,楽しい時を過ごす,楽しい時を過ごす,have a good time,11.26SS1_KeyWords_P9_英日_問題.pdf,ハブ ア グッド タイム,,have a good time,have a good time,,楽しい時を過ごす,複数語,1,原本保持
2716,サンシャイン,SS,1,P9,PROGRAM9 A,Trip to Finland,PROGRAM9 9-1～3,P109～P118,109,118,11,2,70,take a walk,散歩する,☆,1,,take a walk,散歩する,散歩する,take a walk,11.26SS1_KeyWords_P9_英日_問題.pdf,テイク ア ウォーク,,take a walk,take a walk,,散歩する,複数語,1,原本保持
2717,サンシャイン,SS,1,P9,PROGRAM9 A,Trip to Finland,PROGRAM9 9-1～3,P109～P118,109,118,11,2,71,all day,一日中,☆,1,,all day,一日中,一日中,all day,11.26SS1_KeyWords_P9_英日_問題.pdf,オール デイ,,all day,all day,,一日中,複数語,1,原本保持
2718,サンシャイン,SS,1,P9,PROGRAM9 A,Trip to Finland,PROGRAM9 9-1～3,P109～P118,109,118,11,2,72,take a picture,写真をとる,☆,1,,take a picture,写真をとる,写真をとる,take a picture,11.26SS1_KeyWords_P9_英日_問題.pdf,テイク ア ピックチャー,,take a picture,take a picture,,写真をとる,複数語,1,原本保持
2719,サンシャイン,SS,1,P10,Grandma,Baba's Warming Ideas! PROGRAM10,"PROGRAM10 10-1, 2",P123～P129,123,129,12,1,1,was,"am, isの過去形",☆,1,,was,"am, isの過去形","am, isの過去形",was,12.26SS1_KeyWords_P10_英日_問題.pdf,ワズ,,was,was,,"am, isの過去形",単語,0,原本保持
2720,サンシャイン,SS,1,P10,Grandma,Baba's Warming Ideas! PROGRAM10,"PROGRAM10 10-1, 2",P123～P129,123,129,12,1,2,wasn't,was notの短縮形,☆,1,,wasn't,was notの短縮形,was notの短縮形,wasn't,12.26SS1_KeyWords_P10_英日_問題.pdf,ワズント,,wasn't,wasn't,,was notの短縮形,短縮形,0,原本保持
2721,サンシャイン,SS,1,P10,Grandma,Baba's Warming Ideas! PROGRAM10,"PROGRAM10 10-1, 2",P123～P129,123,129,12,1,3,were,areの過去形,☆,1,,were,areの過去形,areの過去形,were,12.26SS1_KeyWords_P10_英日_問題.pdf,ワー,,were,were,,areの過去形,単語,0,原本保持
2722,サンシャイン,SS,1,P10,Grandma,Baba's Warming Ideas! PROGRAM10,"PROGRAM10 10-1, 2",P123～P129,123,129,12,1,4,weren't,were notの短縮形,☆,1,,weren't,were notの短縮形,were notの短縮形,weren't,12.26SS1_KeyWords_P10_英日_問題.pdf,ワーント,,weren't,weren't,,were notの短縮形,短縮形,0,原本保持
2723,サンシャイン,SS,1,P10,Grandma,Baba's Warming Ideas! PROGRAM10,"PROGRAM10 10-1, 2",P123～P129,123,129,12,1,5,finish,終える,☆,1,,finish,終える,終える,finish,12.26SS1_KeyWords_P10_英日_問題.pdf,フィニッシュ,,finish,finish,,終える,単語,0,原本保持
2724,サンシャイン,SS,1,P10,Grandma,Baba's Warming Ideas! PROGRAM10,"PROGRAM10 10-1, 2",P123～P129,123,129,12,1,6,break-broke,"壊れる, 壊す[原形-過去形]",☆,1,,break-broke,"壊れる, 壊す[原形-過去形]","壊れる, 壊す[原形-過去形]",break-broke,12.26SS1_KeyWords_P10_英日_問題.pdf,ブレイク・ブロク,,break-broke,break-broke,,"壊れる, 壊す[原形-過去形]",単語,0,原本保持
2725,サンシャイン,SS,1,P10,Grandma,Baba's Warming Ideas! PROGRAM10,"PROGRAM10 10-1, 2",P123～P129,123,129,12,1,7,young,若い,☆,1,,young,若い,若い,young,12.26SS1_KeyWords_P10_英日_問題.pdf,ヤング,,young,young,,若い,単語,0,原本保持
2726,サンシャイン,SS,1,P10,Grandma,Baba's Warming Ideas! PROGRAM10,"PROGRAM10 10-1, 2",P123～P129,123,129,12,1,8,enough,十分に,☆,1,,enough,十分に,十分に,enough,12.26SS1_KeyWords_P10_英日_問題.pdf,イナフ,,enough,enough,,十分に,単語,0,原本保持
2727,サンシャイン,SS,1,P10,Grandma,Baba's Warming Ideas! PROGRAM10,"PROGRAM10 10-1, 2",P123～P129,123,129,12,1,9,What's the matter?,どうしたのですか。,☆,1,,What's the matter?,どうしたのですか。,どうしたのですか。,What's the matter?,12.26SS1_KeyWords_P10_英日_問題.pdf,ワッツ ザ マター,,What's the matter?,What's the matter?,,どうしたのですか。,表現,1,原本保持
2728,サンシャイン,SS,1,P10,Grandma,Baba's Warming Ideas! PROGRAM10,"PROGRAM10 10-1, 2",P123～P129,123,129,12,1,10,increase,"増やす, 強める",,0,,increase,"増やす, 強める","増やす, 強める",increase,12.26SS1_KeyWords_P10_英日_問題.pdf,インクリス,,increase,increase,,"増やす, 強める",単語,0,原本保持
2729,サンシャイン,SS,1,P10,Grandma,Baba's Warming Ideas! PROGRAM10,"PROGRAM10 10-1, 2",P123～P129,123,129,12,1,11,bedroom,寝室,,0,,bedroom,寝室,寝室,bedroom,12.26SS1_KeyWords_P10_英日_問題.pdf,ベドルム,,bedroom,bedroom,,寝室,単語,0,原本保持
2730,サンシャイン,SS,1,P10,Grandma,Baba's Warming Ideas! PROGRAM10,"PROGRAM10 10-1, 2",P123～P129,123,129,12,1,12,hill,丘,,0,,hill,丘,丘,hill,12.26SS1_KeyWords_P10_英日_問題.pdf,ヒル,,hill,hill,,丘,単語,0,原本保持
2731,サンシャイン,SS,1,P10,Grandma,Baba's Warming Ideas! PROGRAM10,"PROGRAM10 10-1, 2",P123～P129,123,129,12,1,13,warming,暖まること,,0,,warming,暖まること,暖まること,warming,12.26SS1_KeyWords_P10_英日_問題.pdf,ウォーミング,,warming,warming,,暖まること,単語,0,原本保持
2732,サンシャイン,SS,1,P10,Grandma,Baba's Warming Ideas! PROGRAM10,"PROGRAM10 10-1, 2",P123～P129,123,129,12,1,14,sound,音,,0,,sound,音,音,sound,12.26SS1_KeyWords_P10_英日_問題.pdf,サウンド,,sound,sound,,音,単語,0,原本保持
2733,サンシャイン,SS,1,P10,Grandma,Baba's Warming Ideas! PROGRAM10,"PROGRAM10 10-1, 2",P123～P129,123,129,12,1,15,grandma,おばあさん,,0,,grandma,おばあさん,おばあさん,grandma,12.26SS1_KeyWords_P10_英日_問題.pdf,グランドマ,,grandma,grandma,,おばあさん,単語,0,原本保持
2734,サンシャイン,SS,1,P10,Grandma,Baba's Warming Ideas! PROGRAM10,"PROGRAM10 10-1, 2",P123～P129,123,129,12,1,16,terrible,"恐ろしい, ひどい",,0,,terrible,"恐ろしい, ひどい","恐ろしい, ひどい",terrible,12.26SS1_KeyWords_P10_英日_問題.pdf,テラッブル,,terrible,terrible,,"恐ろしい, ひどい",単語,0,原本保持
2735,サンシャイン,SS,1,P10,Grandma,Baba's Warming Ideas! PROGRAM10,"PROGRAM10 10-1, 2",P123～P129,123,129,12,1,17,snowy,雪の,,0,,snowy,雪の,雪の,snowy,12.26SS1_KeyWords_P10_英日_問題.pdf,スノイー,,snowy,snowy,,雪の,単語,0,原本保持
2736,サンシャイン,SS,1,P10,Grandma,Baba's Warming Ideas! PROGRAM10,"PROGRAM10 10-1, 2",P123～P129,123,129,12,1,18,bad,悪い,,0,,bad,悪い,悪い,bad,12.26SS1_KeyWords_P10_英日_問題.pdf,バッド,,bad,bad,,悪い,単語,0,原本保持
2737,サンシャイン,SS,1,P10,Grandma,Baba's Warming Ideas! PROGRAM10,"PROGRAM10 10-1, 2",P123～P129,123,129,12,1,19,freezing,凍りつくほど寒い,,0,,freezing,凍りつくほど寒い,凍りつくほど寒い,freezing,12.26SS1_KeyWords_P10_英日_問題.pdf,フリジング,,freezing,freezing,,凍りつくほど寒い,単語,0,原本保持
2738,サンシャイン,SS,1,P10,Grandma,Baba's Warming Ideas! PROGRAM10,"PROGRAM10 10-1, 2",P123～P129,123,129,12,1,20,get on ~,~に乗る,,0,,get on ~,~に乗る,~に乗る,get on ~,12.26SS1_KeyWords_P10_英日_問題.pdf,ゲット オン ～,,get on ~,get on ~,,~に乗る,表現,1,原本保持
2739,サンシャイン,SS,1,P10,Grandma,Baba's Warming Ideas! PROGRAM10,PROGRAM10 10-3,P130～P133,130,133,12,1,21,call,電話をかける,☆,1,,call,電話をかける,電話をかける,call,12.26SS1_KeyWords_P10_英日_問題.pdf,コール,,call,call,,電話をかける,単語,0,原本保持
2740,サンシャイン,SS,1,P10,Grandma,Baba's Warming Ideas! PROGRAM10,PROGRAM10 10-3,P130～P133,130,133,12,1,22,surf,サーフィン[波乗り]をする,,0,,surf,サーフィン[波乗り]をする,サーフィン[波乗り]をする,surf,12.26SS1_KeyWords_P10_英日_問題.pdf,サーフ,,surf,surf,,サーフィン[波乗り]をする,単語,0,原本保持
2741,サンシャイン,SS,1,P10,Grandma,Baba's Warming Ideas! PROGRAM10,PROGRAM10 10-3,P130～P133,130,133,12,1,23,story,物語,☆,1,,story,物語,物語,story,12.26SS1_KeyWords_P10_英日_問題.pdf,ストリ,,story,story,,物語,単語,0,原本保持
2742,サンシャイン,SS,1,P10,Grandma,Baba's Warming Ideas! PROGRAM10,PROGRAM10 10-3,P130～P133,130,133,12,1,24,reach,"着く, 到着する",,0,,reach,"着く, 到着する","着く, 到着する",reach,12.26SS1_KeyWords_P10_英日_問題.pdf,リチ,,reach,reach,,"着く, 到着する",単語,0,原本保持
2743,サンシャイン,SS,1,P10,Grandma,Baba's Warming Ideas! PROGRAM10,PROGRAM10 10-3,P130～P133,130,133,12,1,25,warm,"温かい, 暖かい",☆,1,,warm,"温かい, 暖かい","温かい, 暖かい",warm,12.26SS1_KeyWords_P10_英日_問題.pdf,ウォーム,,warm,warm,,"温かい, 暖かい",単語,0,原本保持
2744,サンシャイン,SS,1,P10,Grandma,Baba's Warming Ideas! PROGRAM10,PROGRAM10 10-3,P130～P133,130,133,12,1,26,end,"終わり, はし",,0,,end,"終わり, はし","終わり, はし",end,12.26SS1_KeyWords_P10_英日_問題.pdf,エンド,,end,end,,"終わり, はし",単語,0,原本保持
2745,サンシャイン,SS,1,P10,Grandma,Baba's Warming Ideas! PROGRAM10,PROGRAM10 10-3,P130～P133,130,133,12,1,27,surprised,おどろいて,☆,1,,surprised,おどろいて,おどろいて,surprised,12.26SS1_KeyWords_P10_英日_問題.pdf,サープライズド,,surprised,surprised,,おどろいて,単語,0,原本保持
2746,サンシャイン,SS,1,P10,Grandma,Baba's Warming Ideas! PROGRAM10,PROGRAM10 教科書本文,P126～P131,126,131,12,1,28,follow,"従う, ついていく",,0,,follow,"従う, ついていく","従う, ついていく",follow,12.26SS1_KeyWords_P10_英日_問題.pdf,ファロ,,follow,follow,,"従う, ついていく",単語,0,原本保持
2747,サンシャイン,SS,1,P10,Grandma,Baba's Warming Ideas! PROGRAM10,PROGRAM10 教科書本文,P126～P131,126,131,12,1,29,steam,湯気を立てる,,0,,steam,湯気を立てる,湯気を立てる,steam,12.26SS1_KeyWords_P10_英日_問題.pdf,スティム,,steam,steam,,湯気を立てる,単語,0,原本保持
2748,サンシャイン,SS,1,P10,Grandma,Baba's Warming Ideas! PROGRAM10,PROGRAM10 教科書本文,P126～P131,126,131,12,1,30,speed,スピード,,0,,speed,スピード,スピード,speed,12.26SS1_KeyWords_P10_英日_問題.pdf,スピド,,speed,speed,,スピード,単語,0,原本保持
2749,サンシャイン,SS,1,P10,Grandma,Baba's Warming Ideas! PROGRAM10,PROGRAM10 教科書本文,P126～P131,126,131,12,1,31,pull,引く,,0,,pull,引く,引く,pull,12.26SS1_KeyWords_P10_英日_問題.pdf,プル,,pull,pull,,引く,単語,0,原本保持
2750,サンシャイン,SS,1,P10,Grandma,Baba's Warming Ideas! PROGRAM10,PROGRAM10 教科書本文,P126～P131,126,131,12,1,32,slope,"斜面, 坂",,0,,slope,"斜面, 坂","斜面, 坂",slope,12.26SS1_KeyWords_P10_英日_問題.pdf,スロプ,,slope,slope,,"斜面, 坂",単語,0,原本保持
2751,サンシャイン,SS,1,P10,Grandma,Baba's Warming Ideas! PROGRAM10,PROGRAM10 教科書本文,P126～P131,126,131,12,1,33,raccoon dog,タヌキ,,0,,raccoon dog,タヌキ,タヌキ,raccoon dog,12.26SS1_KeyWords_P10_英日_問題.pdf,ラクン ドッグ,,raccoon dog,raccoon dog,,タヌキ,複数語,1,原本保持
2752,サンシャイン,SS,1,P10,Grandma,Baba's Warming Ideas! PROGRAM10,PROGRAM10 教科書本文,P126～P131,126,131,12,1,34,sleigh,そり,,0,,sleigh,そり,そり,sleigh,12.26SS1_KeyWords_P10_英日_問題.pdf,スレイ,,sleigh,sleigh,,そり,単語,0,原本保持
2753,サンシャイン,SS,1,P10,Grandma,Baba's Warming Ideas! PROGRAM10,PROGRAM10 教科書本文,P126～P131,126,131,12,1,35,quilt,"キルト, 布団",,0,,quilt,"キルト, 布団","キルト, 布団",quilt,12.26SS1_KeyWords_P10_英日_問題.pdf,クウィルト,,quilt,quilt,,"キルト, 布団",単語,0,原本保持
2754,サンシャイン,SS,1,P10,Grandma,Baba's Warming Ideas! PROGRAM10,PROGRAM10 教科書本文,P126～P131,126,131,12,1,36,leg,(家具の)脚,,0,,leg,(家具の)脚,(家具の)脚,leg,12.26SS1_KeyWords_P10_英日_問題.pdf,レッグ,,leg,leg,,(家具の)脚,単語,0,原本保持
2755,サンシャイン,SS,1,P10,Grandma,Baba's Warming Ideas! PROGRAM10,PROGRAM10 教科書本文,P126～P131,126,131,12,1,37,closet,"押入れ, クローゼット",,0,,closet,"押入れ, クローゼット","押入れ, クローゼット",closet,12.26SS1_KeyWords_P10_英日_問題.pdf,クラザット,,closet,closet,,"押入れ, クローゼット",単語,0,原本保持
2756,サンシャイン,SS,1,P10,Grandma,Baba's Warming Ideas! PROGRAM10,PROGRAM10 教科書本文,P126～P131,126,131,12,1,38,trampoline,トランポリン,,0,,trampoline,トランポリン,トランポリン,trampoline,12.26SS1_KeyWords_P10_英日_問題.pdf,トラムパリン,,trampoline,trampoline,,トランポリン,単語,0,原本保持
2757,サンシャイン,SS,1,P10,Grandma,Baba's Warming Ideas! PROGRAM10,PROGRAM10 教科書本文,P126～P131,126,131,12,1,39,fluffy,ふわふわした,,0,,fluffy,ふわふわした,ふわふわした,fluffy,12.26SS1_KeyWords_P10_英日_問題.pdf,フラフィ,,fluffy,fluffy,,ふわふわした,単語,0,原本保持
2758,サンシャイン,SS,1,P10,Grandma,Baba's Warming Ideas! PROGRAM10,PROGRAM10 教科書本文,P126～P131,126,131,12,1,40,awesome,"とてもよい, すばらしい",,0,,awesome,"とてもよい, すばらしい","とてもよい, すばらしい",awesome,12.26SS1_KeyWords_P10_英日_問題.pdf,アサム,,awesome,awesome,,"とてもよい, すばらしい",単語,0,原本保持
2759,サンシャイン,SS,1,P10,Grandma,Baba's Warming Ideas! PROGRAM10,PROGRAM10 教科書本文,P126～P131,126,131,12,1,41,finally,"やっと, ついに",,0,,finally,"やっと, ついに","やっと, ついに",finally,12.26SS1_KeyWords_P10_英日_問題.pdf,ファイナリ,,finally,finally,,"やっと, ついに",単語,0,原本保持
2760,サンシャイン,SS,1,P10,Grandma,Baba's Warming Ideas! PROGRAM10,PROGRAM10 教科書本文,P126～P131,126,131,12,1,42,hold on to ~,~にしがみつく,,0,,hold on to ~,~にしがみつく,~にしがみつく,hold on to ~,12.26SS1_KeyWords_P10_英日_問題.pdf,ホールド オン トゥ ～,,hold on to ~,hold on to ~,,~にしがみつく,表現,1,原本保持
2761,サンシャイン,SS,1,P10,Grandma,Baba's Warming Ideas! PROGRAM10,PROGRAM10 教科書本文,P126～P131,126,131,12,1,43,yourselves,あなたがた自身を[に],,0,,yourselves,あなたがた自身を[に],あなたがた自身を[に],yourselves,12.26SS1_KeyWords_P10_英日_問題.pdf,ユーセルヴズ,,yourselves,yourselves,,あなたがた自身を[に],単語,0,原本保持
2762,サンシャイン,SS,1,P10,Grandma,Baba's Warming Ideas! PROGRAM10,PROGRAM10 教科書本文,P126～P131,126,131,12,1,44,cut A off,Aを切り離す,,0,,cut A off,Aを切り離す,Aを切り離す,cut A off,12.26SS1_KeyWords_P10_英日_問題.pdf,カット エイ オフ,,cut A off,cut A off,,Aを切り離す,複数語,1,原本保持
2763,サンシャイン,SS,1,P10,Grandma,Baba's Warming Ideas! PROGRAM10,PROGRAM10 10-1～3,P123～P133,123,133,12,1,45,snowy,雪の,☆,1,,snowy,雪の,雪の,snowy,12.26SS1_KeyWords_P10_英日_問題.pdf,スノイー,,snowy,snowy,,雪の,単語,0,原本保持
2764,サンシャイン,SS,1,P10,Grandma,Baba's Warming Ideas! PROGRAM10,PROGRAM10 10-1～3,P123～P133,123,133,12,1,46,terrible,"恐ろしい, ひどい",☆,1,,terrible,"恐ろしい, ひどい","恐ろしい, ひどい",terrible,12.26SS1_KeyWords_P10_英日_問題.pdf,テラッブル,,terrible,terrible,,"恐ろしい, ひどい",単語,0,原本保持
2765,サンシャイン,SS,1,P10,Grandma,Baba's Warming Ideas! PROGRAM10,PROGRAM10 10-1～3,P123～P133,123,133,12,1,47,hill,丘,☆,1,,hill,丘,丘,hill,12.26SS1_KeyWords_P10_英日_問題.pdf,ヒル,,hill,hill,,丘,単語,0,原本保持
2766,サンシャイン,SS,1,P10,Grandma,Baba's Warming Ideas! PROGRAM10,PROGRAM10 10-1～3,P123～P133,123,133,12,1,48,reach,"着く, 到着する",☆,1,,reach,"着く, 到着する","着く, 到着する",reach,12.26SS1_KeyWords_P10_英日_問題.pdf,リチ,,reach,reach,,"着く, 到着する",単語,0,原本保持
2767,サンシャイン,SS,1,P10,PROGRAM10 Grandma,Baba's Warming Ideas!,Our Project3 私が選んだ1枚,P135～P139,135,139,12,2,49,performance,"演技, パフォーマンス",☆,1,,performance,"演技, パフォーマンス","演技, パフォーマンス",performance,12.26SS1_KeyWords_P10_英日_問題.pdf,パーフォーマンス,,performance,performance,,"演技, パフォーマンス",単語,0,原本保持
2768,サンシャイン,SS,1,P10,PROGRAM10 Grandma,Baba's Warming Ideas!,Our Project3 私が選んだ1枚,P135～P139,135,139,12,2,50,shot,写真,,0,,shot,写真,写真,shot,12.26SS1_KeyWords_P10_英日_問題.pdf,シャト,,shot,shot,,写真,単語,0,原本保持
2769,サンシャイン,SS,1,P10,PROGRAM10 Grandma,Baba's Warming Ideas!,Our Project3 私が選んだ1枚,P135～P139,135,139,12,2,51,nervous,"不安で, 緊張して",☆,1,,nervous,"不安で, 緊張して","不安で, 緊張して",nervous,12.26SS1_KeyWords_P10_英日_問題.pdf,ナーヴァス,,nervous,nervous,,"不安で, 緊張して",単語,0,原本保持
2770,サンシャイン,SS,1,P10,PROGRAM10 Grandma,Baba's Warming Ideas!,Our Project3 私が選んだ1枚,P135～P139,135,139,12,2,52,hobby,趣味,,0,,hobby,趣味,趣味,hobby,12.26SS1_KeyWords_P10_英日_問題.pdf,ハビ,,hobby,hobby,,趣味,単語,0,原本保持
2771,サンシャイン,SS,1,P10,PROGRAM10 Grandma,Baba's Warming Ideas!,Our Project3 私が選んだ1枚,P135～P139,135,139,12,2,53,creative,創造力のある,☆,1,,creative,創造力のある,創造力のある,creative,12.26SS1_KeyWords_P10_英日_問題.pdf,クリエイティヴ,,creative,creative,,創造力のある,単語,0,原本保持
2772,サンシャイン,SS,1,P10,PROGRAM10 Grandma,Baba's Warming Ideas!,Power-Up6 絵はがきを書こう,P140,140,140,12,2,54,"Dear ~,",親愛なる~様,☆,1,,"Dear ~,",親愛なる~様,親愛なる~様,"Dear ~,",12.26SS1_KeyWords_P10_英日_問題.pdf,ディー ～,,"Dear ~,","Dear ~,",,親愛なる~様,表現,1,原本保持
2773,サンシャイン,SS,1,P10,PROGRAM10 Grandma,Baba's Warming Ideas!,Power-Up6 絵はがきを書こう,P140,140,140,12,2,55,view,"眺め, 景色",☆,1,,view,"眺め, 景色","眺め, 景色",view,12.26SS1_KeyWords_P10_英日_問題.pdf,ヴュ,,view,view,,"眺め, 景色",単語,0,原本保持
2774,サンシャイン,SS,1,P10,PROGRAM10 Grandma,Baba's Warming Ideas!,Power-Up6 絵はがきを書こう,P140,140,140,12,2,56,miss,~がいなくてさびしく思う,☆,1,,miss,~がいなくてさびしく思う,~がいなくてさびしく思う,miss,12.26SS1_KeyWords_P10_英日_問題.pdf,ミス,,miss,miss,,~がいなくてさびしく思う,単語,0,原本保持
2775,サンシャイン,SS,1,P10,PROGRAM10 Grandma,Baba's Warming Ideas!,Power-Up6 絵はがきを書こう,P140,140,140,12,2,57,card,"(お祝いなどに送る)カード, ハガキ",,0,,card,"(お祝いなどに送る)カード, ハガキ","(お祝いなどに送る)カード, ハガキ",card,12.26SS1_KeyWords_P10_英日_問題.pdf,カード,,card,card,,"(お祝いなどに送る)カード, ハガキ",単語,0,原本保持
2776,サンシャイン,SS,2,[1年生]P10,[1年生],Grandma Baba's Warming Ideas! PROGRAM10,"PROGRAM10 10-1, 2",P123～P129,123,129,1,1,1,was,"am, isの過去形",☆,1,,was,"am, isの過去形","am, isの過去形",was,01.26SS2_KeyWords_[1年生]P10_英日_問題.pdf,ワズ,,was,was,,"am, isの過去形",単語,0,原本保持
2777,サンシャイン,SS,2,[1年生]P10,[1年生],Grandma Baba's Warming Ideas! PROGRAM10,"PROGRAM10 10-1, 2",P123～P129,123,129,1,1,2,wasn't,was notの短縮形,☆,1,,wasn't,was notの短縮形,was notの短縮形,wasn't,01.26SS2_KeyWords_[1年生]P10_英日_問題.pdf,ワズント,,wasn't,wasn't,,was notの短縮形,短縮形,0,原本保持
2778,サンシャイン,SS,2,[1年生]P10,[1年生],Grandma Baba's Warming Ideas! PROGRAM10,"PROGRAM10 10-1, 2",P123～P129,123,129,1,1,3,were,areの過去形,☆,1,,were,areの過去形,areの過去形,were,01.26SS2_KeyWords_[1年生]P10_英日_問題.pdf,ワー,,were,were,,areの過去形,単語,0,原本保持
2779,サンシャイン,SS,2,[1年生]P10,[1年生],Grandma Baba's Warming Ideas! PROGRAM10,"PROGRAM10 10-1, 2",P123～P129,123,129,1,1,4,weren't,were notの短縮形,☆,1,,weren't,were notの短縮形,were notの短縮形,weren't,01.26SS2_KeyWords_[1年生]P10_英日_問題.pdf,ワーント,,weren't,weren't,,were notの短縮形,短縮形,0,原本保持
2780,サンシャイン,SS,2,[1年生]P10,[1年生],Grandma Baba's Warming Ideas! PROGRAM10,"PROGRAM10 10-1, 2",P123～P129,123,129,1,1,5,finish,終える,☆,1,,finish,終える,終える,finish,01.26SS2_KeyWords_[1年生]P10_英日_問題.pdf,フィニッシュ,,finish,finish,,終える,単語,0,原本保持
2781,サンシャイン,SS,2,[1年生]P10,[1年生],Grandma Baba's Warming Ideas! PROGRAM10,"PROGRAM10 10-1, 2",P123～P129,123,129,1,1,6,break-broke,"壊れる, 壊す[原形-過去形]",☆,1,,break-broke,"壊れる, 壊す[原形-過去形]","壊れる, 壊す[原形-過去形]",break-broke,01.26SS2_KeyWords_[1年生]P10_英日_問題.pdf,ブレイク・ブロク,,break-broke,break-broke,,"壊れる, 壊す[原形-過去形]",単語,0,原本保持
2782,サンシャイン,SS,2,[1年生]P10,[1年生],Grandma Baba's Warming Ideas! PROGRAM10,"PROGRAM10 10-1, 2",P123～P129,123,129,1,1,7,young,若い,☆,1,,young,若い,若い,young,01.26SS2_KeyWords_[1年生]P10_英日_問題.pdf,ヤング,,young,young,,若い,単語,0,原本保持
2783,サンシャイン,SS,2,[1年生]P10,[1年生],Grandma Baba's Warming Ideas! PROGRAM10,"PROGRAM10 10-1, 2",P123～P129,123,129,1,1,8,enough,十分に,☆,1,,enough,十分に,十分に,enough,01.26SS2_KeyWords_[1年生]P10_英日_問題.pdf,イナフ,,enough,enough,,十分に,単語,0,原本保持
2784,サンシャイン,SS,2,[1年生]P10,[1年生],Grandma Baba's Warming Ideas! PROGRAM10,"PROGRAM10 10-1, 2",P123～P129,123,129,1,1,9,What's the matter?,どうしたのですか。,☆,1,,What's the matter?,どうしたのですか。,どうしたのですか。,What's the matter?,01.26SS2_KeyWords_[1年生]P10_英日_問題.pdf,ワッツ ザ マター,,What's the matter?,What's the matter?,,どうしたのですか。,表現,1,原本保持
2785,サンシャイン,SS,2,[1年生]P10,[1年生],Grandma Baba's Warming Ideas! PROGRAM10,"PROGRAM10 10-1, 2",P123～P129,123,129,1,1,10,increase,"増やす, 強める",,0,,increase,"増やす, 強める","増やす, 強める",increase,01.26SS2_KeyWords_[1年生]P10_英日_問題.pdf,インクリス,,increase,increase,,"増やす, 強める",単語,0,原本保持
2786,サンシャイン,SS,2,[1年生]P10,[1年生],Grandma Baba's Warming Ideas! PROGRAM10,"PROGRAM10 10-1, 2",P123～P129,123,129,1,1,11,bedroom,寝室,,0,,bedroom,寝室,寝室,bedroom,01.26SS2_KeyWords_[1年生]P10_英日_問題.pdf,ベドルム,,bedroom,bedroom,,寝室,単語,0,原本保持
2787,サンシャイン,SS,2,[1年生]P10,[1年生],Grandma Baba's Warming Ideas! PROGRAM10,"PROGRAM10 10-1, 2",P123～P129,123,129,1,1,12,hill,丘,,0,,hill,丘,丘,hill,01.26SS2_KeyWords_[1年生]P10_英日_問題.pdf,ヒル,,hill,hill,,丘,単語,0,原本保持
2788,サンシャイン,SS,2,[1年生]P10,[1年生],Grandma Baba's Warming Ideas! PROGRAM10,"PROGRAM10 10-1, 2",P123～P129,123,129,1,1,13,warming,暖まること,,0,,warming,暖まること,暖まること,warming,01.26SS2_KeyWords_[1年生]P10_英日_問題.pdf,ウォーミング,,warming,warming,,暖まること,単語,0,原本保持
2789,サンシャイン,SS,2,[1年生]P10,[1年生],Grandma Baba's Warming Ideas! PROGRAM10,"PROGRAM10 10-1, 2",P123～P129,123,129,1,1,14,sound,音,,0,,sound,音,音,sound,01.26SS2_KeyWords_[1年生]P10_英日_問題.pdf,サウンド,,sound,sound,,音,単語,0,原本保持
2790,サンシャイン,SS,2,[1年生]P10,[1年生],Grandma Baba's Warming Ideas! PROGRAM10,"PROGRAM10 10-1, 2",P123～P129,123,129,1,1,15,grandma,おばあさん,,0,,grandma,おばあさん,おばあさん,grandma,01.26SS2_KeyWords_[1年生]P10_英日_問題.pdf,グランドマ,,grandma,grandma,,おばあさん,単語,0,原本保持
2791,サンシャイン,SS,2,[1年生]P10,[1年生],Grandma Baba's Warming Ideas! PROGRAM10,"PROGRAM10 10-1, 2",P123～P129,123,129,1,1,16,terrible,"恐ろしい, ひどい",,0,,terrible,"恐ろしい, ひどい","恐ろしい, ひどい",terrible,01.26SS2_KeyWords_[1年生]P10_英日_問題.pdf,テラッブル,,terrible,terrible,,"恐ろしい, ひどい",単語,0,原本保持
2792,サンシャイン,SS,2,[1年生]P10,[1年生],Grandma Baba's Warming Ideas! PROGRAM10,"PROGRAM10 10-1, 2",P123～P129,123,129,1,1,17,snowy,雪の,,0,,snowy,雪の,雪の,snowy,01.26SS2_KeyWords_[1年生]P10_英日_問題.pdf,スノイー,,snowy,snowy,,雪の,単語,0,原本保持
2793,サンシャイン,SS,2,[1年生]P10,[1年生],Grandma Baba's Warming Ideas! PROGRAM10,"PROGRAM10 10-1, 2",P123～P129,123,129,1,1,18,bad,悪い,,0,,bad,悪い,悪い,bad,01.26SS2_KeyWords_[1年生]P10_英日_問題.pdf,バッド,,bad,bad,,悪い,単語,0,原本保持
2794,サンシャイン,SS,2,[1年生]P10,[1年生],Grandma Baba's Warming Ideas! PROGRAM10,"PROGRAM10 10-1, 2",P123～P129,123,129,1,1,19,freezing,凍りつくほど寒い,,0,,freezing,凍りつくほど寒い,凍りつくほど寒い,freezing,01.26SS2_KeyWords_[1年生]P10_英日_問題.pdf,フリジング,,freezing,freezing,,凍りつくほど寒い,単語,0,原本保持
2795,サンシャイン,SS,2,[1年生]P10,[1年生],Grandma Baba's Warming Ideas! PROGRAM10,"PROGRAM10 10-1, 2",P123～P129,123,129,1,1,20,get on ~,~に乗る,,0,,get on ~,~に乗る,~に乗る,get on ~,01.26SS2_KeyWords_[1年生]P10_英日_問題.pdf,ゲット オン ～,,get on ~,get on ~,,~に乗る,表現,1,原本保持
2796,サンシャイン,SS,2,[1年生]P10,[1年生],Grandma Baba's Warming Ideas! PROGRAM10,PROGRAM10 10-3,P130～P133,130,133,1,1,21,call,電話をかける,☆,1,,call,電話をかける,電話をかける,call,01.26SS2_KeyWords_[1年生]P10_英日_問題.pdf,コール,,call,call,,電話をかける,単語,0,原本保持
2797,サンシャイン,SS,2,[1年生]P10,[1年生],Grandma Baba's Warming Ideas! PROGRAM10,PROGRAM10 10-3,P130～P133,130,133,1,1,22,surf,サーフィン[波乗り]をする,,0,,surf,サーフィン[波乗り]をする,サーフィン[波乗り]をする,surf,01.26SS2_KeyWords_[1年生]P10_英日_問題.pdf,サーフ,,surf,surf,,サーフィン[波乗り]をする,単語,0,原本保持
2798,サンシャイン,SS,2,[1年生]P10,[1年生],Grandma Baba's Warming Ideas! PROGRAM10,PROGRAM10 10-3,P130～P133,130,133,1,1,23,story,物語,☆,1,,story,物語,物語,story,01.26SS2_KeyWords_[1年生]P10_英日_問題.pdf,ストリ,,story,story,,物語,単語,0,原本保持
2799,サンシャイン,SS,2,[1年生]P10,[1年生],Grandma Baba's Warming Ideas! PROGRAM10,PROGRAM10 10-3,P130～P133,130,133,1,1,24,reach,"着く, 到着する",,0,,reach,"着く, 到着する","着く, 到着する",reach,01.26SS2_KeyWords_[1年生]P10_英日_問題.pdf,リチ,,reach,reach,,"着く, 到着する",単語,0,原本保持
2800,サンシャイン,SS,2,[1年生]P10,[1年生],Grandma Baba's Warming Ideas! PROGRAM10,PROGRAM10 10-3,P130～P133,130,133,1,1,25,warm,"温かい, 暖かい",☆,1,,warm,"温かい, 暖かい","温かい, 暖かい",warm,01.26SS2_KeyWords_[1年生]P10_英日_問題.pdf,ウォーム,,warm,warm,,"温かい, 暖かい",単語,0,原本保持
2801,サンシャイン,SS,2,[1年生]P10,[1年生],Grandma Baba's Warming Ideas! PROGRAM10,PROGRAM10 10-3,P130～P133,130,133,1,1,26,end,"終わり, はし",,0,,end,"終わり, はし","終わり, はし",end,01.26SS2_KeyWords_[1年生]P10_英日_問題.pdf,エンド,,end,end,,"終わり, はし",単語,0,原本保持
2802,サンシャイン,SS,2,[1年生]P10,[1年生],Grandma Baba's Warming Ideas! PROGRAM10,PROGRAM10 10-3,P130～P133,130,133,1,1,27,surprised,おどろいて,☆,1,,surprised,おどろいて,おどろいて,surprised,01.26SS2_KeyWords_[1年生]P10_英日_問題.pdf,サープライズド,,surprised,surprised,,おどろいて,単語,0,原本保持
2803,サンシャイン,SS,2,[1年生]P10,[1年生],Grandma Baba's Warming Ideas! PROGRAM10,PROGRAM10 教科書本文,P126～P131,126,131,1,1,28,follow,"従う, ついていく",,0,,follow,"従う, ついていく","従う, ついていく",follow,01.26SS2_KeyWords_[1年生]P10_英日_問題.pdf,ファロ,,follow,follow,,"従う, ついていく",単語,0,原本保持
2804,サンシャイン,SS,2,[1年生]P10,[1年生],Grandma Baba's Warming Ideas! PROGRAM10,PROGRAM10 教科書本文,P126～P131,126,131,1,1,29,steam,湯気を立てる,,0,,steam,湯気を立てる,湯気を立てる,steam,01.26SS2_KeyWords_[1年生]P10_英日_問題.pdf,スティム,,steam,steam,,湯気を立てる,単語,0,原本保持
2805,サンシャイン,SS,2,[1年生]P10,[1年生],Grandma Baba's Warming Ideas! PROGRAM10,PROGRAM10 教科書本文,P126～P131,126,131,1,1,30,speed,スピード,,0,,speed,スピード,スピード,speed,01.26SS2_KeyWords_[1年生]P10_英日_問題.pdf,スピド,,speed,speed,,スピード,単語,0,原本保持
2806,サンシャイン,SS,2,[1年生]P10,[1年生],Grandma Baba's Warming Ideas! PROGRAM10,PROGRAM10 教科書本文,P126～P131,126,131,1,1,31,pull,引く,,0,,pull,引く,引く,pull,01.26SS2_KeyWords_[1年生]P10_英日_問題.pdf,プル,,pull,pull,,引く,単語,0,原本保持
2807,サンシャイン,SS,2,[1年生]P10,[1年生],Grandma Baba's Warming Ideas! PROGRAM10,PROGRAM10 教科書本文,P126～P131,126,131,1,1,32,slope,"斜面, 坂",,0,,slope,"斜面, 坂","斜面, 坂",slope,01.26SS2_KeyWords_[1年生]P10_英日_問題.pdf,スロプ,,slope,slope,,"斜面, 坂",単語,0,原本保持
2808,サンシャイン,SS,2,[1年生]P10,[1年生],Grandma Baba's Warming Ideas! PROGRAM10,PROGRAM10 教科書本文,P126～P131,126,131,1,1,33,raccoon dog,タヌキ,,0,,raccoon dog,タヌキ,タヌキ,raccoon dog,01.26SS2_KeyWords_[1年生]P10_英日_問題.pdf,ラクン ドッグ,,raccoon dog,raccoon dog,,タヌキ,複数語,1,原本保持
2809,サンシャイン,SS,2,[1年生]P10,[1年生],Grandma Baba's Warming Ideas! PROGRAM10,PROGRAM10 教科書本文,P126～P131,126,131,1,1,34,sleigh,そり,,0,,sleigh,そり,そり,sleigh,01.26SS2_KeyWords_[1年生]P10_英日_問題.pdf,スレイ,,sleigh,sleigh,,そり,単語,0,原本保持
2810,サンシャイン,SS,2,[1年生]P10,[1年生],Grandma Baba's Warming Ideas! PROGRAM10,PROGRAM10 教科書本文,P126～P131,126,131,1,1,35,quilt,"キルト, 布団",,0,,quilt,"キルト, 布団","キルト, 布団",quilt,01.26SS2_KeyWords_[1年生]P10_英日_問題.pdf,クウィルト,,quilt,quilt,,"キルト, 布団",単語,0,原本保持
2811,サンシャイン,SS,2,[1年生]P10,[1年生],Grandma Baba's Warming Ideas! PROGRAM10,PROGRAM10 教科書本文,P126～P131,126,131,1,1,36,leg,(家具の)脚,,0,,leg,(家具の)脚,(家具の)脚,leg,01.26SS2_KeyWords_[1年生]P10_英日_問題.pdf,レッグ,,leg,leg,,(家具の)脚,単語,0,原本保持
2812,サンシャイン,SS,2,[1年生]P10,[1年生],Grandma Baba's Warming Ideas! PROGRAM10,PROGRAM10 教科書本文,P126～P131,126,131,1,1,37,closet,"押入れ, クローゼット",,0,,closet,"押入れ, クローゼット","押入れ, クローゼット",closet,01.26SS2_KeyWords_[1年生]P10_英日_問題.pdf,クラザット,,closet,closet,,"押入れ, クローゼット",単語,0,原本保持
2813,サンシャイン,SS,2,[1年生]P10,[1年生],Grandma Baba's Warming Ideas! PROGRAM10,PROGRAM10 教科書本文,P126～P131,126,131,1,1,38,trampoline,トランポリン,,0,,trampoline,トランポリン,トランポリン,trampoline,01.26SS2_KeyWords_[1年生]P10_英日_問題.pdf,トラムパリン,,trampoline,trampoline,,トランポリン,単語,0,原本保持
2814,サンシャイン,SS,2,[1年生]P10,[1年生],Grandma Baba's Warming Ideas! PROGRAM10,PROGRAM10 教科書本文,P126～P131,126,131,1,1,39,fluffy,ふわふわした,,0,,fluffy,ふわふわした,ふわふわした,fluffy,01.26SS2_KeyWords_[1年生]P10_英日_問題.pdf,フラフィ,,fluffy,fluffy,,ふわふわした,単語,0,原本保持
2815,サンシャイン,SS,2,[1年生]P10,[1年生],Grandma Baba's Warming Ideas! PROGRAM10,PROGRAM10 教科書本文,P126～P131,126,131,1,1,40,awesome,"とてもよい, すばらしい",,0,,awesome,"とてもよい, すばらしい","とてもよい, すばらしい",awesome,01.26SS2_KeyWords_[1年生]P10_英日_問題.pdf,アサム,,awesome,awesome,,"とてもよい, すばらしい",単語,0,原本保持
2816,サンシャイン,SS,2,[1年生]P10,[1年生],Grandma Baba's Warming Ideas! PROGRAM10,PROGRAM10 教科書本文,P126～P131,126,131,1,1,41,finally,"やっと, ついに",,0,,finally,"やっと, ついに","やっと, ついに",finally,01.26SS2_KeyWords_[1年生]P10_英日_問題.pdf,ファイナリ,,finally,finally,,"やっと, ついに",単語,0,原本保持
2817,サンシャイン,SS,2,[1年生]P10,[1年生],Grandma Baba's Warming Ideas! PROGRAM10,PROGRAM10 教科書本文,P126～P131,126,131,1,1,42,hold on to ~,~にしがみつく,,0,,hold on to ~,~にしがみつく,~にしがみつく,hold on to ~,01.26SS2_KeyWords_[1年生]P10_英日_問題.pdf,ホールド オン トゥ ～,,hold on to ~,hold on to ~,,~にしがみつく,表現,1,原本保持
2818,サンシャイン,SS,2,[1年生]P10,[1年生],Grandma Baba's Warming Ideas! PROGRAM10,PROGRAM10 教科書本文,P126～P131,126,131,1,1,43,yourselves,あなたがた自身を[に],,0,,yourselves,あなたがた自身を[に],あなたがた自身を[に],yourselves,01.26SS2_KeyWords_[1年生]P10_英日_問題.pdf,ユーセルヴズ,,yourselves,yourselves,,あなたがた自身を[に],単語,0,原本保持
2819,サンシャイン,SS,2,[1年生]P10,[1年生],Grandma Baba's Warming Ideas! PROGRAM10,PROGRAM10 教科書本文,P126～P131,126,131,1,1,44,cut A off,Aを切り離す,,0,,cut A off,Aを切り離す,Aを切り離す,cut A off,01.26SS2_KeyWords_[1年生]P10_英日_問題.pdf,カット エイ オフ,,cut A off,cut A off,,Aを切り離す,複数語,1,原本保持
2820,サンシャイン,SS,2,[1年生]P10,[1年生],Grandma Baba's Warming Ideas! PROGRAM10,PROGRAM10 10-1～3,P123～P133,123,133,1,1,45,snowy,雪の,☆,1,,snowy,雪の,雪の,snowy,01.26SS2_KeyWords_[1年生]P10_英日_問題.pdf,スノイー,,snowy,snowy,,雪の,単語,0,原本保持
2821,サンシャイン,SS,2,[1年生]P10,[1年生],Grandma Baba's Warming Ideas! PROGRAM10,PROGRAM10 10-1～3,P123～P133,123,133,1,1,46,terrible,"恐ろしい, ひどい",☆,1,,terrible,"恐ろしい, ひどい","恐ろしい, ひどい",terrible,01.26SS2_KeyWords_[1年生]P10_英日_問題.pdf,テラッブル,,terrible,terrible,,"恐ろしい, ひどい",単語,0,原本保持
2822,サンシャイン,SS,2,[1年生]P10,[1年生],Grandma Baba's Warming Ideas! PROGRAM10,PROGRAM10 10-1～3,P123～P133,123,133,1,1,47,hill,丘,☆,1,,hill,丘,丘,hill,01.26SS2_KeyWords_[1年生]P10_英日_問題.pdf,ヒル,,hill,hill,,丘,単語,0,原本保持
2823,サンシャイン,SS,2,[1年生]P10,[1年生],Grandma Baba's Warming Ideas! PROGRAM10,PROGRAM10 10-1～3,P123～P133,123,133,1,1,48,reach,"着く, 到着する",☆,1,,reach,"着く, 到着する","着く, 到着する",reach,01.26SS2_KeyWords_[1年生]P10_英日_問題.pdf,リチ,,reach,reach,,"着く, 到着する",単語,0,原本保持
2824,サンシャイン,SS,2,[1年生]P10,PROGRAM10 Grandma,Baba's Warming Ideas!,Our Project3 私が選んだ1枚,P135～P139,135,139,1,2,49,performance,"演技, パフォーマンス",☆,1,,performance,"演技, パフォーマンス","演技, パフォーマンス",performance,01.26SS2_KeyWords_[1年生]P10_英日_問題.pdf,パーフォーマンス,,performance,performance,,"演技, パフォーマンス",単語,0,原本保持
2825,サンシャイン,SS,2,[1年生]P10,PROGRAM10 Grandma,Baba's Warming Ideas!,Our Project3 私が選んだ1枚,P135～P139,135,139,1,2,50,shot,写真,,0,,shot,写真,写真,shot,01.26SS2_KeyWords_[1年生]P10_英日_問題.pdf,シャト,,shot,shot,,写真,単語,0,原本保持
2826,サンシャイン,SS,2,[1年生]P10,PROGRAM10 Grandma,Baba's Warming Ideas!,Our Project3 私が選んだ1枚,P135～P139,135,139,1,2,51,nervous,"不安で, 緊張して",☆,1,,nervous,"不安で, 緊張して","不安で, 緊張して",nervous,01.26SS2_KeyWords_[1年生]P10_英日_問題.pdf,ナーヴァス,,nervous,nervous,,"不安で, 緊張して",単語,0,原本保持
2827,サンシャイン,SS,2,[1年生]P10,PROGRAM10 Grandma,Baba's Warming Ideas!,Our Project3 私が選んだ1枚,P135～P139,135,139,1,2,52,hobby,趣味,,0,,hobby,趣味,趣味,hobby,01.26SS2_KeyWords_[1年生]P10_英日_問題.pdf,ハビ,,hobby,hobby,,趣味,単語,0,原本保持
2828,サンシャイン,SS,2,[1年生]P10,PROGRAM10 Grandma,Baba's Warming Ideas!,Our Project3 私が選んだ1枚,P135～P139,135,139,1,2,53,creative,創造力のある,☆,1,,creative,創造力のある,創造力のある,creative,01.26SS2_KeyWords_[1年生]P10_英日_問題.pdf,クリエイティヴ,,creative,creative,,創造力のある,単語,0,原本保持
2829,サンシャイン,SS,2,[1年生]P10,PROGRAM10 Grandma,Baba's Warming Ideas!,Power-Up6 絵はがきを書こう,P140,140,140,1,2,54,"Dear ~,",親愛なる~様,☆,1,,"Dear ~,",親愛なる~様,親愛なる~様,"Dear ~,",01.26SS2_KeyWords_[1年生]P10_英日_問題.pdf,ディー ～,,"Dear ~,","Dear ~,",,親愛なる~様,表現,1,原本保持
2830,サンシャイン,SS,2,[1年生]P10,PROGRAM10 Grandma,Baba's Warming Ideas!,Power-Up6 絵はがきを書こう,P140,140,140,1,2,55,view,"眺め, 景色",☆,1,,view,"眺め, 景色","眺め, 景色",view,01.26SS2_KeyWords_[1年生]P10_英日_問題.pdf,ヴュ,,view,view,,"眺め, 景色",単語,0,原本保持
2831,サンシャイン,SS,2,[1年生]P10,PROGRAM10 Grandma,Baba's Warming Ideas!,Power-Up6 絵はがきを書こう,P140,140,140,1,2,56,miss,~がいなくてさびしく思う,☆,1,,miss,~がいなくてさびしく思う,~がいなくてさびしく思う,miss,01.26SS2_KeyWords_[1年生]P10_英日_問題.pdf,ミス,,miss,miss,,~がいなくてさびしく思う,単語,0,原本保持
2832,サンシャイン,SS,2,[1年生]P10,PROGRAM10 Grandma,Baba's Warming Ideas!,Power-Up6 絵はがきを書こう,P140,140,140,1,2,57,card,"(お祝いなどに送る)カード, ハガキ",,0,,card,"(お祝いなどに送る)カード, ハガキ","(お祝いなどに送る)カード, ハガキ",card,01.26SS2_KeyWords_[1年生]P10_英日_問題.pdf,カード,,card,card,,"(お祝いなどに送る)カード, ハガキ",単語,0,原本保持
2833,サンシャイン,SS,2,P1,PROGRAM1,New Start,PROGRAM1 1-1,P7～P11,7,11,2,1,1,move,引っ越す,☆,1,,move,引っ越す,引っ越す,move,02.26SS2_KeyWords_P1_英日_問題.pdf,ムーブ,,move,move,,引っ越す,単語,0,原本保持
2834,サンシャイン,SS,2,P1,PROGRAM1,New Start,PROGRAM1 1-1,P7～P11,7,11,2,1,2,by the way,ところで,☆,1,,by the way,ところで,ところで,by the way,02.26SS2_KeyWords_P1_英日_問題.pdf,バイ ザ ウェイ,,by the way,by the way,,ところで,複数語,1,原本保持
2835,サンシャイン,SS,2,P1,PROGRAM1,New Start,PROGRAM1 1-1,P7～P11,7,11,2,1,3,leave,"出発する, 去る",☆,1,,leave,"出発する, 去る","出発する, 去る",leave,02.26SS2_KeyWords_P1_英日_問題.pdf,リーブ,,leave,leave,,"出発する, 去る",単語,0,原本保持
2836,サンシャイン,SS,2,P1,PROGRAM1,New Start,PROGRAM1 1-1,P7～P11,7,11,2,1,4,plan,計画[予定]を立てる,,0,,plan,計画[予定]を立てる,計画[予定]を立てる,plan,02.26SS2_KeyWords_P1_英日_問題.pdf,プラン,,plan,plan,,計画[予定]を立てる,単語,0,原本保持
2837,サンシャイン,SS,2,P1,PROGRAM1,New Start,PROGRAM1 1-1,P7～P11,7,11,2,1,5,again,"再び, また",☆,1,,again,"再び, また","再び, また",again,02.26SS2_KeyWords_P1_英日_問題.pdf,アゲイン,,again,again,,"再び, また",単語,0,原本保持
2838,サンシャイン,SS,2,P1,PROGRAM1,New Start,PROGRAM1 1-1,P7～P11,7,11,2,1,6,party,パーティー,,0,,party,パーティー,パーティー,party,02.26SS2_KeyWords_P1_英日_問題.pdf,パーティ,,party,party,,パーティー,単語,0,原本保持
2839,サンシャイン,SS,2,P1,PROGRAM1,New Start,PROGRAM1 1-1,P7～P11,7,11,2,1,7,nothing,何も~ない,☆,1,,nothing,何も~ない,何も~ない,nothing,02.26SS2_KeyWords_P1_英日_問題.pdf,ナシング,,nothing,nothing,,何も~ない,単語,0,原本保持
2840,サンシャイン,SS,2,P1,PROGRAM1,New Start,PROGRAM1 1-1,P7～P11,7,11,2,1,8,special,特別な,,0,,special,特別な,特別な,special,02.26SS2_KeyWords_P1_英日_問題.pdf,スペシャル,,special,special,,特別な,単語,0,原本保持
2841,サンシャイン,SS,2,P1,PROGRAM1,New Start,PROGRAM1 1-1,P7～P11,7,11,2,1,9,What's up?,どうしたの。,☆,1,,What's up?,どうしたの。,どうしたの。,What's up?,02.26SS2_KeyWords_P1_英日_問題.pdf,ワッツ アップ,,What's up?,What's up?,,どうしたの。,表現,1,原本保持
2842,サンシャイン,SS,2,P1,PROGRAM1,New Start,PROGRAM1 1-2,P12,12,12,2,1,10,will,~でしょう,☆,1,,will,~でしょう,~でしょう,will,02.26SS2_KeyWords_P1_英日_問題.pdf,ウィル,,will,will,,~でしょう,単語,0,原本保持
2843,サンシャイン,SS,2,P1,PROGRAM1,New Start,PROGRAM1 1-2,P12,12,12,2,1,11,take care,"気をつける, 注意する",☆,1,,take care,"気をつける, 注意する","気をつける, 注意する",take care,02.26SS2_KeyWords_P1_英日_問題.pdf,テイク ケー,,take care,take care,,"気をつける, 注意する",複数語,1,原本保持
2844,サンシャイン,SS,2,P1,PROGRAM1,New Start,PROGRAM1 1-2,P12,12,12,2,1,12,won't,will notの短縮形,☆,1,,won't,will notの短縮形,will notの短縮形,won't,02.26SS2_KeyWords_P1_英日_問題.pdf,ウォント,,won't,won't,,will notの短縮形,短縮形,0,原本保持
2845,サンシャイン,SS,2,P1,PROGRAM1,New Start,PROGRAM1 1-2,P12,12,12,2,1,13,a bit,少し,☆,1,,a bit,少し,少し,a bit,02.26SS2_KeyWords_P1_英日_問題.pdf,ア ビット,,a bit,a bit,,少し,複数語,1,原本保持
2846,サンシャイン,SS,2,P1,PROGRAM1,New Start,PROGRAM1 1-2,P12,12,12,2,1,14,hope,"望む, 希望する",☆,1,,hope,"望む, 希望する","望む, 希望する",hope,02.26SS2_KeyWords_P1_英日_問題.pdf,ホープ,,hope,hope,,"望む, 希望する",単語,0,原本保持
2847,サンシャイン,SS,2,P1,PROGRAM1,New Start,PROGRAM1 1-2,P12,12,12,2,1,15,text,(携帯電話で)メールを送る,,0,,text,(携帯電話で)メールを送る,(携帯電話で)メールを送る,text,02.26SS2_KeyWords_P1_英日_問題.pdf,テックスト,,text,text,,(携帯電話で)メールを送る,単語,0,原本保持
2848,サンシャイン,SS,2,P1,PROGRAM1,New Start,PROGRAM1 1-2,P12,12,12,2,1,16,forget,忘れる,☆,1,,forget,忘れる,忘れる,forget,02.26SS2_KeyWords_P1_英日_問題.pdf,フォーゲット,,forget,forget,,忘れる,単語,0,原本保持
2849,サンシャイン,SS,2,P1,PROGRAM1,New Start,PROGRAM1 1-2,P12,12,12,2,1,17,worried,"心配して, 不安な",,0,,worried,"心配して, 不安な","心配して, 不安な",worried,02.26SS2_KeyWords_P1_英日_問題.pdf,ワーイード,,worried,worried,,"心配して, 不安な",単語,0,原本保持
2850,サンシャイン,SS,2,P1,PROGRAM1,New Start,PROGRAM1 1-2,P12,12,12,2,1,18,late,"(時刻が)遅い, 遅刻して",☆,1,,late,"(時刻が)遅い, 遅刻して","(時刻が)遅い, 遅刻して",late,02.26SS2_KeyWords_P1_英日_問題.pdf,レイト,,late,late,,"(時刻が)遅い, 遅刻して",単語,0,原本保持
2851,サンシャイン,SS,2,P1,PROGRAM1,New Start,PROGRAM1 1-2,P12,12,12,2,1,19,local,"地元の, 現地の",,0,,local,"地元の, 現地の","地元の, 現地の",local,02.26SS2_KeyWords_P1_英日_問題.pdf,ロクル,,local,local,,"地元の, 現地の",単語,0,原本保持
2852,サンシャイン,SS,2,P1,PROGRAM1,New Start,PROGRAM1 1-2,P12,12,12,2,1,20,either,[否定文で]~もまた(...ない),☆,1,,either,[否定文で]~もまた(...ない),[否定文で]~もまた(...ない),either,02.26SS2_KeyWords_P1_英日_問題.pdf,イーザー,,either,either,,[否定文で]~もまた(...ない),単語,0,原本保持
2853,サンシャイン,SS,2,P1,PROGRAM1,New Start,PROGRAM1 1-2,P12,12,12,2,1,21,it'll,it willの短縮形,,0,,it'll,it willの短縮形,it willの短縮形,it'll,02.26SS2_KeyWords_P1_英日_問題.pdf,イットル,,it'll,it'll,,it willの短縮形,短縮形,0,原本保持
2854,サンシャイン,SS,2,P1,PROGRAM1,New Start,PROGRAM1 1-2,P12,12,12,2,1,22,soon,すぐに,☆,1,,soon,すぐに,すぐに,soon,02.26SS2_KeyWords_P1_英日_問題.pdf,スーン,,soon,soon,,すぐに,単語,0,原本保持
2855,サンシャイン,SS,2,P1,PROGRAM1,New Start,PROGRAM1 1-2,P12,12,12,2,1,23,I'll,I willの短縮形,,0,,I'll,I willの短縮形,I willの短縮形,I'll,02.26SS2_KeyWords_P1_英日_問題.pdf,アイル,,I'll,I'll,,I willの短縮形,短縮形,0,原本保持
2856,サンシャイン,SS,2,P1,PROGRAM1,New Start,PROGRAM1 1-2,P12,12,12,2,1,24,keep in touch,連絡をとり続ける,☆,1,,keep in touch,連絡をとり続ける,連絡をとり続ける,keep in touch,02.26SS2_KeyWords_P1_英日_問題.pdf,キープ イン タチ,,keep in touch,keep in touch,,連絡をとり続ける,複数語,1,原本保持
2857,サンシャイン,SS,2,P1,PROGRAM1,New Start,PROGRAM1 1-3,P13～P18,13,18,2,1,25,cry,泣く,☆,1,,cry,泣く,泣く,cry,02.26SS2_KeyWords_P1_英日_問題.pdf,クライ,,cry,cry,,泣く,単語,0,原本保持
2858,サンシャイン,SS,2,P1,PROGRAM1,New Start,PROGRAM1 1-3,P13～P18,13,18,2,1,26,do my best,最善をつくす,☆,1,,do my best,最善をつくす,最善をつくす,do my best,02.26SS2_KeyWords_P1_英日_問題.pdf,ドゥ マイ ベスト,,do my best,do my best,,最善をつくす,複数語,1,原本保持
2859,サンシャイン,SS,2,P1,PROGRAM1,New Start,PROGRAM1 1-3,P13～P18,13,18,2,1,27,money,お金,☆,1,,money,お金,お金,money,02.26SS2_KeyWords_P1_英日_問題.pdf,マニ,,money,money,,お金,単語,0,原本保持
2860,サンシャイン,SS,2,P1,PROGRAM1,New Start,PROGRAM1 1-3,P13～P18,13,18,2,1,28,quiz,"小テスト, クイズ",,0,,quiz,"小テスト, クイズ","小テスト, クイズ",quiz,02.26SS2_KeyWords_P1_英日_問題.pdf,クイズ,,quiz,quiz,,"小テスト, クイズ",単語,0,原本保持
2861,サンシャイン,SS,2,P1,PROGRAM1,New Start,PROGRAM1 1-3,P13～P18,13,18,2,1,29,child,子ども,☆,1,,child,子ども,子ども,child,02.26SS2_KeyWords_P1_英日_問題.pdf,チャイルド,,child,child,,子ども,単語,0,原本保持
2862,サンシャイン,SS,2,P1,PROGRAM1,New Start,PROGRAM1 1-3,P13～P18,13,18,2,1,30,short,短い,,0,,short,短い,短い,short,02.26SS2_KeyWords_P1_英日_問題.pdf,ショート,,short,short,,短い,単語,0,原本保持
2863,サンシャイン,SS,2,P1,PROGRAM1,New Start,PROGRAM1 1-3,P13～P18,13,18,2,1,31,maybe,"たぶん, おそらく",☆,1,,maybe,"たぶん, おそらく","たぶん, おそらく",maybe,02.26SS2_KeyWords_P1_英日_問題.pdf,メイビ,,maybe,maybe,,"たぶん, おそらく",単語,0,原本保持
2864,サンシャイン,SS,2,P1,PROGRAM1,New Start,PROGRAM1 1-3,P13～P18,13,18,2,1,32,overseas,海外で[へ],,0,,overseas,海外で[へ],海外で[へ],overseas,02.26SS2_KeyWords_P1_英日_問題.pdf,オウヴァーシズ,,overseas,overseas,,海外で[へ],単語,0,原本保持
2865,サンシャイン,SS,2,P1,PROGRAM1,New Start,PROGRAM1 1-3,P13～P18,13,18,2,1,33,Why don't you ~?,(提案して)~してはどうですか。,☆,1,,Why don't you ~?,(提案して)~してはどうですか。,(提案して)~してはどうですか。,Why don't you ~?,02.26SS2_KeyWords_P1_英日_問題.pdf,ワイ ドント ユー ～,,Why don't you ~?,Why don't you ~?,,(提案して)~してはどうですか。,表現,1,原本保持
2866,サンシャイン,SS,2,P1,PROGRAM1,New Start,PROGRAM1 1-3,P13～P18,13,18,2,1,34,Sounds nice.,楽しそうですね。,,0,,Sounds nice.,楽しそうですね。,楽しそうですね。,Sounds nice.,02.26SS2_KeyWords_P1_英日_問題.pdf,サウンズ ナイス,,Sounds nice.,Sounds nice.,,楽しそうですね。,複数語,1,原本保持
2867,サンシャイン,SS,2,P1,PROGRAM1,New Start,PROGRAM1 1-3,P13～P18,13,18,2,1,35,Thanks for ~.,~をありがとう。,☆,1,,Thanks for ~.,~をありがとう。,~をありがとう。,Thanks for ~.,02.26SS2_KeyWords_P1_英日_問題.pdf,サンクス フォー ～,,Thanks for ~.,Thanks for ~.,,~をありがとう。,表現,1,原本保持
2868,サンシャイン,SS,2,P1,PROGRAM1,New Start,PROGRAM1 教科書本文,P11～P13,11,13,2,1,36,farewell,"別れの, 送別の",,0,,farewell,"別れの, 送別の","別れの, 送別の",farewell,02.26SS2_KeyWords_P1_英日_問題.pdf,フェーウェル,,farewell,farewell,,"別れの, 送別の",単語,0,原本保持
2869,サンシャイン,SS,2,P1,PROGRAM1,New Start,PROGRAM1 教科書本文,P11～P13,11,13,2,1,37,camp,キャンプをする,,0,,camp,キャンプをする,キャンプをする,camp,02.26SS2_KeyWords_P1_英日_問題.pdf,カムプ,,camp,camp,,キャンプをする,単語,0,原本保持
2870,サンシャイン,SS,2,P1,PROGRAM1,New Start,PROGRAM1 教科書本文,P11～P13,11,13,2,1,38,You're kidding.,冗談でしょう。 まさか。,,0,,You're kidding.,冗談でしょう。 まさか。,冗談でしょう。 まさか。,You're kidding.,02.26SS2_KeyWords_P1_英日_問題.pdf,ユア キディング,,You're kidding.,You're kidding.,,冗談でしょう。 まさか。,複数語,1,原本保持
2871,サンシャイン,SS,2,P1,PROGRAM1,New Start,PROGRAM1 教科書本文,P11～P13,11,13,2,1,39,picnic,ピクニック,,0,,picnic,ピクニック,ピクニック,picnic,02.26SS2_KeyWords_P1_英日_問題.pdf,ピックニック,,picnic,picnic,,ピクニック,単語,0,原本保持
2872,サンシャイン,SS,2,P1,PROGRAM1,New Start,PROGRAM1 教科書本文,P11～P13,11,13,2,1,40,keep,(ある状態)のままでいる,,0,,keep,(ある状態)のままでいる,(ある状態)のままでいる,keep,02.26SS2_KeyWords_P1_英日_問題.pdf,キープ,,keep,keep,,(ある状態)のままでいる,単語,0,原本保持
2873,サンシャイン,SS,2,P1,PROGRAM1,New Start,PROGRAM1 教科書本文,P11～P13,11,13,2,1,41,Sam,サム(男子の名),,0,,Sam,サム(男子の名),サム(男子の名),Sam,02.26SS2_KeyWords_P1_英日_問題.pdf,サム,,Sam,Sam,,サム(男子の名),単語,0,原本保持
2874,サンシャイン,SS,2,P1,PROGRAM1,New Start,PROGRAM1 教科書本文,P11～P13,11,13,2,1,42,you'll,you willの短縮形,,0,,you'll,you willの短縮形,you willの短縮形,you'll,02.26SS2_KeyWords_P1_英日_問題.pdf,ユール,,you'll,you'll,,you willの短縮形,短縮形,0,原本保持
2875,サンシャイン,SS,2,P1,PROGRAM1,New Start,PROGRAM1 教科書本文,P11～P13,11,13,2,1,43,Jane,ジェーン(女子の名),,0,,Jane,ジェーン(女子の名),ジェーン(女子の名),Jane,02.26SS2_KeyWords_P1_英日_問題.pdf,ジェイン,,Jane,Jane,,ジェーン(女子の名),単語,0,原本保持
2876,サンシャイン,SS,2,P1,PROGRAM1 New,Start,PROGRAM1 1-1～3,P7～P18,7,18,2,2,44,plan,計画[予定]を立てる,☆,1,,plan,計画[予定]を立てる,計画[予定]を立てる,plan,02.26SS2_KeyWords_P1_英日_問題.pdf,プラン,,plan,plan,,計画[予定]を立てる,単語,0,原本保持
2877,サンシャイン,SS,2,P1,PROGRAM1 New,Start,PROGRAM1 1-1～3,P7～P18,7,18,2,2,45,short,短い,☆,1,,short,短い,短い,short,02.26SS2_KeyWords_P1_英日_問題.pdf,ショート,,short,short,,短い,単語,0,原本保持
2878,サンシャイン,SS,2,P1,PROGRAM1 New,Start,PROGRAM1 1-1～3,P7～P18,7,18,2,2,46,worried,"心配して, 不安な",☆,1,,worried,"心配して, 不安な","心配して, 不安な",worried,02.26SS2_KeyWords_P1_英日_問題.pdf,ワーイード,,worried,worried,,"心配して, 不安な",単語,0,原本保持
2879,サンシャイン,SS,2,P1,PROGRAM1 New,Start,PROGRAM1 1-1～3,P7～P18,7,18,2,2,47,overseas,海外で[へ],☆,1,,overseas,海外で[へ],海外で[へ],overseas,02.26SS2_KeyWords_P1_英日_問題.pdf,オウヴァーシズ,,overseas,overseas,,海外で[へ],単語,0,原本保持
2880,サンシャイン,SS,2,P1,PROGRAM1 New,Start,PROGRAM1 1-1～3,P7～P18,7,18,2,2,48,local,"地元の, 現地の",☆,1,,local,"地元の, 現地の","地元の, 現地の",local,02.26SS2_KeyWords_P1_英日_問題.pdf,ロクル,,local,local,,"地元の, 現地の",単語,0,原本保持
2881,サンシャイン,SS,2,P2,Koshien,Project in Africa PROGRAM2,PROGRAM2 2-1,P19～P23,19,23,3,1,1,hear-heard,~だと聞いている[原形-過去形],☆,1,,hear-heard,~だと聞いている[原形-過去形],~だと聞いている[原形-過去形],hear-heard,03.26SS2_KeyWords_P2_英日_問題.pdf,ヒア・ハード,,hear-heard,hear-heard,,~だと聞いている[原形-過去形],単語,0,原本保持
2882,サンシャイン,SS,2,P2,Koshien,Project in Africa PROGRAM2,PROGRAM2 2-1,P19～P23,19,23,3,1,2,be interested in ~,~に興味がある,☆,1,,be interested in ~,~に興味がある,~に興味がある,be interested in ~,03.26SS2_KeyWords_P2_英日_問題.pdf,ビー イントラスティッド イン ～,,be interested in ~,be interested in ~,,~に興味がある,表現,1,原本保持
2883,サンシャイン,SS,2,P2,Koshien,Project in Africa PROGRAM2,PROGRAM2 2-1,P19～P23,19,23,3,1,3,should,"~すべきだ, ~したほうがよい",☆,1,,should,"~すべきだ, ~したほうがよい","~すべきだ, ~したほうがよい",should,03.26SS2_KeyWords_P2_英日_問題.pdf,シュッド,,should,should,,"~すべきだ, ~したほうがよい",単語,0,原本保持
2884,サンシャイン,SS,2,P2,Koshien,Project in Africa PROGRAM2,PROGRAM2 2-1,P19～P23,19,23,3,1,4,promote,促進する,,0,,promote,促進する,促進する,promote,03.26SS2_KeyWords_P2_英日_問題.pdf,プラモト,,promote,promote,,促進する,単語,0,原本保持
2885,サンシャイン,SS,2,P2,Koshien,Project in Africa PROGRAM2,PROGRAM2 2-1,P19～P23,19,23,3,1,5,person,"人, 個人",☆,1,,person,"人, 個人","人, 個人",person,03.26SS2_KeyWords_P2_英日_問題.pdf,パーサン,,person,person,,"人, 個人",単語,0,原本保持
2886,サンシャイン,SS,2,P2,Koshien,Project in Africa PROGRAM2,PROGRAM2 2-1,P19～P23,19,23,3,1,6,project,"プロジェクト, 計画",,0,,project,"プロジェクト, 計画","プロジェクト, 計画",project,03.26SS2_KeyWords_P2_英日_問題.pdf,プラジェックト,,project,project,,"プロジェクト, 計画",単語,0,原本保持
2887,サンシャイン,SS,2,P2,Koshien,Project in Africa PROGRAM2,PROGRAM2 2-1,P19～P23,19,23,3,1,7,history,歴史,☆,1,,history,歴史,歴史,history,03.26SS2_KeyWords_P2_英日_問題.pdf,ヒスターイー,,history,history,,歴史,単語,0,原本保持
2888,サンシャイン,SS,2,P2,Koshien,Project in Africa PROGRAM2,PROGRAM2 2-1,P19～P23,19,23,3,1,8,Africa,アフリカ,,0,,Africa,アフリカ,アフリカ,Africa,03.26SS2_KeyWords_P2_英日_問題.pdf,アフリカ,,Africa,Africa,,アフリカ,単語,0,原本保持
2889,サンシャイン,SS,2,P2,Koshien,Project in Africa PROGRAM2,PROGRAM2 2-1,P19～P23,19,23,3,1,9,free,"自由な, ひまな",☆,1,,free,"自由な, ひまな","自由な, ひまな",free,03.26SS2_KeyWords_P2_英日_問題.pdf,フリー,,free,free,,"自由な, ひまな",単語,0,原本保持
2890,サンシャイン,SS,2,P2,Koshien,Project in Africa PROGRAM2,PROGRAM2 2-1,P19～P23,19,23,3,1,10,successful,成功した,,0,,successful,成功した,成功した,successful,03.26SS2_KeyWords_P2_英日_問題.pdf,サックセスファル,,successful,successful,,成功した,単語,0,原本保持
2891,サンシャイン,SS,2,P2,Koshien,Project in Africa PROGRAM2,PROGRAM2 2-1,P19～P23,19,23,3,1,11,easy,簡単な,☆,1,,easy,簡単な,簡単な,easy,03.26SS2_KeyWords_P2_英日_問題.pdf,イージ,,easy,easy,,簡単な,単語,0,原本保持
2892,サンシャイン,SS,2,P2,Koshien,Project in Africa PROGRAM2,PROGRAM2 2-1,P19～P23,19,23,3,1,12,passionate,情熱的な,,0,,passionate,情熱的な,情熱的な,passionate,03.26SS2_KeyWords_P2_英日_問題.pdf,パシャナット,,passionate,passionate,,情熱的な,単語,0,原本保持
2893,サンシャイン,SS,2,P2,Koshien,Project in Africa PROGRAM2,PROGRAM2 2-1,P19～P23,19,23,3,1,13,difficult,難しい,☆,1,,difficult,難しい,難しい,difficult,03.26SS2_KeyWords_P2_英日_問題.pdf,ディファックルト,,difficult,difficult,,難しい,単語,0,原本保持
2894,サンシャイン,SS,2,P2,Koshien,Project in Africa PROGRAM2,PROGRAM2 2-1,P19～P23,19,23,3,1,14,around,"~ごろ, およそ",,0,,around,"~ごろ, およそ","~ごろ, およそ",around,03.26SS2_KeyWords_P2_英日_問題.pdf,アラウンド,,around,around,,"~ごろ, およそ",単語,0,原本保持
2895,サンシャイン,SS,2,P2,Koshien,Project in Africa PROGRAM2,PROGRAM2 2-1,P19～P23,19,23,3,1,15,take place,"開催される, 起こる",☆,1,,take place,"開催される, 起こる","開催される, 起こる",take place,03.26SS2_KeyWords_P2_英日_問題.pdf,テイク プレイス,,take place,take place,,"開催される, 起こる",複数語,1,原本保持
2896,サンシャイン,SS,2,P2,Koshien,Project in Africa PROGRAM2,PROGRAM2 2-1,P19～P23,19,23,3,1,16,root for ~,~を応援する,,0,,root for ~,~を応援する,~を応援する,root for ~,03.26SS2_KeyWords_P2_英日_問題.pdf,ルト フォー ～,,root for ~,root for ~,,~を応援する,表現,1,原本保持
2897,サンシャイン,SS,2,P2,Koshien,Project in Africa PROGRAM2,PROGRAM2 2-2,P24,24,24,3,1,17,when,~するとき,☆,1,,when,~するとき,~するとき,when,03.26SS2_KeyWords_P2_英日_問題.pdf,ウェン,,when,when,,~するとき,単語,0,原本保持
2898,サンシャイン,SS,2,P2,Koshien,Project in Africa PROGRAM2,PROGRAM2 2-2,P24,24,24,3,1,18,coach,コーチ[指導]する,,0,,coach,コーチ[指導]する,コーチ[指導]する,coach,03.26SS2_KeyWords_P2_英日_問題.pdf,コチ,,coach,coach,,コーチ[指導]する,単語,0,原本保持
2899,サンシャイン,SS,2,P2,Koshien,Project in Africa PROGRAM2,PROGRAM2 2-2,P24,24,24,3,1,19,believe,"信じる, 思う",☆,1,,believe,"信じる, 思う","信じる, 思う",believe,03.26SS2_KeyWords_P2_英日_問題.pdf,ビリヴ,,believe,believe,,"信じる, 思う",単語,0,原本保持
2900,サンシャイン,SS,2,P2,Koshien,Project in Africa PROGRAM2,PROGRAM2 2-2,P24,24,24,3,1,20,university,大学,,0,,university,大学,大学,university,03.26SS2_KeyWords_P2_英日_問題.pdf,ユナヴァーサティ,,university,university,,大学,単語,0,原本保持
2901,サンシャイン,SS,2,P2,Koshien,Project in Africa PROGRAM2,PROGRAM2 2-2,P24,24,24,3,1,21,peace,平和,☆,1,,peace,平和,平和,peace,03.26SS2_KeyWords_P2_英日_問題.pdf,ピス,,peace,peace,,平和,単語,0,原本保持
2902,サンシャイン,SS,2,P2,Koshien,Project in Africa PROGRAM2,PROGRAM2 2-2,P24,24,24,3,1,22,program,"番組, プログラム",,0,,program,"番組, プログラム","番組, プログラム",program,03.26SS2_KeyWords_P2_英日_問題.pdf,プログラム,,program,program,,"番組, プログラム",単語,0,原本保持
2903,サンシャイン,SS,2,P2,Koshien,Project in Africa PROGRAM2,PROGRAM2 2-2,P24,24,24,3,1,23,create,"作り出す, 生み出す",,0,,create,"作り出す, 生み出す","作り出す, 生み出す",create,03.26SS2_KeyWords_P2_英日_問題.pdf,クリエイト,,create,create,,"作り出す, 生み出す",単語,0,原本保持
2904,サンシャイン,SS,2,P2,Koshien,Project in Africa PROGRAM2,PROGRAM2 2-2,P24,24,24,3,1,24,national,国の,,0,,national,国の,国の,national,03.26SS2_KeyWords_P2_英日_問題.pdf,ナシャナル,,national,national,,国の,単語,0,原本保持
2905,サンシャイン,SS,2,P2,Koshien,Project in Africa PROGRAM2,PROGRAM2 2-3,P25～P28,25,28,3,1,25,if,もし~ならば,☆,1,,if,もし~ならば,もし~ならば,if,03.26SS2_KeyWords_P2_英日_問題.pdf,イフ,,if,if,,もし~ならば,単語,0,原本保持
2906,サンシャイン,SS,2,P2,Koshien,Project in Africa PROGRAM2,PROGRAM2 2-3,P25～P28,25,28,3,1,26,tool,道具,,0,,tool,道具,道具,tool,03.26SS2_KeyWords_P2_英日_問題.pdf,トゥール,,tool,tool,,道具,単語,0,原本保持
2907,サンシャイン,SS,2,P2,Koshien,Project in Africa PROGRAM2,PROGRAM2 2-3,P25～P28,25,28,3,1,27,remember,"覚えている, 思い出す",☆,1,,remember,"覚えている, 思い出す","覚えている, 思い出す",remember,03.26SS2_KeyWords_P2_英日_問題.pdf,リメンバー,,remember,remember,,"覚えている, 思い出す",単語,0,原本保持
2908,サンシャイン,SS,2,P2,Koshien,Project in Africa PROGRAM2,PROGRAM2 2-3,P25～P28,25,28,3,1,28,power,力,,0,,power,力,力,power,03.26SS2_KeyWords_P2_英日_問題.pdf,パウアー,,power,power,,力,単語,0,原本保持
2909,サンシャイン,SS,2,P2,Koshien,Project in Africa PROGRAM2,PROGRAM2 2-3,P25～P28,25,28,3,1,29,learn,"学ぶ, 習う",☆,1,,learn,"学ぶ, 習う","学ぶ, 習う",learn,03.26SS2_KeyWords_P2_英日_問題.pdf,ラーン,,learn,learn,,"学ぶ, 習う",単語,0,原本保持
2910,サンシャイン,SS,2,P2,Koshien,Project in Africa PROGRAM2,PROGRAM2 2-3,P25～P28,25,28,3,1,30,manner,"行儀, マナー",,0,,manner,"行儀, マナー","行儀, マナー",manner,03.26SS2_KeyWords_P2_英日_問題.pdf,マナー,,manner,manner,,"行儀, マナー",単語,0,原本保持
2911,サンシャイン,SS,2,P2,Koshien,Project in Africa PROGRAM2,PROGRAM2 2-3,P25～P28,25,28,3,1,31,through,(手段・経験)を通じて,☆,1,,through,(手段・経験)を通じて,(手段・経験)を通じて,through,03.26SS2_KeyWords_P2_英日_問題.pdf,スルー,,through,through,,(手段・経験)を通じて,単語,0,原本保持
2912,サンシャイン,SS,2,P2,Koshien,Project in Africa PROGRAM2,PROGRAM2 2-3,P25～P28,25,28,3,1,32,goal,"ゴール, 目標",,0,,goal,"ゴール, 目標","ゴール, 目標",goal,03.26SS2_KeyWords_P2_英日_問題.pdf,ゴール,,goal,goal,,"ゴール, 目標",単語,0,原本保持
2913,サンシャイン,SS,2,P2,Koshien,Project in Africa PROGRAM2,PROGRAM2 2-3,P25～P28,25,28,3,1,33,as,~として,☆,1,,as,~として,~として,as,03.26SS2_KeyWords_P2_英日_問題.pdf,アズ,,as,as,,~として,単語,0,原本保持
2914,サンシャイン,SS,2,P2,Koshien,Project in Africa PROGRAM2,PROGRAM2 2-3,P25～P28,25,28,3,1,34,effect,"効果, 影響",,0,,effect,"効果, 影響","効果, 影響",effect,03.26SS2_KeyWords_P2_英日_問題.pdf,イフェックト,,effect,effect,,"効果, 影響",単語,0,原本保持
2915,サンシャイン,SS,2,P2,Koshien,Project in Africa PROGRAM2,PROGRAM2 2-3,P25～P28,25,28,3,1,35,in fact,実際は,☆,1,,in fact,実際は,実際は,in fact,03.26SS2_KeyWords_P2_英日_問題.pdf,イン ファックト,,in fact,in fact,,実際は,複数語,1,原本保持
2916,サンシャイン,SS,2,P2,Koshien,Project in Africa PROGRAM2,PROGRAM2 2-3,P25～P28,25,28,3,1,36,home run,ホームラン,,0,,home run,ホームラン,ホームラン,home run,03.26SS2_KeyWords_P2_英日_問題.pdf,ホーム ラン,,home run,home run,,ホームラン,複数語,1,原本保持
2917,サンシャイン,SS,2,P2,Koshien,Project in Africa PROGRAM2,PROGRAM2 2-3,P25～P28,25,28,3,1,37,foster,育てる,,0,,foster,育てる,育てる,foster,03.26SS2_KeyWords_P2_英日_問題.pdf,ファスター,,foster,foster,,育てる,単語,0,原本保持
2918,サンシャイン,SS,2,P2,Koshien,Project in Africa PROGRAM2,PROGRAM2 2-3,P25～P28,25,28,3,1,38,positive,"よい, 好ましい",,0,,positive,"よい, 好ましい","よい, 好ましい",positive,03.26SS2_KeyWords_P2_英日_問題.pdf,パザティヴ,,positive,positive,,"よい, 好ましい",単語,0,原本保持
2919,サンシャイン,SS,2,P2,Koshien,Project in Africa PROGRAM2,PROGRAM2 2-3,P25～P28,25,28,3,1,39,rain,雨が降る,,0,,rain,雨が降る,雨が降る,rain,03.26SS2_KeyWords_P2_英日_問題.pdf,レイン,,rain,rain,,雨が降る,単語,0,原本保持
2920,サンシャイン,SS,2,P2,Koshien,Project in Africa PROGRAM2,PROGRAM2 2-3,P25～P28,25,28,3,1,40,go cycling,サイクリングに行く,,0,,go cycling,サイクリングに行く,サイクリングに行く,go cycling,03.26SS2_KeyWords_P2_英日_問題.pdf,ゴウ サイクアリング,,go cycling,go cycling,,サイクリングに行く,複数語,1,原本保持
2921,サンシャイン,SS,2,P2,Koshien,Project in Africa PROGRAM2,PROGRAM2 教科書本文,P23～P25,23,25,3,1,41,scarf,"スカーフ, マフラー",,0,,scarf,"スカーフ, マフラー","スカーフ, マフラー",scarf,03.26SS2_KeyWords_P2_英日_問題.pdf,スカーフ,,scarf,scarf,,"スカーフ, マフラー",単語,0,原本保持
2922,サンシャイン,SS,2,P2,Koshien,Project in Africa PROGRAM2,PROGRAM2 教科書本文,P23～P25,23,25,3,1,42,professionally,プロとして,,0,,professionally,プロとして,プロとして,professionally,03.26SS2_KeyWords_P2_英日_問題.pdf,プラフェシャナリ,,professionally,professionally,,プロとして,単語,0,原本保持
2923,サンシャイン,SS,2,P2,Koshien,Project in Africa PROGRAM2,PROGRAM2 教科書本文,P23～P25,23,25,3,1,43,contest,"コンテスト, 競技(会)",,0,,contest,"コンテスト, 競技(会)","コンテスト, 競技(会)",contest,03.26SS2_KeyWords_P2_英日_問題.pdf,カンテスト,,contest,contest,,"コンテスト, 競技(会)",単語,0,原本保持
2924,サンシャイン,SS,2,P2,Koshien,Project in Africa PROGRAM2,PROGRAM2 教科書本文,P23～P25,23,25,3,1,44,sports day,運動会(の日),,0,,sports day,運動会(の日),運動会(の日),sports day,03.26SS2_KeyWords_P2_英日_問題.pdf,スポートス デイ,,sports day,sports day,,運動会(の日),複数語,1,原本保持
2925,サンシャイン,SS,2,P2,Koshien,Project in Africa PROGRAM2,PROGRAM2 教科書本文,P23～P25,23,25,3,1,45,sportsmanship,スポーツマンシップ,,0,,sportsmanship,スポーツマンシップ,スポーツマンシップ,sportsmanship,03.26SS2_KeyWords_P2_英日_問題.pdf,スポートスマンシップ,,sportsmanship,sportsmanship,,スポーツマンシップ,単語,0,原本保持
2926,サンシャイン,SS,2,P2,Koshien,Project in Africa PROGRAM2,PROGRAM2 教科書本文,P23～P25,23,25,3,1,46,Tanzania,タンザニア(東アフリカにある国),,0,,Tanzania,タンザニア(東アフリカにある国),タンザニア(東アフリカにある国),Tanzania,03.26SS2_KeyWords_P2_英日_問題.pdf,タンザニア,,Tanzania,Tanzania,,タンザニア(東アフリカにある国),単語,0,原本保持
2927,サンシャイン,SS,2,P2,Koshien,Project in Africa PROGRAM2,PROGRAM2 教科書本文,P23～P25,23,25,3,1,47,education,教育,,0,,education,教育,教育,education,03.26SS2_KeyWords_P2_英日_問題.pdf,エジャケイシャン,,education,education,,教育,単語,0,原本保持
2928,サンシャイン,SS,2,P2,Koshien,Project in Africa PROGRAM2,PROGRAM2 教科書本文,P23～P25,23,25,3,1,48,South Sudan,南スーダン(東アフリカにある国),,0,,South Sudan,南スーダン(東アフリカにある国),南スーダン(東アフリカにある国),South Sudan,03.26SS2_KeyWords_P2_英日_問題.pdf,サウス スーダン,,South Sudan,South Sudan,,南スーダン(東アフリカにある国),複数語,1,原本保持
2929,サンシャイン,SS,2,P2,Koshien,Project in Africa PROGRAM2,PROGRAM2 教科書本文,P23～P25,23,25,3,1,49,cheering,励ましの,,0,,cheering,励ましの,励ましの,cheering,03.26SS2_KeyWords_P2_英日_問題.pdf,チリング,,cheering,cheering,,励ましの,単語,0,原本保持
2930,サンシャイン,SS,2,P2,Koshien,Project in Africa PROGRAM2,PROGRAM2 教科書本文,P23～P25,23,25,3,1,50,Ghana,ガーナ(西アフリカにある国),,0,,Ghana,ガーナ(西アフリカにある国),ガーナ(西アフリカにある国),Ghana,03.26SS2_KeyWords_P2_英日_問題.pdf,ガーナ,,Ghana,Ghana,,ガーナ(西アフリカにある国),単語,0,原本保持
2931,サンシャイン,SS,2,P2,PROGRAM2 Koshien,Project in Africa,PROGRAM2 2-1～3,P19～P28,19,28,3,2,51,promote,促進する,☆,1,,promote,促進する,促進する,promote,03.26SS2_KeyWords_P2_英日_問題.pdf,プラモト,,promote,promote,,促進する,単語,0,原本保持
2932,サンシャイン,SS,2,P2,PROGRAM2 Koshien,Project in Africa,PROGRAM2 2-1～3,P19～P28,19,28,3,2,52,create,"作り出す, 生み出す",☆,1,,create,"作り出す, 生み出す","作り出す, 生み出す",create,03.26SS2_KeyWords_P2_英日_問題.pdf,クリエイト,,create,create,,"作り出す, 生み出す",単語,0,原本保持
2933,サンシャイン,SS,2,P2,PROGRAM2 Koshien,Project in Africa,PROGRAM2 2-1～3,P19～P28,19,28,3,2,53,project,"プロジェクト, 計画",☆,1,,project,"プロジェクト, 計画","プロジェクト, 計画",project,03.26SS2_KeyWords_P2_英日_問題.pdf,プラジェックト,,project,project,,"プロジェクト, 計画",単語,0,原本保持
2934,サンシャイン,SS,2,P2,PROGRAM2 Koshien,Project in Africa,PROGRAM2 2-1～3,P19～P28,19,28,3,2,54,national,国の,☆,1,,national,国の,国の,national,03.26SS2_KeyWords_P2_英日_問題.pdf,ナシャナル,,national,national,,国の,単語,0,原本保持
2935,サンシャイン,SS,2,P2,PROGRAM2 Koshien,Project in Africa,PROGRAM2 2-1～3,P19～P28,19,28,3,2,55,root for ~,~を応援する,☆,1,,root for ~,~を応援する,~を応援する,root for ~,03.26SS2_KeyWords_P2_英日_問題.pdf,ルト フォー ～,,root for ~,root for ~,,~を応援する,表現,1,原本保持
2936,サンシャイン,SS,2,P2,PROGRAM2 Koshien,Project in Africa,PROGRAM2 2-1～3,P19～P28,19,28,3,2,56,effect,"効果, 影響",☆,1,,effect,"効果, 影響","効果, 影響",effect,03.26SS2_KeyWords_P2_英日_問題.pdf,イフェックト,,effect,effect,,"効果, 影響",単語,0,原本保持
2937,サンシャイン,SS,2,P2,PROGRAM2 Koshien,Project in Africa,Power-Up1 天気予報を聞こう / Step2 魅力を伝えるためのコツを知ろう,"P29,P30",29,30,3,2,57,temperature,"温度, 気温",☆,1,,temperature,"温度, 気温","温度, 気温",temperature,03.26SS2_KeyWords_P2_英日_問題.pdf,テムプラチャー,,temperature,temperature,,"温度, 気温",単語,0,原本保持
2938,サンシャイン,SS,2,P2,PROGRAM2 Koshien,Project in Africa,Power-Up1 天気予報を聞こう / Step2 魅力を伝えるためのコツを知ろう,"P29,P30",29,30,3,2,58,forecast,"予報, 予想",,0,,forecast,"予報, 予想","予報, 予想",forecast,03.26SS2_KeyWords_P2_英日_問題.pdf,フォーカスト,,forecast,forecast,,"予報, 予想",単語,0,原本保持
2939,サンシャイン,SS,2,P2,PROGRAM2 Koshien,Project in Africa,Power-Up1 天気予報を聞こう / Step2 魅力を伝えるためのコツを知ろう,"P29,P30",29,30,3,2,59,the low,"最低気温, 最低値",☆,1,,the low,"最低気温, 最低値","最低気温, 最低値",the low,03.26SS2_KeyWords_P2_英日_問題.pdf,ザ ロ,,the low,the low,,"最低気温, 最低値",複数語,1,原本保持
2940,サンシャイン,SS,2,P2,PROGRAM2 Koshien,Project in Africa,Power-Up1 天気予報を聞こう / Step2 魅力を伝えるためのコツを知ろう,"P29,P30",29,30,3,2,60,degree,度[温度の単位],,0,,degree,度[温度の単位],度[温度の単位],degree,03.26SS2_KeyWords_P2_英日_問題.pdf,ディグリ,,degree,degree,,度[温度の単位],単語,0,原本保持
2941,サンシャイン,SS,2,P2,PROGRAM2 Koshien,Project in Africa,Power-Up1 天気予報を聞こう / Step2 魅力を伝えるためのコツを知ろう,"P29,P30",29,30,3,2,61,the high,"最高気温, 最高値",☆,1,,the high,"最高気温, 最高値","最高気温, 最高値",the high,03.26SS2_KeyWords_P2_英日_問題.pdf,ザ ハイ,,the high,the high,,"最高気温, 最高値",複数語,1,原本保持
2942,サンシャイン,SS,2,P2,PROGRAM2 Koshien,Project in Africa,Power-Up1 天気予報を聞こう / Step2 魅力を伝えるためのコツを知ろう,"P29,P30",29,30,3,2,62,coat,コート,,0,,coat,コート,コート,coat,03.26SS2_KeyWords_P2_英日_問題.pdf,コト,,coat,coat,,コート,単語,0,原本保持
2943,サンシャイン,SS,2,P2,PROGRAM2 Koshien,Project in Africa,Power-Up1 天気予報を聞こう / Step2 魅力を伝えるためのコツを知ろう,"P29,P30",29,30,3,2,63,later,"あとで, 後に",☆,1,,later,"あとで, 後に","あとで, 後に",later,03.26SS2_KeyWords_P2_英日_問題.pdf,レイター,,later,later,,"あとで, 後に",単語,0,原本保持
2944,サンシャイン,SS,2,P2,PROGRAM2 Koshien,Project in Africa,Power-Up1 天気予報を聞こう / Step2 魅力を伝えるためのコツを知ろう,"P29,P30",29,30,3,2,64,windy,"風の強い, 風のある",,0,,windy,"風の強い, 風のある","風の強い, 風のある",windy,03.26SS2_KeyWords_P2_英日_問題.pdf,ウィンディ,,windy,windy,,"風の強い, 風のある",単語,0,原本保持
2945,サンシャイン,SS,2,P2,PROGRAM2 Koshien,Project in Africa,Power-Up1 天気予報を聞こう / Step2 魅力を伝えるためのコツを知ろう,"P29,P30",29,30,3,2,65,shower,にわか雨,,0,,shower,にわか雨,にわか雨,shower,03.26SS2_KeyWords_P2_英日_問題.pdf,シャウアー,,shower,shower,,にわか雨,単語,0,原本保持
2946,サンシャイン,SS,2,P2,PROGRAM2 Koshien,Project in Africa,Power-Up1 天気予報を聞こう / Step2 魅力を伝えるためのコツを知ろう,"P29,P30",29,30,3,2,66,recommend,"勧める, 推薦する",☆,1,,recommend,"勧める, 推薦する","勧める, 推薦する",recommend,03.26SS2_KeyWords_P2_英日_問題.pdf,レカメンド,,recommend,recommend,,"勧める, 推薦する",単語,0,原本保持
2947,サンシャイン,SS,2,P2,PROGRAM2 Koshien,Project in Africa,Power-Up1 天気予報を聞こう / Step2 魅力を伝えるためのコツを知ろう,"P29,P30",29,30,3,2,67,point,"論点, 意見",,0,,point,"論点, 意見","論点, 意見",point,03.26SS2_KeyWords_P2_英日_問題.pdf,ポイント,,point,point,,"論点, 意見",単語,0,原本保持
2948,サンシャイン,SS,2,P2,PROGRAM2 Koshien,Project in Africa,Power-Up1 天気予報を聞こう / Step2 魅力を伝えるためのコツを知ろう,"P29,P30",29,30,3,2,68,revolution,革命,,0,,revolution,革命,革命,revolution,03.26SS2_KeyWords_P2_英日_問題.pdf,レヴァルシャン,,revolution,revolution,,革命,単語,0,原本保持
2949,サンシャイン,SS,2,P2,PROGRAM2 Koshien,Project in Africa,Power-Up1 天気予報を聞こう / Step2 魅力を伝えるためのコツを知ろう,"P29,P30",29,30,3,2,69,raincoat,レインコート,,0,,raincoat,レインコート,レインコート,raincoat,03.26SS2_KeyWords_P2_英日_問題.pdf,レインコト,,raincoat,raincoat,,レインコート,単語,0,原本保持
2950,サンシャイン,SS,2,P3,PROGRAM3,Taste of Culture,PROGRAM3 3-1,P31～P35,31,35,4,1,1,wait,待つ,☆,1,,wait,待つ,待つ,wait,04.26SS2_KeyWords_P3_英日_問題.pdf,ウェイト,,wait,wait,,待つ,単語,0,原本保持
2951,サンシャイン,SS,2,P3,PROGRAM3,Taste of Culture,PROGRAM3 3-1,P31～P35,31,35,4,1,2,taste,"味, 経験",,0,,taste,"味, 経験","味, 経験",taste,04.26SS2_KeyWords_P3_英日_問題.pdf,テイスト,,taste,taste,,"味, 経験",単語,0,原本保持
2952,サンシャイン,SS,2,P3,PROGRAM3,Taste of Culture,PROGRAM3 3-1,P31～P35,31,35,4,1,3,culture,文化,☆,1,,culture,文化,文化,culture,04.26SS2_KeyWords_P3_英日_問題.pdf,カルチャー,,culture,culture,,文化,単語,0,原本保持
2953,サンシャイン,SS,2,P3,PROGRAM3,Taste of Culture,PROGRAM3 3-1,P31～P35,31,35,4,1,4,American,アメリカの,,0,,American,アメリカの,アメリカの,American,04.26SS2_KeyWords_P3_英日_問題.pdf,アメリカン,,American,American,,アメリカの,単語,0,原本保持
2954,サンシャイン,SS,2,P3,PROGRAM3,Taste of Culture,PROGRAM3 3-1,P31～P35,31,35,4,1,5,festival,祭り,,0,,festival,祭り,祭り,festival,04.26SS2_KeyWords_P3_英日_問題.pdf,フェスタヴァル,,festival,festival,,祭り,単語,0,原本保持
2955,サンシャイン,SS,2,P3,PROGRAM3,Taste of Culture,PROGRAM3 3-1,P31～P35,31,35,4,1,6,light,軽い,,0,,light,軽い,軽い,light,04.26SS2_KeyWords_P3_英日_問題.pdf,ライト,,light,light,,軽い,単語,0,原本保持
2956,サンシャイン,SS,2,P3,PROGRAM3,Taste of Culture,PROGRAM3 3-2,P36,36,36,4,1,7,sell,売る,☆,1,,sell,売る,売る,sell,04.26SS2_KeyWords_P3_英日_問題.pdf,セル,,sell,sell,,売る,単語,0,原本保持
2957,サンシャイン,SS,2,P3,PROGRAM3,Taste of Culture,PROGRAM3 3-2,P36,36,36,4,1,8,then,"それから, 次に",,0,,then,"それから, 次に","それから, 次に",then,04.26SS2_KeyWords_P3_英日_問題.pdf,ゼン,,then,then,,"それから, 次に",単語,0,原本保持
2958,サンシャイン,SS,2,P3,PROGRAM3,Taste of Culture,PROGRAM3 3-2,P36,36,36,4,1,9,look forward to ~ing,~することを楽しみに待つ,☆,1,,look forward to ~ing,~することを楽しみに待つ,~することを楽しみに待つ,look forward to ~ing,04.26SS2_KeyWords_P3_英日_問題.pdf,ルック フォーワード トゥ ～イング,,look forward to ~ing,look forward to ~ing,,~することを楽しみに待つ,表現,1,原本保持
2959,サンシャイン,SS,2,P3,PROGRAM3,Taste of Culture,PROGRAM3 3-2,P36,36,36,4,1,10,themselves,彼ら自身,,0,,themselves,彼ら自身,彼ら自身,themselves,04.26SS2_KeyWords_P3_英日_問題.pdf,ゼムセルヴズ,,themselves,themselves,,彼ら自身,単語,0,原本保持
2960,サンシャイン,SS,2,P3,PROGRAM3,Taste of Culture,PROGRAM3 3-2,P36,36,36,4,1,11,for the first time,初めて,☆,1,,for the first time,初めて,初めて,for the first time,04.26SS2_KeyWords_P3_英日_問題.pdf,フォー ザ ファースト タイム,,for the first time,for the first time,,初めて,複数語,1,原本保持
2961,サンシャイン,SS,2,P3,PROGRAM3,Taste of Culture,PROGRAM3 3-2,P36,36,36,4,1,12,sometime soon,そのうちすぐ,,0,,sometime soon,そのうちすぐ,そのうちすぐ,sometime soon,04.26SS2_KeyWords_P3_英日_問題.pdf,サムタイム スーン,,sometime soon,sometime soon,,そのうちすぐ,複数語,1,原本保持
2962,サンシャイン,SS,2,P3,PROGRAM3,Taste of Culture,PROGRAM3 3-2,P36,36,36,4,1,13,earn,"得る, かせぐ",,0,,earn,"得る, かせぐ","得る, かせぐ",earn,04.26SS2_KeyWords_P3_英日_問題.pdf,ン,,earn,earn,,"得る, かせぐ",単語,0,原本保持
2963,サンシャイン,SS,2,P3,PROGRAM3,Taste of Culture,PROGRAM3 3-2,P36,36,36,4,1,14,Here is ~.,これが~です。,,0,,Here is ~.,これが~です。,これが~です。,Here is ~.,04.26SS2_KeyWords_P3_英日_問題.pdf,ヒア イズ ～,,Here is ~.,Here is ~.,,これが~です。,表現,1,原本保持
2964,サンシャイン,SS,2,P3,PROGRAM3,Taste of Culture,PROGRAM3 3-2,P36,36,36,4,1,15,thin,薄い,,0,,thin,薄い,薄い,thin,04.26SS2_KeyWords_P3_英日_問題.pdf,シン,,thin,thin,,薄い,単語,0,原本保持
2965,サンシャイン,SS,2,P3,PROGRAM3,Taste of Culture,PROGRAM3 3-3,P37～P40,37,40,4,1,16,show,"見せる, 教える",☆,1,,show,"見せる, 教える","見せる, 教える",show,04.26SS2_KeyWords_P3_英日_問題.pdf,ショウ,,show,show,,"見せる, 教える",単語,0,原本保持
2966,サンシャイン,SS,2,P3,PROGRAM3,Taste of Culture,PROGRAM3 3-3,P37～P40,37,40,4,1,17,the Netherlands,オランダ,,0,,the Netherlands,オランダ,オランダ,the Netherlands,04.26SS2_KeyWords_P3_英日_問題.pdf,ザ ネザーランズ,,the Netherlands,the Netherlands,,オランダ,複数語,1,原本保持
2967,サンシャイン,SS,2,P3,PROGRAM3,Taste of Culture,PROGRAM3 3-3,P37～P40,37,40,4,1,18,job,仕事,☆,1,,job,仕事,仕事,job,04.26SS2_KeyWords_P3_英日_問題.pdf,ジャブ,,job,job,,仕事,単語,0,原本保持
2968,サンシャイン,SS,2,P3,PROGRAM3,Taste of Culture,PROGRAM3 3-3,P37～P40,37,40,4,1,19,smell,"におい, 香り",,0,,smell,"におい, 香り","におい, 香り",smell,04.26SS2_KeyWords_P3_英日_問題.pdf,スメル,,smell,smell,,"におい, 香り",単語,0,原本保持
2969,サンシャイン,SS,2,P3,PROGRAM3,Taste of Culture,PROGRAM3 3-3,P37～P40,37,40,4,1,20,each,それぞれの,☆,1,,each,それぞれの,それぞれの,each,04.26SS2_KeyWords_P3_英日_問題.pdf,イーチ,,each,each,,それぞれの,単語,0,原本保持
2970,サンシャイン,SS,2,P3,PROGRAM3,Taste of Culture,PROGRAM3 3-3,P37～P40,37,40,4,1,21,bowl,"どんぶり, わん",,0,,bowl,"どんぶり, わん","どんぶり, わん",bowl,04.26SS2_KeyWords_P3_英日_問題.pdf,ボール,,bowl,bowl,,"どんぶり, わん",単語,0,原本保持
2971,サンシャイン,SS,2,P3,PROGRAM3,Taste of Culture,PROGRAM3 3-3,P37～P40,37,40,4,1,22,easily,簡単に,☆,1,,easily,簡単に,簡単に,easily,04.26SS2_KeyWords_P3_英日_問題.pdf,イーザリ,,easily,easily,,簡単に,単語,0,原本保持
2972,サンシャイン,SS,2,P3,PROGRAM3,Taste of Culture,PROGRAM3 3-3,P37～P40,37,40,4,1,23,handmade,手作りの,,0,,handmade,手作りの,手作りの,handmade,04.26SS2_KeyWords_P3_英日_問題.pdf,ハンドメイド,,handmade,handmade,,手作りの,単語,0,原本保持
2973,サンシャイン,SS,2,P3,PROGRAM3,Taste of Culture,PROGRAM3 3-3,P37～P40,37,40,4,1,24,Some A. Others B.,"Aもいれば, Bもいる。",☆,1,,Some A. Others B.,"Aもいれば, Bもいる。","Aもいれば, Bもいる。",Some A. Others B.,04.26SS2_KeyWords_P3_英日_問題.pdf,サム エイ、アザーズ ビー,,Some A. Others B.,Some A. Others B.,,"Aもいれば, Bもいる。",複数語,1,原本保持
2974,サンシャイン,SS,2,P3,PROGRAM3,Taste of Culture,PROGRAM3 3-3,P37～P40,37,40,4,1,25,Dutch,オランダ(人)の,,0,,Dutch,オランダ(人)の,オランダ(人)の,Dutch,04.26SS2_KeyWords_P3_英日_問題.pdf,ダチ,,Dutch,Dutch,,オランダ(人)の,単語,0,原本保持
2975,サンシャイン,SS,2,P3,PROGRAM3,Taste of Culture,PROGRAM3 3-3,P37～P40,37,40,4,1,26,donate,寄付する,,0,,donate,寄付する,寄付する,donate,04.26SS2_KeyWords_P3_英日_問題.pdf,ドネイト,,donate,donate,,寄付する,単語,0,原本保持
2976,サンシャイン,SS,2,P3,PROGRAM3,Taste of Culture,PROGRAM3 3-3,P37～P40,37,40,4,1,27,Good job.,よくやったね。,,0,,Good job.,よくやったね。,よくやったね。,Good job.,04.26SS2_KeyWords_P3_英日_問題.pdf,グッド ジョブ,,Good job.,Good job.,,よくやったね。,複数語,1,原本保持
2977,サンシャイン,SS,2,P3,PROGRAM3,Taste of Culture,PROGRAM3 3-3,P37～P40,37,40,4,1,28,catch,つかまえる,,0,,catch,つかまえる,つかまえる,catch,04.26SS2_KeyWords_P3_英日_問題.pdf,カチ,,catch,catch,,つかまえる,単語,0,原本保持
2978,サンシャイン,SS,2,P3,PROGRAM3,Taste of Culture,PROGRAM3 教科書本文,P35～P37,35,37,4,1,29,cotton candy,綿あめ,,0,,cotton candy,綿あめ,綿あめ,cotton candy,04.26SS2_KeyWords_P3_英日_問題.pdf,カタン カンディ,,cotton candy,cotton candy,,綿あめ,複数語,1,原本保持
2979,サンシャイン,SS,2,P3,PROGRAM3,Taste of Culture,PROGRAM3 教科書本文,P35～P37,35,37,4,1,30,lemonade,レモネード,,0,,lemonade,レモネード,レモネード,lemonade,04.26SS2_KeyWords_P3_英日_問題.pdf,レマネイド,,lemonade,lemonade,,レモネード,単語,0,原本保持
2980,サンシャイン,SS,2,P3,PROGRAM3,Taste of Culture,PROGRAM3 教科書本文,P35～P37,35,37,4,1,31,corn dog,アメリカンドッグ,,0,,corn dog,アメリカンドッグ,アメリカンドッグ,corn dog,04.26SS2_KeyWords_P3_英日_問題.pdf,コーン ドッグ,,corn dog,corn dog,,アメリカンドッグ,複数語,1,原本保持
2981,サンシャイン,SS,2,P3,PROGRAM3,Taste of Culture,PROGRAM3 教科書本文,P35～P37,35,37,4,1,32,toothpick,つまようじ,,0,,toothpick,つまようじ,つまようじ,toothpick,04.26SS2_KeyWords_P3_英日_問題.pdf,トゥスピック,,toothpick,toothpick,,つまようじ,単語,0,原本保持
2982,サンシャイン,SS,2,P3,PROGRAM3,Taste of Culture,PROGRAM3 教科書本文,P35～P37,35,37,4,1,33,scoop up ~,~をすくい上げる,,0,,scoop up ~,~をすくい上げる,~をすくい上げる,scoop up ~,04.26SS2_KeyWords_P3_英日_問題.pdf,スクプ アップ ～,,scoop up ~,scoop up ~,,~をすくい上げる,表現,1,原本保持
2983,サンシャイン,SS,2,P3,PROGRAM3,Taste of Culture,PROGRAM3 3-1～3,P31～P40,31,40,4,1,34,festival,祭り,☆,1,,festival,祭り,祭り,festival,04.26SS2_KeyWords_P3_英日_問題.pdf,フェスタヴァル,,festival,festival,,祭り,単語,0,原本保持
2984,サンシャイン,SS,2,P3,PROGRAM3,Taste of Culture,PROGRAM3 3-1～3,P31～P40,31,40,4,1,35,catch,つかまえる,☆,1,,catch,つかまえる,つかまえる,catch,04.26SS2_KeyWords_P3_英日_問題.pdf,カチ,,catch,catch,,つかまえる,単語,0,原本保持
2985,サンシャイン,SS,2,P3,PROGRAM3,Taste of Culture,PROGRAM3 3-1～3,P31～P40,31,40,4,1,36,sometime soon,そのうちすぐ,☆,1,,sometime soon,そのうちすぐ,そのうちすぐ,sometime soon,04.26SS2_KeyWords_P3_英日_問題.pdf,サムタイム スーン,,sometime soon,sometime soon,,そのうちすぐ,複数語,1,原本保持
2986,サンシャイン,SS,2,P3,PROGRAM3 Taste,of Culture,Our Project4 海外でヒットするラーメンのCMを作ろう,P41～P45,41,45,4,2,37,such as ~,たとえば~など,☆,1,,such as ~,たとえば~など,たとえば~など,such as ~,04.26SS2_KeyWords_P3_英日_問題.pdf,サチ アズ ～,,such as ~,such as ~,,たとえば~など,表現,1,原本保持
2987,サンシャイン,SS,2,P3,PROGRAM3 Taste,of Culture,Our Project4 海外でヒットするラーメンのCMを作ろう,P41～P45,41,45,4,2,38,ingredient,材料,,0,,ingredient,材料,材料,ingredient,04.26SS2_KeyWords_P3_英日_問題.pdf,イングリディント,,ingredient,ingredient,,材料,単語,0,原本保持
2988,サンシャイン,SS,2,P3,PROGRAM3 Taste,of Culture,Our Project4 海外でヒットするラーメンのCMを作ろう,P41～P45,41,45,4,2,39,add,加える,☆,1,,add,加える,加える,add,04.26SS2_KeyWords_P3_英日_問題.pdf,アッド,,add,add,,加える,単語,0,原本保持
2989,サンシャイン,SS,2,P3,PROGRAM3 Taste,of Culture,Our Project4 海外でヒットするラーメンのCMを作ろう,P41～P45,41,45,4,2,40,flour,小麦粉,,0,,flour,小麦粉,小麦粉,flour,04.26SS2_KeyWords_P3_英日_問題.pdf,フラウアー,,flour,flour,,小麦粉,単語,0,原本保持
2990,サンシャイン,SS,2,P3,PROGRAM3 Taste,of Culture,Our Project4 海外でヒットするラーメンのCMを作ろう,P41～P45,41,45,4,2,41,customize,好みに合わせて変える,,0,,customize,好みに合わせて変える,好みに合わせて変える,customize,04.26SS2_KeyWords_P3_英日_問題.pdf,カスタマイズ,,customize,customize,,好みに合わせて変える,単語,0,原本保持
2991,サンシャイン,SS,2,P3,PROGRAM3 Taste,of Culture,Our Project4 海外でヒットするラーメンのCMを作ろう,P41～P45,41,45,4,2,42,farmer,"農場主, 農民",,0,,farmer,"農場主, 農民","農場主, 農民",farmer,04.26SS2_KeyWords_P3_英日_問題.pdf,ファーマー,,farmer,farmer,,"農場主, 農民",単語,0,原本保持
2992,サンシャイン,SS,2,P3,PROGRAM3 Taste,of Culture,Our Project4 海外でヒットするラーメンのCMを作ろう,P41～P45,41,45,4,2,43,slice,(うすく切った)1切れ,,0,,slice,(うすく切った)1切れ,(うすく切った)1切れ,slice,04.26SS2_KeyWords_P3_英日_問題.pdf,スライス,,slice,slice,,(うすく切った)1切れ,単語,0,原本保持
2993,サンシャイン,SS,2,P3,PROGRAM3 Taste,of Culture,Our Project4 海外でヒットするラーメンのCMを作ろう,P41～P45,41,45,4,2,44,amount,量,,0,,amount,量,量,amount,04.26SS2_KeyWords_P3_英日_問題.pdf,アマウント,,amount,amount,,量,単語,0,原本保持
2994,サンシャイン,SS,2,P3,PROGRAM3 Taste,of Culture,Our Project4 海外でヒットするラーメンのCMを作ろう,P41～P45,41,45,4,2,45,cabbage,キャベツ,,0,,cabbage,キャベツ,キャベツ,cabbage,04.26SS2_KeyWords_P3_英日_問題.pdf,カバジ,,cabbage,cabbage,,キャベツ,単語,0,原本保持
2995,サンシャイン,SS,2,P3,PROGRAM3 Taste,of Culture,Our Project4 海外でヒットするラーメンのCMを作ろう,P41～P45,41,45,4,2,46,thick,"こってりした, 濃い",,0,,thick,"こってりした, 濃い","こってりした, 濃い",thick,04.26SS2_KeyWords_P3_英日_問題.pdf,シック,,thick,thick,,"こってりした, 濃い",単語,0,原本保持
2996,サンシャイン,SS,2,P3,PROGRAM3 Taste,of Culture,Our Project4 海外でヒットするラーメンのCMを作ろう,P41～P45,41,45,4,2,47,bean sprout,もやし,,0,,bean sprout,もやし,もやし,bean sprout,04.26SS2_KeyWords_P3_英日_問題.pdf,ビン スプラウト,,bean sprout,bean sprout,,もやし,複数語,1,原本保持
2997,サンシャイン,SS,2,P3,PROGRAM3 Taste,of Culture,Our Project4 海外でヒットするラーメンのCMを作ろう,P41～P45,41,45,4,2,48,spicy,"からい, スパイスのきいた",,0,,spicy,"からい, スパイスのきいた","からい, スパイスのきいた",spicy,04.26SS2_KeyWords_P3_英日_問題.pdf,スパイシ,,spicy,spicy,,"からい, スパイスのきいた",単語,0,原本保持
2998,サンシャイン,SS,2,P3,PROGRAM3 Taste,of Culture,Our Project4 海外でヒットするラーメンのCMを作ろう,P41～P45,41,45,4,2,49,topping,トッピング,,0,,topping,トッピング,トッピング,topping,04.26SS2_KeyWords_P3_英日_問題.pdf,タピング,,topping,topping,,トッピング,単語,0,原本保持
2999,サンシャイン,SS,2,P3,PROGRAM3 Taste,of Culture,Our Project4 海外でヒットするラーメンのCMを作ろう,P41～P45,41,45,4,2,50,soy sauce-flavored,しょうゆ味の,,0,,soy sauce-flavored,しょうゆ味の,しょうゆ味の,soy sauce-flavored,04.26SS2_KeyWords_P3_英日_問題.pdf,ソイ ソス・フレイヴァード,,soy sauce-flavored,soy sauce-flavored,,しょうゆ味の,複数語,1,原本保持
3000,サンシャイン,SS,2,P3,PROGRAM3 Taste,of Culture,Our Project4 海外でヒットするラーメンのCMを作ろう,P41～P45,41,45,4,2,51,spinach,ホウレンソウ,,0,,spinach,ホウレンソウ,ホウレンソウ,spinach,04.26SS2_KeyWords_P3_英日_問題.pdf,スピナチ,,spinach,spinach,,ホウレンソウ,単語,0,原本保持
3001,サンシャイン,SS,2,P3,PROGRAM3 Taste,of Culture,Our Project4 海外でヒットするラーメンのCMを作ろう,P41～P45,41,45,4,2,52,miso-flavored,みそ味の,,0,,miso-flavored,みそ味の,みそ味の,miso-flavored,04.26SS2_KeyWords_P3_英日_問題.pdf,ミソフレーバード,,miso-flavored,miso-flavored,,みそ味の,単語,0,原本保持
3002,サンシャイン,SS,2,P3,PROGRAM3 Taste,of Culture,Our Project4 海外でヒットするラーメンのCMを作ろう,P41～P45,41,45,4,2,53,noodle,めん類,,0,,noodle,めん類,めん類,noodle,04.26SS2_KeyWords_P3_英日_問題.pdf,ヌドル,,noodle,noodle,,めん類,単語,0,原本保持
3003,サンシャイン,SS,2,P3,PROGRAM3 Taste,of Culture,Our Project4 海外でヒットするラーメンのCMを作ろう,P41～P45,41,45,4,2,54,organic,有機栽培の,,0,,organic,有機栽培の,有機栽培の,organic,04.26SS2_KeyWords_P3_英日_問題.pdf,オーガニック,,organic,organic,,有機栽培の,単語,0,原本保持
3004,サンシャイン,SS,2,R1,Reading1,The Three Dolls,Reading1 教科書本文,P46～P49,46,49,5,1,1,could,canの過去形,☆,1,,could,canの過去形,canの過去形,could,05.26SS2_KeyWords_R1_英日_問題.pdf,クッド,,could,could,,canの過去形,単語,0,原本保持
3005,サンシャイン,SS,2,R1,Reading1,The Three Dolls,Reading1 教科書本文,P46～P49,46,49,5,1,2,wire,針金,,0,,wire,針金,針金,wire,05.26SS2_KeyWords_R1_英日_問題.pdf,ワイアー,,wire,wire,,針金,単語,0,原本保持
3006,サンシャイン,SS,2,R1,Reading1,The Three Dolls,Reading1 教科書本文,P46～P49,46,49,5,1,3,arrive,"着く, 到着する",☆,1,,arrive,"着く, 到着する","着く, 到着する",arrive,05.26SS2_KeyWords_R1_英日_問題.pdf,アーアイヴ,,arrive,arrive,,"着く, 到着する",単語,0,原本保持
3007,サンシャイン,SS,2,R1,Reading1,The Three Dolls,Reading1 教科書本文,P46～P49,46,49,5,1,4,Tenali Rama,テナリ・ラマ(人名),,0,,Tenali Rama,テナリ・ラマ(人名),テナリ・ラマ(人名),Tenali Rama,05.26SS2_KeyWords_R1_英日_問題.pdf,テナリ ラーマ,,Tenali Rama,Tenali Rama,,テナリ・ラマ(人名),複数語,1,原本保持
3008,サンシャイン,SS,2,R1,Reading1,The Three Dolls,Reading1 教科書本文,P46～P49,46,49,5,1,5,poor,貧しい,☆,1,,poor,貧しい,貧しい,poor,05.26SS2_KeyWords_R1_英日_問題.pdf,プー,,poor,poor,,貧しい,単語,0,原本保持
3009,サンシャイン,SS,2,R1,Reading1,The Three Dolls,Reading1 教科書本文,P46～P49,46,49,5,1,6,outside,"外部, 外側",,0,,outside,"外部, 外側","外部, 外側",outside,05.26SS2_KeyWords_R1_英日_問題.pdf,アウトサイド,,outside,outside,,"外部, 外側",単語,0,原本保持
3010,サンシャイン,SS,2,R1,Reading1,The Three Dolls,Reading1 教科書本文,P46～P49,46,49,5,1,7,different,"違う, 異なる",☆,1,,different,"違う, 異なる","違う, 異なる",different,05.26SS2_KeyWords_R1_英日_問題.pdf,ディファレント,,different,different,,"違う, 異なる",単語,0,原本保持
3011,サンシャイン,SS,2,R1,Reading1,The Three Dolls,Reading1 教科書本文,P46～P49,46,49,5,1,8,back,背中,,0,,back,背中,背中,back,05.26SS2_KeyWords_R1_英日_問題.pdf,バック,,back,back,,背中,単語,0,原本保持
3012,サンシャイン,SS,2,R1,Reading1,The Three Dolls,Reading1 教科書本文,P46～P49,46,49,5,1,9,for a while,しばらくの間,☆,1,,for a while,しばらくの間,しばらくの間,for a while,05.26SS2_KeyWords_R1_英日_問題.pdf,フォー ア ワイル,,for a while,for a while,,しばらくの間,複数語,1,原本保持
3013,サンシャイン,SS,2,R1,Reading1,The Three Dolls,Reading1 教科書本文,P46～P49,46,49,5,1,10,puzzle,"謎, 難問",,0,,puzzle,"謎, 難問","謎, 難問",puzzle,05.26SS2_KeyWords_R1_英日_問題.pdf,パザル,,puzzle,puzzle,,"謎, 難問",単語,0,原本保持
3014,サンシャイン,SS,2,R1,Reading1,The Three Dolls,Reading1 教科書本文,P46～P49,46,49,5,1,11,couldn't,could notの短縮形,,0,,couldn't,could notの短縮形,could notの短縮形,couldn't,05.26SS2_KeyWords_R1_英日_問題.pdf,クダント,,couldn't,couldn't,,could notの短縮形,短縮形,0,原本保持
3015,サンシャイン,SS,2,R1,Reading1,The Three Dolls,Reading1 教科書本文,P46～P49,46,49,5,1,12,king,王,,0,,king,王,王,king,05.26SS2_KeyWords_R1_英日_問題.pdf,キング,,king,king,,王,単語,0,原本保持
3016,サンシャイン,SS,2,R1,Reading1,The Three Dolls,Reading1 教科書本文,P46～P49,46,49,5,1,13,keep,"守る, 持ち続ける",,0,,keep,"守る, 持ち続ける","守る, 持ち続ける",keep,05.26SS2_KeyWords_R1_英日_問題.pdf,キープ,,keep,keep,,"守る, 持ち続ける",単語,0,原本保持
3017,サンシャイン,SS,2,R1,Reading1,The Three Dolls,Reading1 教科書本文,P46～P49,46,49,5,1,14,gift,贈り物,,0,,gift,贈り物,贈り物,gift,05.26SS2_KeyWords_R1_英日_問題.pdf,ギフト,,gift,gift,,贈り物,単語,0,原本保持
3018,サンシャイン,SS,2,R1,Reading1,The Three Dolls,Reading1 教科書本文,P46～P49,46,49,5,1,15,push,押す,,0,,push,押す,押す,push,05.26SS2_KeyWords_R1_英日_問題.pdf,プシュ,,push,push,,押す,単語,0,原本保持
3019,サンシャイン,SS,2,R1,Reading1,The Three Dolls,Reading1 教科書本文,P46～P49,46,49,5,1,16,doll,人形,,0,,doll,人形,人形,doll,05.26SS2_KeyWords_R1_英日_問題.pdf,ダル,,doll,doll,,人形,単語,0,原本保持
3020,サンシャイン,SS,2,R1,Reading1,The Three Dolls,Reading1 教科書本文,P46～P49,46,49,5,1,17,ask,"頼む, たずねる",,0,,ask,"頼む, たずねる","頼む, たずねる",ask,05.26SS2_KeyWords_R1_英日_問題.pdf,アスク,,ask,ask,,"頼む, たずねる",単語,0,原本保持
3021,サンシャイン,SS,2,R1,Reading1,The Three Dolls,Reading1 教科書本文,P46～P49,46,49,5,1,18,bottom,最下部,,0,,bottom,最下部,最下部,bottom,05.26SS2_KeyWords_R1_英日_問題.pdf,バタム,,bottom,bottom,,最下部,単語,0,原本保持
3022,サンシャイン,SS,2,R1,Reading1,The Three Dolls,Reading1 教科書本文,P46～P49,46,49,5,1,19,secret,秘密,,0,,secret,秘密,秘密,secret,05.26SS2_KeyWords_R1_英日_問題.pdf,シクラット,,secret,secret,,秘密,単語,0,原本保持
3023,サンシャイン,SS,2,R1,Reading1,The Three Dolls,Reading1 教科書本文,P46～P49,46,49,5,1,20,therefore,それゆえに,,0,,therefore,それゆえに,それゆえに,therefore,05.26SS2_KeyWords_R1_英日_問題.pdf,ゼーフォー,,therefore,therefore,,それゆえに,単語,0,原本保持
3024,サンシャイン,SS,2,R1,Reading1,The Three Dolls,Reading1 教科書本文,P46～P49,46,49,5,1,21,news,"ニュース, 知らせ",,0,,news,"ニュース, 知らせ","ニュース, 知らせ",news,05.26SS2_KeyWords_R1_英日_問題.pdf,ヌズ,,news,news,,"ニュース, 知らせ",単語,0,原本保持
3025,サンシャイン,SS,2,R1,Reading1,The Three Dolls,Reading1 教科書本文,P46～P49,46,49,5,1,22,deeply,深く,,0,,deeply,深く,深く,deeply,05.26SS2_KeyWords_R1_英日_問題.pdf,ディプリ,,deeply,deeply,,深く,単語,0,原本保持
3026,サンシャイン,SS,2,R1,Reading1,The Three Dolls,Reading1 教科書本文,P46～P49,46,49,5,1,23,mind,心,,0,,mind,心,心,mind,05.26SS2_KeyWords_R1_英日_問題.pdf,マインド,,mind,mind,,心,単語,0,原本保持
3027,サンシャイン,SS,2,R1,Reading1,The Three Dolls,Reading1 教科書本文,P46～P49,46,49,5,1,24,completely,完全に,,0,,completely,完全に,完全に,completely,05.26SS2_KeyWords_R1_英日_問題.pdf,カムプリトリ,,completely,completely,,完全に,単語,0,原本保持
3028,サンシャイン,SS,2,R1,Reading1,The Three Dolls,Reading1 教科書本文,P46～P49,46,49,5,1,25,message,"メッセージ, 伝言",,0,,message,"メッセージ, 伝言","メッセージ, 伝言",message,05.26SS2_KeyWords_R1_英日_問題.pdf,メサジ,,message,message,,"メッセージ, 伝言",単語,0,原本保持
3029,サンシャイン,SS,2,R1,Reading1,The Three Dolls,Reading1 教科書本文,P46～P49,46,49,5,1,26,inside,~の内部に,,0,,inside,~の内部に,~の内部に,inside,05.26SS2_KeyWords_R1_英日_問題.pdf,インサイド,,inside,inside,,~の内部に,単語,0,原本保持
3030,サンシャイン,SS,2,R1,Reading1,The Three Dolls,Reading1 教科書本文,P46～P49,46,49,5,1,27,lesson,教訓,,0,,lesson,教訓,教訓,lesson,05.26SS2_KeyWords_R1_英日_問題.pdf,レッスン,,lesson,lesson,,教訓,単語,0,原本保持
3031,サンシャイン,SS,2,R1,Reading1,The Three Dolls,Reading1 教科書本文,P46～P49,46,49,5,1,28,carefully,注意深く,,0,,carefully,注意深く,注意深く,carefully,05.26SS2_KeyWords_R1_英日_問題.pdf,ケーファリ,,carefully,carefully,,注意深く,単語,0,原本保持
3032,サンシャイン,SS,2,R1,Reading1,The Three Dolls,Reading1 教科書本文,P46～P49,46,49,5,1,29,heart,"胸, 心臓",,0,,heart,"胸, 心臓","胸, 心臓",heart,05.26SS2_KeyWords_R1_英日_問題.pdf,ハート,,heart,heart,,"胸, 心臓",単語,0,原本保持
3033,サンシャイン,SS,2,R1,Reading1,The Three Dolls,Reading1 教科書本文,P46～P49,46,49,5,1,30,come out of ~,~から出てくる,,0,,come out of ~,~から出てくる,~から出てくる,come out of ~,05.26SS2_KeyWords_R1_英日_問題.pdf,カム アウト オブ ～,,come out of ~,come out of ~,,~から出てくる,表現,1,原本保持
3034,サンシャイン,SS,2,R1,Reading1,The Three Dolls,Reading1 教科書本文,P46～P49,46,49,5,1,31,gossip,"ゴシップ, うわさ話",,0,,gossip,"ゴシップ, うわさ話","ゴシップ, うわさ話",gossip,05.26SS2_KeyWords_R1_英日_問題.pdf,ガサップ,,gossip,gossip,,"ゴシップ, うわさ話",単語,0,原本保持
3035,サンシャイン,SS,2,R1,Reading1,The Three Dolls,Reading1 教科書本文,P46～P49,46,49,5,1,32,a long time ago,"昔々, ずっと前",,0,,a long time ago,"昔々, ずっと前","昔々, ずっと前",a long time ago,05.26SS2_KeyWords_R1_英日_問題.pdf,ア ロング タイム アゴ,,a long time ago,a long time ago,,"昔々, ずっと前",複数語,1,原本保持
3036,サンシャイン,SS,2,R1,Reading1,The Three Dolls,Power-Up2 電話をかけよう,P50,50,50,5,1,33,bring,"持ってくる, 連れてくる",☆,1,,bring,"持ってくる, 連れてくる","持ってくる, 連れてくる",bring,05.26SS2_KeyWords_R1_英日_問題.pdf,ブリング,,bring,bring,,"持ってくる, 連れてくる",単語,0,原本保持
3037,サンシャイン,SS,2,R1,Reading1,The Three Dolls,Power-Up2 電話をかけよう,P50,50,50,5,1,34,help A with B,AのBを手伝う,☆,1,,help A with B,AのBを手伝う,AのBを手伝う,help A with B,05.26SS2_KeyWords_R1_英日_問題.pdf,ヘルプ ア ウィズ ビー,,help A with B,help A with B,,AのBを手伝う,複数語,1,原本保持
3038,サンシャイン,SS,2,R1,Reading1,The Three Dolls,Power-Up2 電話をかけよう,P50,50,50,5,1,35,wrong,間違った,☆,1,,wrong,間違った,間違った,wrong,05.26SS2_KeyWords_R1_英日_問題.pdf,ロング,,wrong,wrong,,間違った,単語,0,原本保持
3039,サンシャイン,SS,2,R1,Reading1,The Three Dolls,Power-Up2 電話をかけよう,P50,50,50,5,1,36,water bottle,水筒,,0,,water bottle,水筒,水筒,water bottle,05.26SS2_KeyWords_R1_英日_問題.pdf,ウォーター バトル,,water bottle,water bottle,,水筒,複数語,1,原本保持
3040,サンシャイン,SS,2,R1,Reading1,The Three Dolls,Power-Up2 電話をかけよう,P50,50,50,5,1,37,Just a moment.,少々お待ちください。,☆,1,,Just a moment.,少々お待ちください。,少々お待ちください。,Just a moment.,05.26SS2_KeyWords_R1_英日_問題.pdf,ジャスト ア モーメント,,Just a moment.,Just a moment.,,少々お待ちください。,複数語,1,原本保持
3041,サンシャイン,SS,2,R1,Reading1,The Three Dolls,Power-Up2 電話をかけよう,P50,50,50,5,1,38,number,(電話・住所などの)番号,,0,,number,(電話・住所などの)番号,(電話・住所などの)番号,number,05.26SS2_KeyWords_R1_英日_問題.pdf,ナムバー,,number,number,,(電話・住所などの)番号,単語,0,原本保持
3042,サンシャイン,SS,2,R1,Reading1,The Three Dolls,Power-Up2 電話をかけよう,P50,50,50,5,1,39,May I ~?,~してもよろしいですか。,☆,1,,May I ~?,~してもよろしいですか。,~してもよろしいですか。,May I ~?,05.26SS2_KeyWords_R1_英日_問題.pdf,メイ アイ ～,,May I ~?,May I ~?,,~してもよろしいですか。,表現,1,原本保持
3043,サンシャイン,SS,2,R1,Reading1,The Three Dolls,Power-Up2 電話をかけよう,P50,50,50,5,1,40,field trip,校外見学,,0,,field trip,校外見学,校外見学,field trip,05.26SS2_KeyWords_R1_英日_問題.pdf,フィールド トリップ,,field trip,field trip,,校外見学,複数語,1,原本保持
3044,サンシャイン,SS,2,R1,Reading1,The Three Dolls,Power-Up2 電話をかけよう,P50,50,50,5,1,41,Hold on.,(電話で)お待ちください。,☆,1,,Hold on.,(電話で)お待ちください。,(電話で)お待ちください。,Hold on.,05.26SS2_KeyWords_R1_英日_問題.pdf,ホールド オン,,Hold on.,Hold on.,,(電話で)お待ちください。,複数語,1,原本保持
3045,サンシャイン,SS,2,P4,Leave,Only Footprints PROGRAM4,PROGRAM4 4-1,P51～P55,51,55,6,1,1,glad,うれしい,☆,1,,glad,うれしい,うれしい,glad,06.26SS2_KeyWords_P4_英日_問題.pdf,グラッド,,glad,glad,,うれしい,単語,0,原本保持
3046,サンシャイン,SS,2,P4,Leave,Only Footprints PROGRAM4,PROGRAM4 4-1,P51～P55,51,55,6,1,2,footprint,足跡,,0,,footprint,足跡,足跡,footprint,06.26SS2_KeyWords_P4_英日_問題.pdf,フットプリント,,footprint,footprint,,足跡,単語,0,原本保持
3047,サンシャイン,SS,2,P4,Leave,Only Footprints PROGRAM4,PROGRAM4 4-1,P51～P55,51,55,6,1,3,actually,"実際に, 実のところ",☆,1,,actually,"実際に, 実のところ","実際に, 実のところ",actually,06.26SS2_KeyWords_P4_英日_問題.pdf,アックチュアリ,,actually,actually,,"実際に, 実のところ",単語,0,原本保持
3048,サンシャイン,SS,2,P4,Leave,Only Footprints PROGRAM4,PROGRAM4 4-1,P51～P55,51,55,6,1,4,true,ほんとうの,,0,,true,ほんとうの,ほんとうの,true,06.26SS2_KeyWords_P4_英日_問題.pdf,トル,,true,true,,ほんとうの,単語,0,原本保持
3049,サンシャイン,SS,2,P4,Leave,Only Footprints PROGRAM4,PROGRAM4 4-1,P51～P55,51,55,6,1,5,hear from ~,~から手紙をもらう,☆,1,,hear from ~,~から手紙をもらう,~から手紙をもらう,hear from ~,06.26SS2_KeyWords_P4_英日_問題.pdf,ヒア フロム ～,,hear from ~,hear from ~,,~から手紙をもらう,表現,1,原本保持
3050,サンシャイン,SS,2,P4,Leave,Only Footprints PROGRAM4,PROGRAM4 4-1,P51～P55,51,55,6,1,6,clear,よく晴れた,,0,,clear,よく晴れた,よく晴れた,clear,06.26SS2_KeyWords_P4_英日_問題.pdf,クリー,,clear,clear,,よく晴れた,単語,0,原本保持
3051,サンシャイン,SS,2,P4,Leave,Only Footprints PROGRAM4,PROGRAM4 4-1,P51～P55,51,55,6,1,7,guide,"案内する, 導く",,0,,guide,"案内する, 導く","案内する, 導く",guide,06.26SS2_KeyWords_P4_英日_問題.pdf,ガイド,,guide,guide,,"案内する, 導く",単語,0,原本保持
3052,サンシャイン,SS,2,P4,Leave,Only Footprints PROGRAM4,PROGRAM4 4-1,P51～P55,51,55,6,1,8,go hiking,ハイキングに行く,,0,,go hiking,ハイキングに行く,ハイキングに行く,go hiking,06.26SS2_KeyWords_P4_英日_問題.pdf,ゴウ ハイキング,,go hiking,go hiking,,ハイキングに行く,複数語,1,原本保持
3053,サンシャイン,SS,2,P4,Leave,Only Footprints PROGRAM4,PROGRAM4 4-1,P51～P55,51,55,6,1,9,deer,シカ,,0,,deer,シカ,シカ,deer,06.26SS2_KeyWords_P4_英日_問題.pdf,ディー,,deer,deer,,シカ,単語,0,原本保持
3054,サンシャイン,SS,2,P4,Leave,Only Footprints PROGRAM4,PROGRAM4 4-2,P56,56,56,6,1,10,must,~しなければならない,☆,1,,must,~しなければならない,~しなければならない,must,06.26SS2_KeyWords_P4_英日_問題.pdf,マスト,,must,must,,~しなければならない,単語,0,原本保持
3055,サンシャイン,SS,2,P4,Leave,Only Footprints PROGRAM4,PROGRAM4 4-2,P56,56,56,6,1,11,garbage,"ごみ, 生ごみ",,0,,garbage,"ごみ, 生ごみ","ごみ, 生ごみ",garbage,06.26SS2_KeyWords_P4_英日_問題.pdf,ガービジ,,garbage,garbage,,"ごみ, 生ごみ",単語,0,原本保持
3056,サンシャイン,SS,2,P4,Leave,Only Footprints PROGRAM4,PROGRAM4 4-2,P56,56,56,6,1,12,mustn't,must notの短縮形,☆,1,,mustn't,must notの短縮形,must notの短縮形,mustn't,06.26SS2_KeyWords_P4_英日_問題.pdf,マサント,,mustn't,mustn't,,must notの短縮形,短縮形,0,原本保持
3057,サンシャイン,SS,2,P4,Leave,Only Footprints PROGRAM4,PROGRAM4 4-2,P56,56,56,6,1,13,forest,森,,0,,forest,森,森,forest,06.26SS2_KeyWords_P4_英日_問題.pdf,フォラスト,,forest,forest,,森,単語,0,原本保持
3058,サンシャイン,SS,2,P4,Leave,Only Footprints PROGRAM4,PROGRAM4 4-2,P56,56,56,6,1,14,protect,守る,☆,1,,protect,守る,守る,protect,06.26SS2_KeyWords_P4_英日_問題.pdf,プラテックト,,protect,protect,,守る,単語,0,原本保持
3059,サンシャイン,SS,2,P4,Leave,Only Footprints PROGRAM4,PROGRAM4 4-2,P56,56,56,6,1,15,potato chip,ポテトチップ,,0,,potato chip,ポテトチップ,ポテトチップ,potato chip,06.26SS2_KeyWords_P4_英日_問題.pdf,パテイト チップ,,potato chip,potato chip,,ポテトチップ,複数語,1,原本保持
3060,サンシャイン,SS,2,P4,Leave,Only Footprints PROGRAM4,PROGRAM4 4-2,P56,56,56,6,1,16,first of all,何よりもまず,☆,1,,first of all,何よりもまず,何よりもまず,first of all,06.26SS2_KeyWords_P4_英日_問題.pdf,ファースト オブ オール,,first of all,first of all,,何よりもまず,複数語,1,原本保持
3061,サンシャイン,SS,2,P4,Leave,Only Footprints PROGRAM4,PROGRAM4 4-2,P56,56,56,6,1,17,hallway,廊下,,0,,hallway,廊下,廊下,hallway,06.26SS2_KeyWords_P4_英日_問題.pdf,ホールウェイ,,hallway,hallway,,廊下,単語,0,原本保持
3062,サンシャイン,SS,2,P4,Leave,Only Footprints PROGRAM4,PROGRAM4 4-2,P56,56,56,6,1,18,turn down ~,(音量を)下げる,☆,1,,turn down ~,(音量を)下げる,(音量を)下げる,turn down ~,06.26SS2_KeyWords_P4_英日_問題.pdf,ターン ダウン ～,,turn down ~,turn down ~,,(音量を)下げる,表現,1,原本保持
3063,サンシャイン,SS,2,P4,Leave,Only Footprints PROGRAM4,PROGRAM4 4-2,P56,56,56,6,1,19,volume,"ボリューム, 音量",,0,,volume,"ボリューム, 音量","ボリューム, 音量",volume,06.26SS2_KeyWords_P4_英日_問題.pdf,ヴァルユム,,volume,volume,,"ボリューム, 音量",単語,0,原本保持
3064,サンシャイン,SS,2,P4,Leave,Only Footprints PROGRAM4,PROGRAM4 4-2,P56,56,56,6,1,20,trouble,困ったこと,,0,,trouble,困ったこと,困ったこと,trouble,06.26SS2_KeyWords_P4_英日_問題.pdf,トラッブル,,trouble,trouble,,困ったこと,単語,0,原本保持
3065,サンシャイン,SS,2,P4,Leave,Only Footprints PROGRAM4,PROGRAM4 4-2,P56,56,56,6,1,21,emotional,"感動的な, 感情に訴える",,0,,emotional,"感動的な, 感情に訴える","感動的な, 感情に訴える",emotional,06.26SS2_KeyWords_P4_英日_問題.pdf,イモシャナル,,emotional,emotional,,"感動的な, 感情に訴える",単語,0,原本保持
3066,サンシャイン,SS,2,P4,Leave,Only Footprints PROGRAM4,PROGRAM4 4-2,P56,56,56,6,1,22,rule,"規則, ルール",,0,,rule,"規則, ルール","規則, ルール",rule,06.26SS2_KeyWords_P4_英日_問題.pdf,ルール,,rule,rule,,"規則, ルール",単語,0,原本保持
3067,サンシャイン,SS,2,P4,Leave,Only Footprints PROGRAM4,PROGRAM4 4-3,P57～P60,57,60,6,1,23,build,"建てる, 作る",☆,1,,build,"建てる, 作る","建てる, 作る",build,06.26SS2_KeyWords_P4_英日_問題.pdf,ビルド,,build,build,,"建てる, 作る",単語,0,原本保持
3068,サンシャイン,SS,2,P4,Leave,Only Footprints PROGRAM4,PROGRAM4 4-3,P57～P60,57,60,6,1,24,school trip,修学旅行,,0,,school trip,修学旅行,修学旅行,school trip,06.26SS2_KeyWords_P4_英日_問題.pdf,スクール トリップ,,school trip,school trip,,修学旅行,複数語,1,原本保持
3069,サンシャイン,SS,2,P4,Leave,Only Footprints PROGRAM4,PROGRAM4 4-3,P57～P60,57,60,6,1,25,own,自分自身の,☆,1,,own,自分自身の,自分自身の,own,06.26SS2_KeyWords_P4_英日_問題.pdf,オウン,,own,own,,自分自身の,単語,0,原本保持
3070,サンシャイン,SS,2,P4,Leave,Only Footprints PROGRAM4,PROGRAM4 4-3,P57～P60,57,60,6,1,26,noise,"騒音, 物音",,0,,noise,"騒音, 物音","騒音, 物音",noise,06.26SS2_KeyWords_P4_英日_問題.pdf,ノイズ,,noise,noise,,"騒音, 物音",単語,0,原本保持
3071,サンシャイン,SS,2,P4,Leave,Only Footprints PROGRAM4,PROGRAM4 4-3,P57～P60,57,60,6,1,27,by,(時間・期日)までに,☆,1,,by,(時間・期日)までに,(時間・期日)までに,by,06.26SS2_KeyWords_P4_英日_問題.pdf,バイ,,by,by,,(時間・期日)までに,単語,0,原本保持
3072,サンシャイン,SS,2,P4,Leave,Only Footprints PROGRAM4,PROGRAM4 4-3,P57～P60,57,60,6,1,28,list,"リスト, 一覧表",,0,,list,"リスト, 一覧表","リスト, 一覧表",list,06.26SS2_KeyWords_P4_英日_問題.pdf,リスト,,list,list,,"リスト, 一覧表",単語,0,原本保持
3073,サンシャイン,SS,2,P4,Leave,Only Footprints PROGRAM4,PROGRAM4 4-3,P57～P60,57,60,6,1,29,on time,時間どおりに,☆,1,,on time,時間どおりに,時間どおりに,on time,06.26SS2_KeyWords_P4_英日_問題.pdf,オン タイム,,on time,on time,,時間どおりに,複数語,1,原本保持
3074,サンシャイン,SS,2,P4,Leave,Only Footprints PROGRAM4,PROGRAM4 4-3,P57～P60,57,60,6,1,30,engineer,"技術者, エンジニア",,0,,engineer,"技術者, エンジニア","技術者, エンジニア",engineer,06.26SS2_KeyWords_P4_英日_問題.pdf,エンジャニー,,engineer,engineer,,"技術者, エンジニア",単語,0,原本保持
3075,サンシャイン,SS,2,P4,Leave,Only Footprints PROGRAM4,PROGRAM4 4-3,P57～P60,57,60,6,1,31,go to bed,寝る,☆,1,,go to bed,寝る,寝る,go to bed,06.26SS2_KeyWords_P4_英日_問題.pdf,ゴウ トゥ ベッド,,go to bed,go to bed,,寝る,複数語,1,原本保持
3076,サンシャイン,SS,2,P4,Leave,Only Footprints PROGRAM4,PROGRAM4 4-3,P57～P60,57,60,6,1,32,dam,ダム,,0,,dam,ダム,ダム,dam,06.26SS2_KeyWords_P4_英日_問題.pdf,ダム,,dam,dam,,ダム,単語,0,原本保持
3077,サンシャイン,SS,2,P4,Leave,Only Footprints PROGRAM4,PROGRAM4 4-3,P57～P60,57,60,6,1,33,cover,おおう,,0,,cover,おおう,おおう,cover,06.26SS2_KeyWords_P4_英日_問題.pdf,カヴァー,,cover,cover,,おおう,単語,0,原本保持
3078,サンシャイン,SS,2,P4,Leave,Only Footprints PROGRAM4,PROGRAM4 4-3,P57～P60,57,60,6,1,34,hood,(上着の)フード,,0,,hood,(上着の)フード,(上着の)フード,hood,06.26SS2_KeyWords_P4_英日_問題.pdf,フッド,,hood,hood,,(上着の)フード,単語,0,原本保持
3079,サンシャイン,SS,2,P4,Leave,Only Footprints PROGRAM4,PROGRAM4 4-3,P57～P60,57,60,6,1,35,snack,"おやつ, 軽食",,0,,snack,"おやつ, 軽食","おやつ, 軽食",snack,06.26SS2_KeyWords_P4_英日_問題.pdf,スナック,,snack,snack,,"おやつ, 軽食",単語,0,原本保持
3080,サンシャイン,SS,2,P4,Leave,Only Footprints PROGRAM4,PROGRAM4 4-3,P57～P60,57,60,6,1,36,loud,"(音・声が)大きな, そうぞうしい",,0,,loud,"(音・声が)大きな, そうぞうしい","(音・声が)大きな, そうぞうしい",loud,06.26SS2_KeyWords_P4_英日_問題.pdf,ラウド,,loud,loud,,"(音・声が)大きな, そうぞうしい",単語,0,原本保持
3081,サンシャイン,SS,2,P4,Leave,Only Footprints PROGRAM4,PROGRAM4 4-3,P57～P60,57,60,6,1,37,shampoo,シャンプー,,0,,shampoo,シャンプー,シャンプー,shampoo,06.26SS2_KeyWords_P4_英日_問題.pdf,シャムプ,,shampoo,shampoo,,シャンプー,単語,0,原本保持
3082,サンシャイン,SS,2,P4,Leave,Only Footprints PROGRAM4,PROGRAM4 4-3,P57～P60,57,60,6,1,38,cut down ~,~を切り倒す,,0,,cut down ~,~を切り倒す,~を切り倒す,cut down ~,06.26SS2_KeyWords_P4_英日_問題.pdf,カット ダウン ～,,cut down ~,cut down ~,,~を切り倒す,表現,1,原本保持
3083,サンシャイン,SS,2,P4,Leave,Only Footprints PROGRAM4,PROGRAM4 教科書本文,P55～P57,55,57,6,1,39,guitarist,ギタリスト,,0,,guitarist,ギタリスト,ギタリスト,guitarist,06.26SS2_KeyWords_P4_英日_問題.pdf,ギタリスト,,guitarist,guitarist,,ギタリスト,単語,0,原本保持
3084,サンシャイン,SS,2,P4,Leave,Only Footprints PROGRAM4,PROGRAM4 教科書本文,P55～P57,55,57,6,1,40,beaver,ビーバー,,0,,beaver,ビーバー,ビーバー,beaver,06.26SS2_KeyWords_P4_英日_問題.pdf,ビヴァー,,beaver,beaver,,ビーバー,単語,0,原本保持
3085,サンシャイン,SS,2,P4,Leave,Only Footprints PROGRAM4,PROGRAM4 教科書本文,P55～P57,55,57,6,1,41,breathtaking,"すごい, 息をのむような",,0,,breathtaking,"すごい, 息をのむような","すごい, 息をのむような",breathtaking,06.26SS2_KeyWords_P4_英日_問題.pdf,ブレステイキング,,breathtaking,breathtaking,,"すごい, 息をのむような",単語,0,原本保持
3086,サンシャイン,SS,2,P4,Leave,Only Footprints PROGRAM4,PROGRAM4 教科書本文,P55～P57,55,57,6,1,42,Right.,そのとおり。,,0,,Right.,そのとおり。,そのとおり。,Right.,06.26SS2_KeyWords_P4_英日_問題.pdf,ライト,,Right.,Right.,,そのとおり。,単語,0,原本保持
3087,サンシャイン,SS,2,P4,Leave,Only Footprints PROGRAM4,PROGRAM4 教科書本文,P55～P57,55,57,6,1,43,lodge,"(ビーバーなどの)巣, 山小屋",,0,,lodge,"(ビーバーなどの)巣, 山小屋","(ビーバーなどの)巣, 山小屋",lodge,06.26SS2_KeyWords_P4_英日_問題.pdf,ラジ,,lodge,lodge,,"(ビーバーなどの)巣, 山小屋",単語,0,原本保持
3088,サンシャイン,SS,2,P4,Leave,Only Footprints PROGRAM4,PROGRAM4 教科書本文,P55～P57,55,57,6,1,44,Eric,エリック(男性の名),,0,,Eric,エリック(男性の名),エリック(男性の名),Eric,06.26SS2_KeyWords_P4_英日_問題.pdf,エリック,,Eric,Eric,,エリック(男性の名),単語,0,原本保持
3089,サンシャイン,SS,2,P4,PROGRAM4 Leave,Only Footprints,PROGRAM4 4-1～3,P51～P60,51,60,6,2,45,true,ほんとうの,☆,1,,true,ほんとうの,ほんとうの,true,06.26SS2_KeyWords_P4_英日_問題.pdf,トル,,true,true,,ほんとうの,単語,0,原本保持
3090,サンシャイン,SS,2,P4,PROGRAM4 Leave,Only Footprints,PROGRAM4 4-1～3,P51～P60,51,60,6,2,46,garbage,"ごみ, 生ごみ",☆,1,,garbage,"ごみ, 生ごみ","ごみ, 生ごみ",garbage,06.26SS2_KeyWords_P4_英日_問題.pdf,ガービジ,,garbage,garbage,,"ごみ, 生ごみ",単語,0,原本保持
3091,サンシャイン,SS,2,P4,PROGRAM4 Leave,Only Footprints,PROGRAM4 4-1～3,P51～P60,51,60,6,2,47,trouble,困ったこと,☆,1,,trouble,困ったこと,困ったこと,trouble,06.26SS2_KeyWords_P4_英日_問題.pdf,トラッブル,,trouble,trouble,,困ったこと,単語,0,原本保持
3092,サンシャイン,SS,2,P4,PROGRAM4 Leave,Only Footprints,PROGRAM4 4-1～3,P51～P60,51,60,6,2,48,forest,森,☆,1,,forest,森,森,forest,06.26SS2_KeyWords_P4_英日_問題.pdf,フォラスト,,forest,forest,,森,単語,0,原本保持
3093,サンシャイン,SS,2,P4,PROGRAM4 Leave,Only Footprints,PROGRAM4 4-1～3,P51～P60,51,60,6,2,49,rule,"規則, ルール",☆,1,,rule,"規則, ルール","規則, ルール",rule,06.26SS2_KeyWords_P4_英日_問題.pdf,ルール,,rule,rule,,"規則, ルール",単語,0,原本保持
3094,サンシャイン,SS,2,P4,PROGRAM4 Leave,Only Footprints,PROGRAM4 4-1～3,P51～P60,51,60,6,2,50,cover,おおう,☆,1,,cover,おおう,おおう,cover,06.26SS2_KeyWords_P4_英日_問題.pdf,カヴァー,,cover,cover,,おおう,単語,0,原本保持
3095,サンシャイン,SS,2,P4,PROGRAM4 Leave,Only Footprints,Power-Up3 レストランで食事をしよう / Step3 わかりやすい見出しをつけよう,"P61,P64",61,64,6,2,51,order,注文する,☆,1,,order,注文する,注文する,order,06.26SS2_KeyWords_P4_英日_問題.pdf,オーダー,,order,order,,注文する,単語,0,原本保持
3096,サンシャイン,SS,2,P4,PROGRAM4 Leave,Only Footprints,Power-Up3 レストランで食事をしよう / Step3 わかりやすい見出しをつけよう,"P61,P64",61,64,6,2,52,medium,(肉の焼き方が)ミディアムの,,0,,medium,(肉の焼き方が)ミディアムの,(肉の焼き方が)ミディアムの,medium,06.26SS2_KeyWords_P4_英日_問題.pdf,ミディム,,medium,medium,,(肉の焼き方が)ミディアムの,単語,0,原本保持
3097,サンシャイン,SS,2,P4,PROGRAM4 Leave,Only Footprints,Power-Up3 レストランで食事をしよう / Step3 わかりやすい見出しをつけよう,"P61,P64",61,64,6,2,53,be ready to ~,~する準備ができている,☆,1,,be ready to ~,~する準備ができている,~する準備ができている,be ready to ~,06.26SS2_KeyWords_P4_英日_問題.pdf,ビー レディ トゥ ～,,be ready to ~,be ready to ~,,~する準備ができている,表現,1,原本保持
3098,サンシャイン,SS,2,P4,PROGRAM4 Leave,Only Footprints,Power-Up3 レストランで食事をしよう / Step3 わかりやすい見出しをつけよう,"P61,P64",61,64,6,2,54,well-done,(肉が)よく焼けた,,0,,well-done,(肉が)よく焼けた,(肉が)よく焼けた,well-done,06.26SS2_KeyWords_P4_英日_問題.pdf,ウェル・ダン,,well-done,well-done,,(肉が)よく焼けた,単語,0,原本保持
3099,サンシャイン,SS,2,P4,PROGRAM4 Leave,Only Footprints,Power-Up3 レストランで食事をしよう / Step3 わかりやすい見出しをつけよう,"P61,P64",61,64,6,2,55,share,分け合う,,0,,share,分け合う,分け合う,share,06.26SS2_KeyWords_P4_英日_問題.pdf,シェー,,share,share,,分け合う,単語,0,原本保持
3100,サンシャイン,SS,2,P4,PROGRAM4 Leave,Only Footprints,Power-Up3 レストランで食事をしよう / Step3 わかりやすい見出しをつけよう,"P61,P64",61,64,6,2,56,exercise,運動する,☆,1,,exercise,運動する,運動する,exercise,06.26SS2_KeyWords_P4_英日_問題.pdf,エックサーサイズ,,exercise,exercise,,運動する,単語,0,原本保持
3101,サンシャイン,SS,2,P4,PROGRAM4 Leave,Only Footprints,Power-Up3 レストランで食事をしよう / Step3 わかりやすい見出しをつけよう,"P61,P64",61,64,6,2,57,way,方向,,0,,way,方向,方向,way,06.26SS2_KeyWords_P4_英日_問題.pdf,ウェイ,,way,way,,方向,単語,0,原本保持
3102,サンシャイン,SS,2,P4,PROGRAM4 Leave,Only Footprints,Power-Up3 レストランで食事をしよう / Step3 わかりやすい見出しをつけよう,"P61,P64",61,64,6,2,58,for free,無料で,☆,1,,for free,無料で,無料で,for free,06.26SS2_KeyWords_P4_英日_問題.pdf,フォー フリー,,for free,for free,,無料で,複数語,1,原本保持
3103,サンシャイン,SS,2,P4,PROGRAM4 Leave,Only Footprints,Power-Up3 レストランで食事をしよう / Step3 わかりやすい見出しをつけよう,"P61,P64",61,64,6,2,59,table,テーブル,,0,,table,テーブル,テーブル,table,06.26SS2_KeyWords_P4_英日_問題.pdf,テイブル,,table,table,,テーブル,単語,0,原本保持
3104,サンシャイン,SS,2,P4,PROGRAM4 Leave,Only Footprints,Power-Up3 レストランで食事をしよう / Step3 わかりやすい見出しをつけよう,"P61,P64",61,64,6,2,60,earth,地球,,0,,earth,地球,地球,earth,06.26SS2_KeyWords_P4_英日_問題.pdf,ス,,earth,earth,,地球,単語,0,原本保持
3105,サンシャイン,SS,2,P4,PROGRAM4 Leave,Only Footprints,Power-Up3 レストランで食事をしよう / Step3 わかりやすい見出しをつけよう,"P61,P64",61,64,6,2,61,party,"一行, 集団",,0,,party,"一行, 集団","一行, 集団",party,06.26SS2_KeyWords_P4_英日_問題.pdf,パーティ,,party,party,,"一行, 集団",単語,0,原本保持
3106,サンシャイン,SS,2,P4,PROGRAM4 Leave,Only Footprints,Power-Up3 レストランで食事をしよう / Step3 わかりやすい見出しをつけよう,"P61,P64",61,64,6,2,62,save,"救う, 守る",,0,,save,"救う, 守る","救う, 守る",save,06.26SS2_KeyWords_P4_英日_問題.pdf,セイヴ,,save,save,,"救う, 守る",単語,0,原本保持
3107,サンシャイン,SS,2,P4,PROGRAM4 Leave,Only Footprints,Power-Up3 レストランで食事をしよう / Step3 わかりやすい見出しをつけよう,"P61,P64",61,64,6,2,63,onion,タマネギ,,0,,onion,タマネギ,タマネギ,onion,06.26SS2_KeyWords_P4_英日_問題.pdf,アンヤン,,onion,onion,,タマネギ,単語,0,原本保持
3108,サンシャイン,SS,2,P4,PROGRAM4 Leave,Only Footprints,Power-Up3 レストランで食事をしよう / Step3 わかりやすい見出しをつけよう,"P61,P64",61,64,6,2,64,machine,"機械, 器具",,0,,machine,"機械, 器具","機械, 器具",machine,06.26SS2_KeyWords_P4_英日_問題.pdf,マシン,,machine,machine,,"機械, 器具",単語,0,原本保持
3109,サンシャイン,SS,2,P4,PROGRAM4 Leave,Only Footprints,Power-Up3 レストランで食事をしよう / Step3 わかりやすい見出しをつけよう,"P61,P64",61,64,6,2,65,rare,"(肉の焼き方が)レアの, 生焼けの",,0,,rare,"(肉の焼き方が)レアの, 生焼けの","(肉の焼き方が)レアの, 生焼けの",rare,06.26SS2_KeyWords_P4_英日_問題.pdf,レー,,rare,rare,,"(肉の焼き方が)レアの, 生焼けの",単語,0,原本保持
3110,サンシャイン,SS,2,P4,PROGRAM4 Leave,Only Footprints,Power-Up3 レストランで食事をしよう / Step3 わかりやすい見出しをつけよう,"P61,P64",61,64,6,2,66,twenty-four seven,"いつでも, 四六時中",,0,,twenty-four seven,"いつでも, 四六時中","いつでも, 四六時中",twenty-four seven,06.26SS2_KeyWords_P4_英日_問題.pdf,トゥエンティ・フォー セブン,,twenty-four seven,twenty-four seven,,"いつでも, 四六時中",複数語,1,原本保持
3111,サンシャイン,SS,2,P5,Work,Experience PROGRAM5,PROGRAM5 5-1,P65～P69,65,69,7,1,1,how to ~,~のしかた,☆,1,,how to ~,~のしかた,~のしかた,how to ~,07.26SS2_KeyWords_P5_英日_問題.pdf,ハウ トゥ ～,,how to ~,how to ~,,~のしかた,表現,1,原本保持
3112,サンシャイン,SS,2,P5,Work,Experience PROGRAM5,PROGRAM5 5-1,P65～P69,65,69,7,1,2,drop,落とす,,0,,drop,落とす,落とす,drop,07.26SS2_KeyWords_P5_英日_問題.pdf,ドラプ,,drop,drop,,落とす,単語,0,原本保持
3113,サンシャイン,SS,2,P5,Work,Experience PROGRAM5,PROGRAM5 5-1,P65～P69,65,69,7,1,3,what to ~,何を~したらよいか,☆,1,,what to ~,何を~したらよいか,何を~したらよいか,what to ~,07.26SS2_KeyWords_P5_英日_問題.pdf,ワット トゥ ～,,what to ~,what to ~,,何を~したらよいか,表現,1,原本保持
3114,サンシャイン,SS,2,P5,Work,Experience PROGRAM5,PROGRAM5 5-1,P65～P69,65,69,7,1,4,blame,"責める, 非難する",,0,,blame,"責める, 非難する","責める, 非難する",blame,07.26SS2_KeyWords_P5_英日_問題.pdf,ブレイム,,blame,blame,,"責める, 非難する",単語,0,原本保持
3115,サンシャイン,SS,2,P5,Work,Experience PROGRAM5,PROGRAM5 5-1,P65～P69,65,69,7,1,5,when to ~,いつ~したらよいか,☆,1,,when to ~,いつ~したらよいか,いつ~したらよいか,when to ~,07.26SS2_KeyWords_P5_英日_問題.pdf,ウェン トゥ ～,,when to ~,when to ~,,いつ~したらよいか,表現,1,原本保持
3116,サンシャイン,SS,2,P5,Work,Experience PROGRAM5,PROGRAM5 5-1,P65～P69,65,69,7,1,6,shelf-shelves,たな[単数形-複数形],,0,,shelf-shelves,たな[単数形-複数形],たな[単数形-複数形],shelf-shelves,07.26SS2_KeyWords_P5_英日_問題.pdf,シェルフ・シェルヴズ,,shelf-shelves,shelf-shelves,,たな[単数形-複数形],単語,0,原本保持
3117,サンシャイン,SS,2,P5,Work,Experience PROGRAM5,PROGRAM5 5-1,P65～P69,65,69,7,1,7,where to ~,どこで[へ]~したらよいか,☆,1,,where to ~,どこで[へ]~したらよいか,どこで[へ]~したらよいか,where to ~,07.26SS2_KeyWords_P5_英日_問題.pdf,ウェア トゥ ～,,where to ~,where to ~,,どこで[へ]~したらよいか,表現,1,原本保持
3118,サンシャイン,SS,2,P5,Work,Experience PROGRAM5,PROGRAM5 5-1,P65～P69,65,69,7,1,8,pack,"1箱, 1パック",,0,,pack,"1箱, 1パック","1箱, 1パック",pack,07.26SS2_KeyWords_P5_英日_問題.pdf,パック,,pack,pack,,"1箱, 1パック",単語,0,原本保持
3119,サンシャイン,SS,2,P5,Work,Experience PROGRAM5,PROGRAM5 5-1,P65～P69,65,69,7,1,9,by mistake,"誤って, 間違って",☆,1,,by mistake,"誤って, 間違って","誤って, 間違って",by mistake,07.26SS2_KeyWords_P5_英日_問題.pdf,バイ ミステイク,,by mistake,by mistake,,"誤って, 間違って",複数語,1,原本保持
3120,サンシャイン,SS,2,P5,Work,Experience PROGRAM5,PROGRAM5 5-1,P65～P69,65,69,7,1,10,chess,チェス,,0,,chess,チェス,チェス,chess,07.26SS2_KeyWords_P5_英日_問題.pdf,チェス,,chess,chess,,チェス,単語,0,原本保持
3121,サンシャイン,SS,2,P5,Work,Experience PROGRAM5,PROGRAM5 5-1,P65～P69,65,69,7,1,11,treat,扱う,,0,,treat,扱う,扱う,treat,07.26SS2_KeyWords_P5_英日_問題.pdf,トリト,,treat,treat,,扱う,単語,0,原本保持
3122,サンシャイン,SS,2,P5,Work,Experience PROGRAM5,PROGRAM5 5-1,P65～P69,65,69,7,1,12,tablet,タブレット,,0,,tablet,タブレット,タブレット,tablet,07.26SS2_KeyWords_P5_英日_問題.pdf,タブラット,,tablet,tablet,,タブレット,単語,0,原本保持
3123,サンシャイン,SS,2,P5,Work,Experience PROGRAM5,PROGRAM5 5-1,P65～P69,65,69,7,1,13,place,置く,,0,,place,置く,置く,place,07.26SS2_KeyWords_P5_英日_問題.pdf,プレイス,,place,place,,置く,単語,0,原本保持
3124,サンシャイン,SS,2,P5,Work,Experience PROGRAM5,PROGRAM5 5-1,P65～P69,65,69,7,1,14,kindly,親切に,,0,,kindly,親切に,親切に,kindly,07.26SS2_KeyWords_P5_英日_問題.pdf,カインドリ,,kindly,kindly,,親切に,単語,0,原本保持
3125,サンシャイン,SS,2,P5,Work,Experience PROGRAM5,PROGRAM5 5-2,P70,70,70,7,1,15,become,~になる,☆,1,,become,~になる,~になる,become,07.26SS2_KeyWords_P5_英日_問題.pdf,ビカム,,become,become,,~になる,単語,0,原本保持
3126,サンシャイン,SS,2,P5,Work,Experience PROGRAM5,PROGRAM5 5-2,P70,70,70,7,1,16,take action,行動を起こす,☆,1,,take action,行動を起こす,行動を起こす,take action,07.26SS2_KeyWords_P5_英日_問題.pdf,テイク アックシャン,,take action,take action,,行動を起こす,複数語,1,原本保持
3127,サンシャイン,SS,2,P5,Work,Experience PROGRAM5,PROGRAM5 5-2,P70,70,70,7,1,17,happen,起こる,☆,1,,happen,起こる,起こる,happen,07.26SS2_KeyWords_P5_英日_問題.pdf,ハプン,,happen,happen,,起こる,単語,0,原本保持
3128,サンシャイン,SS,2,P5,Work,Experience PROGRAM5,PROGRAM5 5-2,P70,70,70,7,1,18,listener,聞き手,,0,,listener,聞き手,聞き手,listener,07.26SS2_KeyWords_P5_英日_問題.pdf,リサナー,,listener,listener,,聞き手,単語,0,原本保持
3129,サンシャイン,SS,2,P5,Work,Experience PROGRAM5,PROGRAM5 5-2,P70,70,70,7,1,19,while,~する間に,☆,1,,while,~する間に,~する間に,while,07.26SS2_KeyWords_P5_英日_問題.pdf,ワイル,,while,while,,~する間に,単語,0,原本保持
3130,サンシャイン,SS,2,P5,Work,Experience PROGRAM5,PROGRAM5 5-2,P70,70,70,7,1,20,athlete,"運動選手, アスリート",,0,,athlete,"運動選手, アスリート","運動選手, アスリート",athlete,07.26SS2_KeyWords_P5_英日_問題.pdf,アスリト,,athlete,athlete,,"運動選手, アスリート",単語,0,原本保持
3131,サンシャイン,SS,2,P5,Work,Experience PROGRAM5,PROGRAM5 5-2,P70,70,70,7,1,21,decide to ~,~すると決める,☆,1,,decide to ~,~すると決める,~すると決める,decide to ~,07.26SS2_KeyWords_P5_英日_問題.pdf,ディサイド トゥ ～,,decide to ~,decide to ~,,~すると決める,表現,1,原本保持
3132,サンシャイン,SS,2,P5,Work,Experience PROGRAM5,PROGRAM5 5-2,P70,70,70,7,1,22,lonely,"さびしい, 孤独な",,0,,lonely,"さびしい, 孤独な","さびしい, 孤独な",lonely,07.26SS2_KeyWords_P5_英日_問題.pdf,ロンリ,,lonely,lonely,,"さびしい, 孤独な",単語,0,原本保持
3133,サンシャイン,SS,2,P5,Work,Experience PROGRAM5,PROGRAM5 5-2,P70,70,70,7,1,23,try to ~,~しようとする[努力する],☆,1,,try to ~,~しようとする[努力する],~しようとする[努力する],try to ~,07.26SS2_KeyWords_P5_英日_問題.pdf,トライ トゥ ～,,try to ~,try to ~,,~しようとする[努力する],表現,1,原本保持
3134,サンシャイン,SS,2,P5,Work,Experience PROGRAM5,PROGRAM5 5-2,P70,70,70,7,1,24,everything,"すべてのもの, なんでも",,0,,everything,"すべてのもの, なんでも","すべてのもの, なんでも",everything,07.26SS2_KeyWords_P5_英日_問題.pdf,エヴリシング,,everything,everything,,"すべてのもの, なんでも",単語,0,原本保持
3135,サンシャイン,SS,2,P5,Work,Experience PROGRAM5,PROGRAM5 5-2,P70,70,70,7,1,25,in particular,特に,☆,1,,in particular,特に,特に,in particular,07.26SS2_KeyWords_P5_英日_問題.pdf,イン パーティックヤラー,,in particular,in particular,,特に,複数語,1,原本保持
3136,サンシャイン,SS,2,P5,Work,Experience PROGRAM5,PROGRAM5 5-2,P70,70,70,7,1,26,get ~place,(競争などで)~位になる,,0,,get ~place,(競争などで)~位になる,(競争などで)~位になる,get ~place,07.26SS2_KeyWords_P5_英日_問題.pdf,ゲット ～ プレイス,,get ~place,get ~place,,(競争などで)~位になる,表現,1,原本保持
3137,サンシャイン,SS,2,P5,Work,Experience PROGRAM5,PROGRAM5 5-3,P71～P74,71,74,7,1,27,give-gave,与える[原形-過去形],☆,1,,give-gave,与える[原形-過去形],与える[原形-過去形],give-gave,07.26SS2_KeyWords_P5_英日_問題.pdf,ギブ・ゲイヴ,,give-gave,give-gave,,与える[原形-過去形],単語,0,原本保持
3138,サンシャイン,SS,2,P5,Work,Experience PROGRAM5,PROGRAM5 5-3,P71～P74,71,74,7,1,28,nap,"昼寝, うたた寝",,0,,nap,"昼寝, うたた寝","昼寝, うたた寝",nap,07.26SS2_KeyWords_P5_英日_問題.pdf,ナップ,,nap,nap,,"昼寝, うたた寝",単語,0,原本保持
3139,サンシャイン,SS,2,P5,Work,Experience PROGRAM5,PROGRAM5 5-3,P71～P74,71,74,7,1,29,send-sent,送る[原形-過去形],☆,1,,send-sent,送る[原形-過去形],送る[原形-過去形],send-sent,07.26SS2_KeyWords_P5_英日_問題.pdf,センド・セント,,send-sent,send-sent,,送る[原形-過去形],単語,0,原本保持
3140,サンシャイン,SS,2,P5,Work,Experience PROGRAM5,PROGRAM5 5-3,P71～P74,71,74,7,1,30,importance,"大切さ, 重要性",,0,,importance,"大切さ, 重要性","大切さ, 重要性",importance,07.26SS2_KeyWords_P5_英日_問題.pdf,イムポータンス,,importance,importance,,"大切さ, 重要性",単語,0,原本保持
3141,サンシャイン,SS,2,P5,Work,Experience PROGRAM5,PROGRAM5 5-3,P71～P74,71,74,7,1,31,beside,~のそばに[で],☆,1,,beside,~のそばに[で],~のそばに[で],beside,07.26SS2_KeyWords_P5_英日_問題.pdf,ビサイド,,beside,beside,,~のそばに[で],単語,0,原本保持
3142,サンシャイン,SS,2,P5,Work,Experience PROGRAM5,PROGRAM5 5-3,P71～P74,71,74,7,1,32,apron,エプロン,,0,,apron,エプロン,エプロン,apron,07.26SS2_KeyWords_P5_英日_問題.pdf,エイプラン,,apron,apron,,エプロン,単語,0,原本保持
3143,サンシャイン,SS,2,P5,Work,Experience PROGRAM5,PROGRAM5 5-3,P71～P74,71,74,7,1,33,make use of ~,"~を利用する, 活用する",☆,1,,make use of ~,"~を利用する, 活用する","~を利用する, 活用する",make use of ~,07.26SS2_KeyWords_P5_英日_問題.pdf,メイク ユーズ オブ ～,,make use of ~,make use of ~,,"~を利用する, 活用する",表現,1,原本保持
3144,サンシャイン,SS,2,P5,Work,Experience PROGRAM5,PROGRAM5 5-3,P71～P74,71,74,7,1,34,tidy,"(部屋などが)片づいた, (人が)きちんとした",,0,,tidy,"(部屋などが)片づいた, (人が)きちんとした","(部屋などが)片づいた, (人が)きちんとした",tidy,07.26SS2_KeyWords_P5_英日_問題.pdf,タイディ,,tidy,tidy,,"(部屋などが)片づいた, (人が)きちんとした",単語,0,原本保持
3145,サンシャイン,SS,2,P5,Work,Experience PROGRAM5,PROGRAM5 5-3,P71～P74,71,74,7,1,35,lend-lent,貸す[原形-過去形],,0,,lend-lent,貸す[原形-過去形],貸す[原形-過去形],lend-lent,07.26SS2_KeyWords_P5_英日_問題.pdf,レンド・レント,,lend-lent,lend-lent,,貸す[原形-過去形],単語,0,原本保持
3146,サンシャイン,SS,2,P5,Work,Experience PROGRAM5,PROGRAM5 5-3,P71～P74,71,74,7,1,36,camera,カメラ,,0,,camera,カメラ,カメラ,camera,07.26SS2_KeyWords_P5_英日_問題.pdf,カマーア,,camera,camera,,カメラ,単語,0,原本保持
3147,サンシャイン,SS,2,P5,Work,Experience PROGRAM5,PROGRAM5 5-3,P71～P74,71,74,7,1,37,fashionable,流行の,,0,,fashionable,流行の,流行の,fashionable,07.26SS2_KeyWords_P5_英日_問題.pdf,ファシャナッブル,,fashionable,fashionable,,流行の,単語,0,原本保持
3148,サンシャイン,SS,2,P5,Work,Experience PROGRAM5,PROGRAM5 5-3,P71～P74,71,74,7,1,38,flash,(カメラの)フラッシュ,,0,,flash,(カメラの)フラッシュ,(カメラの)フラッシュ,flash,07.26SS2_KeyWords_P5_英日_問題.pdf,フラシュ,,flash,flash,,(カメラの)フラッシュ,単語,0,原本保持
3149,サンシャイン,SS,2,P5,Work,Experience PROGRAM5,PROGRAM5 5-3,P71～P74,71,74,7,1,39,future,"将来の, 未来の",,0,,future,"将来の, 未来の","将来の, 未来の",future,07.26SS2_KeyWords_P5_英日_問題.pdf,フュチャー,,future,future,,"将来の, 未来の",単語,0,原本保持
3150,サンシャイン,SS,2,P5,Work,Experience PROGRAM5,PROGRAM5 5-3,P71～P74,71,74,7,1,40,postcard,郵便はがき,,0,,postcard,郵便はがき,郵便はがき,postcard,07.26SS2_KeyWords_P5_英日_問題.pdf,ポストカード,,postcard,postcard,,郵便はがき,単語,0,原本保持
3151,サンシャイン,SS,2,P5,Work,Experience PROGRAM5,PROGRAM5 5-3,P71～P74,71,74,7,1,41,slowly,ゆっくり,,0,,slowly,ゆっくり,ゆっくり,slowly,07.26SS2_KeyWords_P5_英日_問題.pdf,スロリ,,slowly,slowly,,ゆっくり,単語,0,原本保持
3152,サンシャイン,SS,2,P5,Work,Experience PROGRAM5,PROGRAM5 5-3,P71～P74,71,74,7,1,42,piece,"1つ, 1片",,0,,piece,"1つ, 1片","1つ, 1片",piece,07.26SS2_KeyWords_P5_英日_問題.pdf,ピス,,piece,piece,,"1つ, 1片",単語,0,原本保持
3153,サンシャイン,SS,2,P5,Work,Experience PROGRAM5,PROGRAM5 5-3,P71～P74,71,74,7,1,43,Give it a try.,ためしてみてください。,,0,,Give it a try.,ためしてみてください。,ためしてみてください。,Give it a try.,07.26SS2_KeyWords_P5_英日_問題.pdf,ギブ イット ア トライ,,Give it a try.,Give it a try.,,ためしてみてください。,複数語,1,原本保持
3154,サンシャイン,SS,2,P5,Work,Experience PROGRAM5,PROGRAM5 5-3,P71～P74,71,74,7,1,44,honey,はちみつ,,0,,honey,はちみつ,はちみつ,honey,07.26SS2_KeyWords_P5_英日_問題.pdf,ハニ,,honey,honey,,はちみつ,単語,0,原本保持
3155,サンシャイン,SS,2,P5,Work,Experience PROGRAM5,PROGRAM5 5-3,P71～P74,71,74,7,1,45,after a while,しばらくすると,,0,,after a while,しばらくすると,しばらくすると,after a while,07.26SS2_KeyWords_P5_英日_問題.pdf,アフター ア ワイル,,after a while,after a while,,しばらくすると,複数語,1,原本保持
3156,サンシャイン,SS,2,P5,Work,Experience PROGRAM5,PROGRAM5 5-3,P71～P74,71,74,7,1,46,heat,"熱, 暑さ",,0,,heat,"熱, 暑さ","熱, 暑さ",heat,07.26SS2_KeyWords_P5_英日_問題.pdf,ヒト,,heat,heat,,"熱, 暑さ",単語,0,原本保持
3157,サンシャイン,SS,2,P5,Work,Experience PROGRAM5,PROGRAM5 5-3,P71～P74,71,74,7,1,47,take A for a walk,Aを散歩に連れて行く,,0,,take A for a walk,Aを散歩に連れて行く,Aを散歩に連れて行く,take A for a walk,07.26SS2_KeyWords_P5_英日_問題.pdf,テイク エイ フォー ア ウォーク,,take A for a walk,take A for a walk,,Aを散歩に連れて行く,複数語,1,原本保持
3158,サンシャイン,SS,2,P5,Work,Experience PROGRAM5,PROGRAM5 5-3,P71～P74,71,74,7,1,48,balance,"バランス, つり合い",,0,,balance,"バランス, つり合い","バランス, つり合い",balance,07.26SS2_KeyWords_P5_英日_問題.pdf,バランス,,balance,balance,,"バランス, つり合い",単語,0,原本保持
3159,サンシャイン,SS,2,P5,Work,Experience PROGRAM5,PROGRAM5 5-3,P71～P74,71,74,7,1,49,fall asleep,"眠りに落ちる, 寝入る",,0,,fall asleep,"眠りに落ちる, 寝入る","眠りに落ちる, 寝入る",fall asleep,07.26SS2_KeyWords_P5_英日_問題.pdf,フォール アスリプ,,fall asleep,fall asleep,,"眠りに落ちる, 寝入る",複数語,1,原本保持
3160,サンシャイン,SS,2,P5,Work,Experience PROGRAM5,PROGRAM5 教科書本文,P69～P71,69,71,7,1,50,goods,商品,,0,,goods,商品,商品,goods,07.26SS2_KeyWords_P5_英日_問題.pdf,グッドズ,,goods,goods,,商品,単語,0,原本保持
3161,サンシャイン,SS,2,P5,Work,Experience PROGRAM5,PROGRAM5 教科書本文,P69～P71,69,71,7,1,51,nursery school,保育園,,0,,nursery school,保育園,保育園,nursery school,07.26SS2_KeyWords_P5_英日_問題.pdf,ナーサーイー スクール,,nursery school,nursery school,,保育園,複数語,1,原本保持
3162,サンシャイン,SS,2,P5,Work,Experience PROGRAM5,PROGRAM5 教科書本文,P69～P71,69,71,7,1,52,Good for you.,よかったですね。,,0,,Good for you.,よかったですね。,よかったですね。,Good for you.,07.26SS2_KeyWords_P5_英日_問題.pdf,グッド フォー ユー,,Good for you.,Good for you.,,よかったですね。,複数語,1,原本保持
3163,サンシャイン,SS,2,P5,Work,Experience PROGRAM5,PROGRAM5 教科書本文,P69～P71,69,71,7,1,53,thank-you,お礼の,,0,,thank-you,お礼の,お礼の,thank-you,07.26SS2_KeyWords_P5_英日_問題.pdf,サンク・ユー,,thank-you,thank-you,,お礼の,単語,0,原本保持
3164,サンシャイン,SS,2,P5,Work,Experience PROGRAM5,PROGRAM5 教科書本文,P69～P71,69,71,7,1,54,waiting room,待合室,,0,,waiting room,待合室,待合室,waiting room,07.26SS2_KeyWords_P5_英日_問題.pdf,ウェイティング ルーム,,waiting room,waiting room,,待合室,複数語,1,原本保持
3165,サンシャイン,SS,2,P5,Work,Experience PROGRAM5,PROGRAM5 教科書本文,P69～P71,69,71,7,1,55,Alice,アリス(女子の名),,0,,Alice,アリス(女子の名),アリス(女子の名),Alice,07.26SS2_KeyWords_P5_英日_問題.pdf,アリス,,Alice,Alice,,アリス(女子の名),単語,0,原本保持
3166,サンシャイン,SS,2,P5,PROGRAM5 Work,Experience,PROGRAM5 5-1～3,P65～P74,65,74,7,2,56,treat,扱う,☆,1,,treat,扱う,扱う,treat,07.26SS2_KeyWords_P5_英日_問題.pdf,トリト,,treat,treat,,扱う,単語,0,原本保持
3167,サンシャイン,SS,2,P5,PROGRAM5 Work,Experience,PROGRAM5 5-1～3,P65～P74,65,74,7,2,57,importance,"大切さ, 重要性",☆,1,,importance,"大切さ, 重要性","大切さ, 重要性",importance,07.26SS2_KeyWords_P5_英日_問題.pdf,イムポータンス,,importance,importance,,"大切さ, 重要性",単語,0,原本保持
3168,サンシャイン,SS,2,P5,PROGRAM5 Work,Experience,PROGRAM5 5-1～3,P65～P74,65,74,7,2,58,shelf-shelves,たな[単数形-複数形],☆,1,,shelf-shelves,たな[単数形-複数形],たな[単数形-複数形],shelf-shelves,07.26SS2_KeyWords_P5_英日_問題.pdf,シェルフ・シェルヴズ,,shelf-shelves,shelf-shelves,,たな[単数形-複数形],単語,0,原本保持
3169,サンシャイン,SS,2,P5,PROGRAM5 Work,Experience,PROGRAM5 5-1～3,P65～P74,65,74,7,2,59,Give it a try.,ためしてみてください。,☆,1,,Give it a try.,ためしてみてください。,ためしてみてください。,Give it a try.,07.26SS2_KeyWords_P5_英日_問題.pdf,ギブ イット ア トライ,,Give it a try.,Give it a try.,,ためしてみてください。,複数語,1,原本保持
3170,サンシャイン,SS,2,P5,PROGRAM5 Work,Experience,PROGRAM5 5-1～3,P65～P74,65,74,7,2,60,lonely,"さびしい, 孤独な",☆,1,,lonely,"さびしい, 孤独な","さびしい, 孤独な",lonely,07.26SS2_KeyWords_P5_英日_問題.pdf,ロンリ,,lonely,lonely,,"さびしい, 孤独な",単語,0,原本保持
3171,サンシャイン,SS,2,P5,PROGRAM5 Work,Experience,PROGRAM5 5-1～3,P65～P74,65,74,7,2,61,take A for a walk,Aを散歩に連れて行く,☆,1,,take A for a walk,Aを散歩に連れて行く,Aを散歩に連れて行く,take A for a walk,07.26SS2_KeyWords_P5_英日_問題.pdf,テイク エイ フォー ア ウォーク,,take A for a walk,take A for a walk,,Aを散歩に連れて行く,複数語,1,原本保持
3172,サンシャイン,SS,2,P5,PROGRAM5 Work,Experience,PROGRAM5 5-1～3,P65～P74,65,74,7,2,62,everything,"すべてのもの, なんでも",☆,1,,everything,"すべてのもの, なんでも","すべてのもの, なんでも",everything,07.26SS2_KeyWords_P5_英日_問題.pdf,エヴリシング,,everything,everything,,"すべてのもの, なんでも",単語,0,原本保持
3173,サンシャイン,SS,2,P6,High-Tech,Nature PROGRAM6,PROGRAM6 6-1,P75～P79,75,79,8,1,1,better,"[good, well, very muchの比較級]より(よく)",☆,1,,better,"[good, well, very muchの比較級]より(よく)","[good, well, very muchの比較級]より(よく)",better,08.26SS2_KeyWords_P6_英日_問題.pdf,ベター,,better,better,,"[good, well, very muchの比較級]より(よく)",単語,0,原本保持
3174,サンシャイン,SS,2,P6,High-Tech,Nature PROGRAM6,PROGRAM6 6-1,P75～P79,75,79,8,1,2,Germany,ドイツ,,0,,Germany,ドイツ,ドイツ,Germany,08.26SS2_KeyWords_P6_英日_問題.pdf,ジャーマニー,,Germany,Germany,,ドイツ,単語,0,原本保持
3175,サンシャイン,SS,2,P6,High-Tech,Nature PROGRAM6,PROGRAM6 6-1,P75～P79,75,79,8,1,3,than ~,~よりも,☆,1,,than ~,~よりも,~よりも,than ~,08.26SS2_KeyWords_P6_英日_問題.pdf,ザン ～,,than ~,than ~,,~よりも,表現,1,原本保持
3176,サンシャイン,SS,2,P6,High-Tech,Nature PROGRAM6,PROGRAM6 6-1,P75～P79,75,79,8,1,4,wet,ぬれた,,0,,wet,ぬれた,ぬれた,wet,08.26SS2_KeyWords_P6_英日_問題.pdf,ウェット,,wet,wet,,ぬれた,単語,0,原本保持
3177,サンシャイン,SS,2,P6,High-Tech,Nature PROGRAM6,PROGRAM6 6-1,P75～P79,75,79,8,1,5,leaf-leaves,葉[単数形-複数形],☆,1,,leaf-leaves,葉[単数形-複数形],葉[単数形-複数形],leaf-leaves,08.26SS2_KeyWords_P6_英日_問題.pdf,リフ・リヴズ,,leaf-leaves,leaf-leaves,,葉[単数形-複数形],単語,0,原本保持
3178,サンシャイン,SS,2,P6,High-Tech,Nature PROGRAM6,PROGRAM6 6-1,P75～P79,75,79,8,1,6,high-tech,"ハイテクの, 高度先端技術の",,0,,high-tech,"ハイテクの, 高度先端技術の","ハイテクの, 高度先端技術の",high-tech,08.26SS2_KeyWords_P6_英日_問題.pdf,ハイ・テック,,high-tech,high-tech,,"ハイテクの, 高度先端技術の",単語,0,原本保持
3179,サンシャイン,SS,2,P6,High-Tech,Nature PROGRAM6,PROGRAM6 6-1,P75～P79,75,79,8,1,7,another,"別の, もう1つ[1人]の",☆,1,,another,"別の, もう1つ[1人]の","別の, もう1つ[1人]の",another,08.26SS2_KeyWords_P6_英日_問題.pdf,アナザー,,another,another,,"別の, もう1つ[1人]の",単語,0,原本保持
3180,サンシャイン,SS,2,P6,High-Tech,Nature PROGRAM6,PROGRAM6 6-1,P75～P79,75,79,8,1,8,stick to ~,~にくっつく,,0,,stick to ~,~にくっつく,~にくっつく,stick to ~,08.26SS2_KeyWords_P6_英日_問題.pdf,スティック トゥ ～,,stick to ~,stick to ~,,~にくっつく,表現,1,原本保持
3181,サンシャイン,SS,2,P6,High-Tech,Nature PROGRAM6,PROGRAM6 6-2,P80,80,80,8,1,9,best,"[good, well, very muchの最上級]最も(よく)",☆,1,,best,"[good, well, very muchの最上級]最も(よく)","[good, well, very muchの最上級]最も(よく)",best,08.26SS2_KeyWords_P6_英日_問題.pdf,ベスト,,best,best,,"[good, well, very muchの最上級]最も(よく)",単語,0,原本保持
3182,サンシャイン,SS,2,P6,High-Tech,Nature PROGRAM6,PROGRAM6 6-2,P80,80,80,8,1,10,sail,航海する,,0,,sail,航海する,航海する,sail,08.26SS2_KeyWords_P6_英日_問題.pdf,セイール,,sail,sail,,航海する,単語,0,原本保持
3183,サンシャイン,SS,2,P6,High-Tech,Nature PROGRAM6,PROGRAM6 6-2,P80,80,80,8,1,11,develop,"発展させる, 開発する",☆,1,,develop,"発展させる, 開発する","発展させる, 開発する",develop,08.26SS2_KeyWords_P6_英日_問題.pdf,ディヴェラップ,,develop,develop,,"発展させる, 開発する",単語,0,原本保持
3184,サンシャイン,SS,2,P6,High-Tech,Nature PROGRAM6,PROGRAM6 6-2,P80,80,80,8,1,12,pet,ペット,,0,,pet,ペット,ペット,pet,08.26SS2_KeyWords_P6_英日_問題.pdf,ペット,,pet,pet,,ペット,単語,0,原本保持
3185,サンシャイン,SS,2,P6,High-Tech,Nature PROGRAM6,PROGRAM6 6-2,P80,80,80,8,1,13,useful,役に立つ,☆,1,,useful,役に立つ,役に立つ,useful,08.26SS2_KeyWords_P6_英日_問題.pdf,ユスファル,,useful,useful,,役に立つ,単語,0,原本保持
3186,サンシャイン,SS,2,P6,High-Tech,Nature PROGRAM6,PROGRAM6 6-2,P80,80,80,8,1,14,invention,発明,,0,,invention,発明,発明,invention,08.26SS2_KeyWords_P6_英日_問題.pdf,インヴェンシャン,,invention,invention,,発明,単語,0,原本保持
3187,サンシャイン,SS,2,P6,High-Tech,Nature PROGRAM6,PROGRAM6 6-2,P80,80,80,8,1,15,without,~なしで,☆,1,,without,~なしで,~なしで,without,08.26SS2_KeyWords_P6_英日_問題.pdf,ウィザウト,,without,without,,~なしで,単語,0,原本保持
3188,サンシャイン,SS,2,P6,High-Tech,Nature PROGRAM6,PROGRAM6 6-2,P80,80,80,8,1,16,inspiration,"インスピレーション, ひらめき",,0,,inspiration,"インスピレーション, ひらめき","インスピレーション, ひらめき",inspiration,08.26SS2_KeyWords_P6_英日_問題.pdf,インスパーエイシャン,,inspiration,inspiration,,"インスピレーション, ひらめき",単語,0,原本保持
3189,サンシャイン,SS,2,P6,High-Tech,Nature PROGRAM6,PROGRAM6 6-2,P80,80,80,8,1,17,one day,ある日,☆,1,,one day,ある日,ある日,one day,08.26SS2_KeyWords_P6_英日_問題.pdf,ワン デイ,,one day,one day,,ある日,複数語,1,原本保持
3190,サンシャイン,SS,2,P6,High-Tech,Nature PROGRAM6,PROGRAM6 6-2,P80,80,80,8,1,18,London,ロンドン,,0,,London,ロンドン,ロンドン,London,08.26SS2_KeyWords_P6_英日_問題.pdf,ロンドン,,London,London,,ロンドン,単語,0,原本保持
3191,サンシャイン,SS,2,P6,High-Tech,Nature PROGRAM6,PROGRAM6 6-2,P80,80,80,8,1,19,survive,生き延びる,,0,,survive,生き延びる,生き延びる,survive,08.26SS2_KeyWords_P6_英日_問題.pdf,サーヴァイヴ,,survive,survive,,生き延びる,単語,0,原本保持
3192,サンシャイン,SS,2,P6,High-Tech,Nature PROGRAM6,PROGRAM6 6-2,P80,80,80,8,1,20,icy,氷の(張った),,0,,icy,氷の(張った),氷の(張った),icy,08.26SS2_KeyWords_P6_英日_問題.pdf,アイシ,,icy,icy,,氷の(張った),単語,0,原本保持
3193,サンシャイン,SS,2,P6,High-Tech,Nature PROGRAM6,PROGRAM6 6-2,P80,80,80,8,1,21,slip,"すべる, すべってころぶ",,0,,slip,"すべる, すべってころぶ","すべる, すべってころぶ",slip,08.26SS2_KeyWords_P6_英日_問題.pdf,スリップ,,slip,slip,,"すべる, すべってころぶ",単語,0,原本保持
3194,サンシャイン,SS,2,P6,High-Tech,Nature PROGRAM6,PROGRAM6 6-2,P80,80,80,8,1,22,fall into ~,~に落ちる,,0,,fall into ~,~に落ちる,~に落ちる,fall into ~,08.26SS2_KeyWords_P6_英日_問題.pdf,フォール イントゥ ～,,fall into ~,fall into ~,,~に落ちる,表現,1,原本保持
3195,サンシャイン,SS,2,P6,High-Tech,Nature PROGRAM6,PROGRAM6 6-3,P81～P84,81,84,8,1,23,save,節約する,☆,1,,save,節約する,節約する,save,08.26SS2_KeyWords_P6_英日_問題.pdf,セイヴ,,save,save,,節約する,単語,0,原本保持
3196,サンシャイン,SS,2,P6,High-Tech,Nature PROGRAM6,PROGRAM6 6-3,P81～P84,81,84,8,1,24,potential,"可能性, 潜在能力",,0,,potential,"可能性, 潜在能力","可能性, 潜在能力",potential,08.26SS2_KeyWords_P6_英日_問題.pdf,パテンシャル,,potential,potential,,"可能性, 潜在能力",単語,0,原本保持
3197,サンシャイン,SS,2,P6,High-Tech,Nature PROGRAM6,PROGRAM6 6-3,P81～P84,81,84,8,1,25,continue,"続ける, 続く",☆,1,,continue,"続ける, 続く","続ける, 続く",continue,08.26SS2_KeyWords_P6_英日_問題.pdf,カンティンユ,,continue,continue,,"続ける, 続く",単語,0,原本保持
3198,サンシャイン,SS,2,P6,High-Tech,Nature PROGRAM6,PROGRAM6 6-3,P81～P84,81,84,8,1,26,plant,植物,,0,,plant,植物,植物,plant,08.26SS2_KeyWords_P6_英日_問題.pdf,プラント,,plant,plant,,植物,単語,0,原本保持
3199,サンシャイン,SS,2,P6,High-Tech,Nature PROGRAM6,PROGRAM6 6-3,P81～P84,81,84,8,1,27,energy,エネルギー,☆,1,,energy,エネルギー,エネルギー,energy,08.26SS2_KeyWords_P6_英日_問題.pdf,エナージ,,energy,energy,,エネルギー,単語,0,原本保持
3200,サンシャイン,SS,2,P6,High-Tech,Nature PROGRAM6,PROGRAM6 6-3,P81～P84,81,84,8,1,28,creature,生物,,0,,creature,生物,生物,creature,08.26SS2_KeyWords_P6_英日_問題.pdf,クリチャー,,creature,creature,,生物,単語,0,原本保持
3201,サンシャイン,SS,2,P6,High-Tech,Nature PROGRAM6,PROGRAM6 6-3,P81～P84,81,84,8,1,29,less,"little(少し, 少ない)の比較級",☆,1,,less,"little(少し, 少ない)の比較級","little(少し, 少ない)の比較級",less,08.26SS2_KeyWords_P6_英日_問題.pdf,レス,,less,less,,"little(少し, 少ない)の比較級",単語,0,原本保持
3202,サンシャイン,SS,2,P6,High-Tech,Nature PROGRAM6,PROGRAM6 6-3,P81～P84,81,84,8,1,30,coin,硬貨,,0,,coin,硬貨,硬貨,coin,08.26SS2_KeyWords_P6_英日_問題.pdf,コイン,,coin,coin,,硬貨,単語,0,原本保持
3203,サンシャイン,SS,2,P6,High-Tech,Nature PROGRAM6,PROGRAM6 6-3,P81～P84,81,84,8,1,31,turn off~,"(テレビなどを)消す, 止める",☆,1,,turn off~,"(テレビなどを)消す, 止める","(テレビなどを)消す, 止める",turn off~,08.26SS2_KeyWords_P6_英日_問題.pdf,ターン オフ ～,,turn off~,turn off~,,"(テレビなどを)消す, 止める",表現,1,原本保持
3204,サンシャイン,SS,2,P6,High-Tech,Nature PROGRAM6,PROGRAM6 6-3,P81～P84,81,84,8,1,32,bee,"ハチ, ミツバチ",,0,,bee,"ハチ, ミツバチ","ハチ, ミツバチ",bee,08.26SS2_KeyWords_P6_英日_問題.pdf,ビ,,bee,bee,,"ハチ, ミツバチ",単語,0,原本保持
3205,サンシャイン,SS,2,P6,High-Tech,Nature PROGRAM6,PROGRAM6 6-3,P81～P84,81,84,8,1,33,be able to ~,~することができる,☆,1,,be able to ~,~することができる,~することができる,be able to ~,08.26SS2_KeyWords_P6_英日_問題.pdf,ビー エイブル トゥ ～,,be able to ~,be able to ~,,~することができる,表現,1,原本保持
3206,サンシャイン,SS,2,P6,High-Tech,Nature PROGRAM6,PROGRAM6 6-3,P81～P84,81,84,8,1,34,agriculture,農業,,0,,agriculture,農業,農業,agriculture,08.26SS2_KeyWords_P6_英日_問題.pdf,アグリックアルチャー,,agriculture,agriculture,,農業,単語,0,原本保持
3207,サンシャイン,SS,2,P6,High-Tech,Nature PROGRAM6,PROGRAM6 6-3,P81～P84,81,84,8,1,35,light,"明かり, 光",,0,,light,"明かり, 光","明かり, 光",light,08.26SS2_KeyWords_P6_英日_問題.pdf,ライト,,light,light,,"明かり, 光",単語,0,原本保持
3208,サンシャイン,SS,2,P6,High-Tech,Nature PROGRAM6,PROGRAM6 6-3,P81～P84,81,84,8,1,36,centimeter,センチメートル,,0,,centimeter,センチメートル,センチメートル,centimeter,08.26SS2_KeyWords_P6_英日_問題.pdf,センタミター,,centimeter,centimeter,,センチメートル,単語,0,原本保持
3209,サンシャイン,SS,2,P6,High-Tech,Nature PROGRAM6,PROGRAM6 6-3,P81～P84,81,84,8,1,37,electricity,電気,,0,,electricity,電気,電気,electricity,08.26SS2_KeyWords_P6_英日_問題.pdf,イレックトリサティ,,electricity,electricity,,電気,単語,0,原本保持
3210,サンシャイン,SS,2,P6,High-Tech,Nature PROGRAM6,PROGRAM6 6-3,P81～P84,81,84,8,1,38,eco-friendly,環境にやさしい,,0,,eco-friendly,環境にやさしい,環境にやさしい,eco-friendly,08.26SS2_KeyWords_P6_英日_問題.pdf,イーコ・フレンドリ,,eco-friendly,eco-friendly,,環境にやさしい,単語,0,原本保持
3211,サンシャイン,SS,2,P6,High-Tech,Nature PROGRAM6,PROGRAM6 6-3,P81～P84,81,84,8,1,39,effort,努力,,0,,effort,努力,努力,effort,08.26SS2_KeyWords_P6_英日_問題.pdf,エファート,,effort,effort,,努力,単語,0,原本保持
3212,サンシャイン,SS,2,P6,High-Tech,Nature PROGRAM6,PROGRAM6 6-3,P81～P84,81,84,8,1,40,narrow,狭い,,0,,narrow,狭い,狭い,narrow,08.26SS2_KeyWords_P6_英日_問題.pdf,ネロ,,narrow,narrow,,狭い,単語,0,原本保持
3213,サンシャイン,SS,2,P6,High-Tech,Nature PROGRAM6,PROGRAM6 6-3,P81～P84,81,84,8,1,41,space,"空間, 場所",,0,,space,"空間, 場所","空間, 場所",space,08.26SS2_KeyWords_P6_英日_問題.pdf,スペイス,,space,space,,"空間, 場所",単語,0,原本保持
3214,サンシャイン,SS,2,P6,High-Tech,Nature PROGRAM6,PROGRAM6 6-3,P81～P84,81,84,8,1,42,living,生きている,,0,,living,生きている,生きている,living,08.26SS2_KeyWords_P6_英日_問題.pdf,リヴィング,,living,living,,生きている,単語,0,原本保持
3215,サンシャイン,SS,2,P6,High-Tech,Nature PROGRAM6,PROGRAM6 6-3,P81～P84,81,84,8,1,43,search,"捜索, 探索",,0,,search,"捜索, 探索","捜索, 探索",search,08.26SS2_KeyWords_P6_英日_問題.pdf,サーチ,,search,search,,"捜索, 探索",単語,0,原本保持
3216,サンシャイン,SS,2,P6,High-Tech,Nature PROGRAM6,PROGRAM6 6-3,P81～P84,81,84,8,1,44,stylish,"流行の, しゃれた",,0,,stylish,"流行の, しゃれた","流行の, しゃれた",stylish,08.26SS2_KeyWords_P6_英日_問題.pdf,スタイリシュ,,stylish,stylish,,"流行の, しゃれた",単語,0,原本保持
3217,サンシャイン,SS,2,P6,PROGRAM6 High-Tech,Nature,PROGRAM6 教科書本文,P79～P81,79,81,8,2,45,decide to,~すると決める,☆,1,,decide to,~すると決める,~すると決める,decide to,08.26SS2_KeyWords_P6_英日_問題.pdf,ディサイド トゥ,,decide to,decide to,,~すると決める,複数語,1,原本保持
3218,サンシャイン,SS,2,P6,PROGRAM6 High-Tech,Nature,PROGRAM6 教科書本文,P79～P81,79,81,8,2,46,boat shoe,デッキシューズ,,0,,boat shoe,デッキシューズ,デッキシューズ,boat shoe,08.26SS2_KeyWords_P6_英日_問題.pdf,ボト シュ,,boat shoe,boat shoe,,デッキシューズ,複数語,1,原本保持
3219,サンシャイン,SS,2,P6,PROGRAM6 High-Tech,Nature,PROGRAM6 教科書本文,P79～P81,79,81,8,2,47,lotus,ハス,,0,,lotus,ハス,ハス,lotus,08.26SS2_KeyWords_P6_英日_問題.pdf,ロタス,,lotus,lotus,,ハス,単語,0,原本保持
3220,サンシャイン,SS,2,P6,PROGRAM6 High-Tech,Nature,PROGRAM6 教科書本文,P79～P81,79,81,8,2,48,curtain,カーテン,,0,,curtain,カーテン,カーテン,curtain,08.26SS2_KeyWords_P6_英日_問題.pdf,カータン,,curtain,curtain,,カーテン,単語,0,原本保持
3221,サンシャイン,SS,2,P6,PROGRAM6 High-Tech,Nature,PROGRAM6 教科書本文,P79～P81,79,81,8,2,49,raindrop,雨つぶ,,0,,raindrop,雨つぶ,雨つぶ,raindrop,08.26SS2_KeyWords_P6_英日_問題.pdf,レインドラプ,,raindrop,raindrop,,雨つぶ,単語,0,原本保持
3222,サンシャイン,SS,2,P6,PROGRAM6 High-Tech,Nature,PROGRAM6 教科書本文,P79～P81,79,81,8,2,50,non-slip,すべり止めのある,,0,,non-slip,すべり止めのある,すべり止めのある,non-slip,08.26SS2_KeyWords_P6_英日_問題.pdf,ナン・スリップ,,non-slip,non-slip,,すべり止めのある,単語,0,原本保持
3223,サンシャイン,SS,2,P6,PROGRAM6 High-Tech,Nature,PROGRAM6 教科書本文,P79～P81,79,81,8,2,51,yogurt,ヨーグルト,,0,,yogurt,ヨーグルト,ヨーグルト,yogurt,08.26SS2_KeyWords_P6_英日_問題.pdf,ヨガート,,yogurt,yogurt,,ヨーグルト,単語,0,原本保持
3224,サンシャイン,SS,2,P6,PROGRAM6 High-Tech,Nature,PROGRAM6 教科書本文,P79～P81,79,81,8,2,52,pollen,花粉,,0,,pollen,花粉,花粉,pollen,08.26SS2_KeyWords_P6_英日_問題.pdf,パラン,,pollen,pollen,,花粉,単語,0,原本保持
3225,サンシャイン,SS,2,P6,PROGRAM6 High-Tech,Nature,PROGRAM6 教科書本文,P79～P81,79,81,8,2,53,lid,ふた,,0,,lid,ふた,ふた,lid,08.26SS2_KeyWords_P6_英日_問題.pdf,リッド,,lid,lid,,ふた,単語,0,原本保持
3226,サンシャイン,SS,2,P6,PROGRAM6 High-Tech,Nature,PROGRAM6 教科書本文,P79～P81,79,81,8,2,54,fridge,冷蔵庫,,0,,fridge,冷蔵庫,冷蔵庫,fridge,08.26SS2_KeyWords_P6_英日_問題.pdf,フリジ,,fridge,fridge,,冷蔵庫,単語,0,原本保持
3227,サンシャイン,SS,2,P6,PROGRAM6 High-Tech,Nature,PROGRAM6 教科書本文,P79～P81,79,81,8,2,55,sole,"足の裏, 靴の底",,0,,sole,"足の裏, 靴の底","足の裏, 靴の底",sole,08.26SS2_KeyWords_P6_英日_問題.pdf,ソール,,sole,sole,,"足の裏, 靴の底",単語,0,原本保持
3228,サンシャイン,SS,2,P6,PROGRAM6 High-Tech,Nature,PROGRAM6 教科書本文,P79～P81,79,81,8,2,56,air conditioner,エアコン,,0,,air conditioner,エアコン,エアコン,air conditioner,08.26SS2_KeyWords_P6_英日_問題.pdf,エー カンディシャナー,,air conditioner,air conditioner,,エアコン,複数語,1,原本保持
3229,サンシャイン,SS,2,P6,PROGRAM6 High-Tech,Nature,PROGRAM6 教科書本文,P79～P81,79,81,8,2,57,paw,(動物の)足,,0,,paw,(動物の)足,(動物の)足,paw,08.26SS2_KeyWords_P6_英日_問題.pdf,ポ,,paw,paw,,(動物の)足,単語,0,原本保持
3230,サンシャイン,SS,2,P6,PROGRAM6 High-Tech,Nature,PROGRAM6 教科書本文,P79～P81,79,81,8,2,58,paper clip,"紙ばさみ, ペーパークリップ",,0,,paper clip,"紙ばさみ, ペーパークリップ","紙ばさみ, ペーパークリップ",paper clip,08.26SS2_KeyWords_P6_英日_問題.pdf,ペイパー クリップ,,paper clip,paper clip,,"紙ばさみ, ペーパークリップ",複数語,1,原本保持
3231,サンシャイン,SS,2,P6,PROGRAM6 High-Tech,Nature,PROGRAM6 教科書本文,P79～P81,79,81,8,2,59,groove,みぞ,,0,,groove,みぞ,みぞ,groove,08.26SS2_KeyWords_P6_英日_問題.pdf,グルヴ,,groove,groove,,みぞ,単語,0,原本保持
3232,サンシャイン,SS,2,P6,PROGRAM6 High-Tech,Nature,PROGRAM6 教科書本文,P79～P81,79,81,8,2,60,quarter,25セント硬貨,,0,,quarter,25セント硬貨,25セント硬貨,quarter,08.26SS2_KeyWords_P6_英日_問題.pdf,クウォーター,,quarter,quarter,,25セント硬貨,単語,0,原本保持
3233,サンシャイン,SS,2,P6,PROGRAM6 High-Tech,Nature,PROGRAM6 教科書本文,P79～P81,79,81,8,2,61,deck,(船の)甲板,,0,,deck,(船の)甲板,(船の)甲板,deck,08.26SS2_KeyWords_P6_英日_問題.pdf,デック,,deck,deck,,(船の)甲板,単語,0,原本保持
3234,サンシャイン,SS,2,P6,PROGRAM6 High-Tech,Nature,PROGRAM6 教科書本文,P79～P81,79,81,8,2,62,run off~,~から流れ出る,,0,,run off~,~から流れ出る,~から流れ出る,run off~,08.26SS2_KeyWords_P6_英日_問題.pdf,ラン オフ ～,,run off~,run off~,,~から流れ出る,表現,1,原本保持
3235,サンシャイン,SS,2,P6,PROGRAM6 High-Tech,Nature,PROGRAM6 6-1～3,P75～P84,75,84,8,2,63,plant,植物,☆,1,,plant,植物,植物,plant,08.26SS2_KeyWords_P6_英日_問題.pdf,プラント,,plant,plant,,植物,単語,0,原本保持
3236,サンシャイン,SS,2,P6,PROGRAM6 High-Tech,Nature,PROGRAM6 6-1～3,P75～P84,75,84,8,2,64,creature,生物,☆,1,,creature,生物,生物,creature,08.26SS2_KeyWords_P6_英日_問題.pdf,クリチャー,,creature,creature,,生物,単語,0,原本保持
3237,サンシャイン,SS,2,P6,PROGRAM6 High-Tech,Nature,Power-Up4 メールで近況報告をしよう,P85,85,85,8,2,65,How's it going?,調子はどうですか。,☆,1,,How's it going?,調子はどうですか。,調子はどうですか。,How's it going?,08.26SS2_KeyWords_P6_英日_問題.pdf,ハウズ イット ゴーイング,,How's it going?,How's it going?,,調子はどうですか。,表現,1,原本保持
3238,サンシャイン,SS,2,P6,PROGRAM6 High-Tech,Nature,Power-Up4 メールで近況報告をしよう,P85,85,85,8,2,66,relaxing,"くつろげる, ほっとする",,0,,relaxing,"くつろげる, ほっとする","くつろげる, ほっとする",relaxing,08.26SS2_KeyWords_P6_英日_問題.pdf,リラックシング,,relaxing,relaxing,,"くつろげる, ほっとする",単語,0,原本保持
3239,サンシャイン,SS,2,P6,PROGRAM6 High-Tech,Nature,Power-Up4 メールで近況報告をしよう,P85,85,85,8,2,67,guinea pig,モルモット,,0,,guinea pig,モルモット,モルモット,guinea pig,08.26SS2_KeyWords_P6_英日_問題.pdf,ギニ ピッグ,,guinea pig,guinea pig,,モルモット,複数語,1,原本保持
3240,サンシャイン,SS,2,P6,PROGRAM6 High-Tech,Nature,Power-Up4 メールで近況報告をしよう,P85,85,85,8,2,68,Bill,ビル(男子の名),,0,,Bill,ビル(男子の名),ビル(男子の名),Bill,08.26SS2_KeyWords_P6_英日_問題.pdf,ビル,,Bill,Bill,,ビル(男子の名),単語,0,原本保持
3241,サンシャイン,SS,2,P6,PROGRAM6 High-Tech,Nature,Step4 相手にわかりやすい説明をしよう / Our Project5 日本のおすすめスポットを紹介しよう,P86～P91,86,91,8,2,69,wrap,包む,☆,1,,wrap,包む,包む,wrap,08.26SS2_KeyWords_P6_英日_問題.pdf,ラップ,,wrap,wrap,,包む,単語,0,原本保持
3242,サンシャイン,SS,2,P6,PROGRAM6 High-Tech,Nature,Step4 相手にわかりやすい説明をしよう / Our Project5 日本のおすすめスポットを紹介しよう,P86～P91,86,91,8,2,70,building,"建物, ビルディング",☆,1,,building,"建物, ビルディング","建物, ビルディング",building,08.26SS2_KeyWords_P6_英日_問題.pdf,ビルディング,,building,building,,"建物, ビルディング",単語,0,原本保持
3243,サンシャイン,SS,2,P6,PROGRAM6 High-Tech,Nature,Step4 相手にわかりやすい説明をしよう / Our Project5 日本のおすすめスポットを紹介しよう,P86～P91,86,91,8,2,71,cloth,"布, 布切れ",☆,1,,cloth,"布, 布切れ","布, 布切れ",cloth,08.26SS2_KeyWords_P6_英日_問題.pdf,クロス,,cloth,cloth,,"布, 布切れ",単語,0,原本保持
3244,サンシャイン,SS,2,P6,PROGRAM6 High-Tech,Nature,Step4 相手にわかりやすい説明をしよう / Our Project5 日本のおすすめスポットを紹介しよう,P86～P91,86,91,8,2,72,comfortable,心地よい,☆,1,,comfortable,心地よい,心地よい,comfortable,08.26SS2_KeyWords_P6_英日_問題.pdf,カムファータッブル,,comfortable,comfortable,,心地よい,単語,0,原本保持
3245,サンシャイン,SS,2,P6,PROGRAM6 High-Tech,Nature,Step4 相手にわかりやすい説明をしよう / Our Project5 日本のおすすめスポットを紹介しよう,P86～P91,86,91,8,2,73,square,"正方形の, 四角い",☆,1,,square,"正方形の, 四角い","正方形の, 四角い",square,08.26SS2_KeyWords_P6_英日_問題.pdf,スクウェー,,square,square,,"正方形の, 四角い",単語,0,原本保持
3246,サンシャイン,SS,2,P6,PROGRAM6 High-Tech,Nature,Step4 相手にわかりやすい説明をしよう / Our Project5 日本のおすすめスポットを紹介しよう,P86～P91,86,91,8,2,74,film,撮影する,,0,,film,撮影する,撮影する,film,08.26SS2_KeyWords_P6_英日_問題.pdf,フィルム,,film,film,,撮影する,単語,0,原本保持
3247,サンシャイン,SS,2,P6,PROGRAM6 High-Tech,Nature,Step4 相手にわかりやすい説明をしよう / Our Project5 日本のおすすめスポットを紹介しよう,P86～P91,86,91,8,2,75,a piece of ~,1つ[1枚]の~,☆,1,,a piece of ~,1つ[1枚]の~,1つ[1枚]の~,a piece of ~,08.26SS2_KeyWords_P6_英日_問題.pdf,ア ピス オブ ～,,a piece of ~,a piece of ~,,1つ[1枚]の~,表現,1,原本保持
3248,サンシャイン,SS,2,P6,PROGRAM6 High-Tech,Nature,Step4 相手にわかりやすい説明をしよう / Our Project5 日本のおすすめスポットを紹介しよう,P86～P91,86,91,8,2,76,escape,"逃げる, のがれる",,0,,escape,"逃げる, のがれる","逃げる, のがれる",escape,08.26SS2_KeyWords_P6_英日_問題.pdf,イスケイプ,,escape,escape,,"逃げる, のがれる",単語,0,原本保持
3249,サンシャイン,SS,2,P6,PROGRAM6 High-Tech,Nature,Step4 相手にわかりやすい説明をしよう / Our Project5 日本のおすすめスポットを紹介しよう,P86～P91,86,91,8,2,77,sugar,砂糖,,0,,sugar,砂糖,砂糖,sugar,08.26SS2_KeyWords_P6_英日_問題.pdf,シュガー,,sugar,sugar,,砂糖,単語,0,原本保持
3250,サンシャイン,SS,2,P6,PROGRAM6 High-Tech,Nature,Step4 相手にわかりやすい説明をしよう / Our Project5 日本のおすすめスポットを紹介しよう,P86～P91,86,91,8,2,78,stone,石,,0,,stone,石,石,stone,08.26SS2_KeyWords_P6_英日_問題.pdf,ストン,,stone,stone,,石,単語,0,原本保持
3251,サンシャイン,SS,2,P6,PROGRAM6 High-Tech,Nature,Step4 相手にわかりやすい説明をしよう / Our Project5 日本のおすすめスポットを紹介しよう,P86～P91,86,91,8,2,79,plastic bag,ビニール袋,,0,,plastic bag,ビニール袋,ビニール袋,plastic bag,08.26SS2_KeyWords_P6_英日_問題.pdf,プラスティック バッグ,,plastic bag,plastic bag,,ビニール袋,複数語,1,原本保持
3252,サンシャイン,SS,2,P6,PROGRAM6 High-Tech,Nature,Step4 相手にわかりやすい説明をしよう / Our Project5 日本のおすすめスポットを紹介しよう,P86～P91,86,91,8,2,80,material,"材料, 原料",,0,,material,"材料, 原料","材料, 原料",material,08.26SS2_KeyWords_P6_英日_問題.pdf,マティリル,,material,material,,"材料, 原料",単語,0,原本保持
3253,サンシャイン,SS,2,P6,PROGRAM6 High-Tech,Nature,Step4 相手にわかりやすい説明をしよう / Our Project5 日本のおすすめスポットを紹介しよう,P86～P91,86,91,8,2,81,souvenir,みやげ,☆,1,,souvenir,みやげ,みやげ,souvenir,08.26SS2_KeyWords_P6_英日_問題.pdf,スヴァニー,,souvenir,souvenir,,みやげ,単語,0,原本保持
3254,サンシャイン,SS,2,P6,PROGRAM6 High-Tech,Nature,Step4 相手にわかりやすい説明をしよう / Our Project5 日本のおすすめスポットを紹介しよう,P86～P91,86,91,8,2,82,magical,"魔法の, 不思議な",,0,,magical,"魔法の, 不思議な","魔法の, 不思議な",magical,08.26SS2_KeyWords_P6_英日_問題.pdf,マジックル,,magical,magical,,"魔法の, 不思議な",単語,0,原本保持
3255,サンシャイン,SS,2,P6,PROGRAM6 High-Tech,Nature,Step4 相手にわかりやすい説明をしよう / Our Project5 日本のおすすめスポットを紹介しよう,P86～P91,86,91,8,2,83,prefecture,"県, 都道府県",☆,1,,prefecture,"県, 都道府県","県, 都道府県",prefecture,08.26SS2_KeyWords_P6_英日_問題.pdf,プリフェックチャー,,prefecture,prefecture,,"県, 都道府県",単語,0,原本保持
3256,サンシャイン,SS,2,P6,PROGRAM6 High-Tech,Nature,Step4 相手にわかりやすい説明をしよう / Our Project5 日本のおすすめスポットを紹介しよう,P86～P91,86,91,8,2,84,even,~でさえ,,0,,even,~でさえ,~でさえ,even,08.26SS2_KeyWords_P6_英日_問題.pdf,イーヴィン,,even,even,,~でさえ,単語,0,原本保持
3257,サンシャイン,SS,2,R2,Friendship,beyond Time and Borders Reading2,Reading2 教科書本文,P92～P95,92,95,9,1,1,each other,おたがいに[を],☆,1,,each other,おたがいに[を],おたがいに[を],each other,09.26SS2_KeyWords_R2_英日_問題.pdf,イーチ アザー,,each other,each other,,おたがいに[を],複数語,1,原本保持
3258,サンシャイン,SS,2,R2,Friendship,beyond Time and Borders Reading2,Reading2 教科書本文,P92～P95,92,95,9,1,2,coast,海岸,,0,,coast,海岸,海岸,coast,09.26SS2_KeyWords_R2_英日_問題.pdf,コスト,,coast,coast,,海岸,単語,0,原本保持
3259,サンシャイン,SS,2,R2,Friendship,beyond Time and Borders Reading2,Reading2 教科書本文,P92～P95,92,95,9,1,3,between A and B,AとBの間に,☆,1,,between A and B,AとBの間に,AとBの間に,between A and B,09.26SS2_KeyWords_R2_英日_問題.pdf,ビトゥイーン エイ アンド ビー,,between A and B,between A and B,,AとBの間に,複数語,1,原本保持
3260,サンシャイン,SS,2,R2,Friendship,beyond Time and Borders Reading2,Reading2 教科書本文,P92～P95,92,95,9,1,4,chicken,"ニワトリ, 鶏肉",,0,,chicken,"ニワトリ, 鶏肉","ニワトリ, 鶏肉",chicken,09.26SS2_KeyWords_R2_英日_問題.pdf,チカン,,chicken,chicken,,"ニワトリ, 鶏肉",単語,0,原本保持
3261,サンシャイン,SS,2,R2,Friendship,beyond Time and Borders Reading2,Reading2 教科書本文,P92～P95,92,95,9,1,5,sink-sank,沈む[原形-過去形],,0,,sink-sank,沈む[原形-過去形],沈む[原形-過去形],sink-sank,09.26SS2_KeyWords_R2_英日_問題.pdf,シングク・サングク,,sink-sank,sink-sank,,沈む[原形-過去形],単語,0,原本保持
3262,サンシャイン,SS,2,R2,Friendship,beyond Time and Borders Reading2,Reading2 教科書本文,P92～P95,92,95,9,1,6,president,大統領,,0,,president,大統領,大統領,president,09.26SS2_KeyWords_R2_英日_問題.pdf,プレザデント,,president,president,,大統領,単語,0,原本保持
3263,サンシャイン,SS,2,R2,Friendship,beyond Time and Borders Reading2,Reading2 教科書本文,P92～P95,92,95,9,1,7,understand,"わかる, 理解する",,0,,understand,"わかる, 理解する","わかる, 理解する",understand,09.26SS2_KeyWords_R2_英日_問題.pdf,アンダースタンド,,understand,understand,,"わかる, 理解する",単語,0,原本保持
3264,サンシャイン,SS,2,R2,Friendship,beyond Time and Borders Reading2,Reading2 教科書本文,P92～P95,92,95,9,1,8,friendship,"親交, 友情",,0,,friendship,"親交, 友情","親交, 友情",friendship,09.26SS2_KeyWords_R2_英日_問題.pdf,フレンドシップ,,friendship,friendship,,"親交, 友情",単語,0,原本保持
3265,サンシャイン,SS,2,R2,Friendship,beyond Time and Borders Reading2,Reading2 教科書本文,P92～P95,92,95,9,1,9,return,"帰る, もどる, もどす",,0,,return,"帰る, もどる, もどす","帰る, もどる, もどす",return,09.26SS2_KeyWords_R2_英日_問題.pdf,リターン,,return,return,,"帰る, もどる, もどす",単語,0,原本保持
3266,サンシャイン,SS,2,R2,Friendship,beyond Time and Borders Reading2,Reading2 教科書本文,P92～P95,92,95,9,1,10,border,"国境, 境界(線)",,0,,border,"国境, 境界(線)","国境, 境界(線)",border,09.26SS2_KeyWords_R2_英日_問題.pdf,ボーダー,,border,border,,"国境, 境界(線)",単語,0,原本保持
3267,サンシャイン,SS,2,R2,Friendship,beyond Time and Borders Reading2,Reading2 教科書本文,P92～P95,92,95,9,1,11,bury,"埋葬する, 埋める",,0,,bury,"埋葬する, 埋める","埋葬する, 埋める",bury,09.26SS2_KeyWords_R2_英日_問題.pdf,ベリ,,bury,bury,,"埋葬する, 埋める",単語,0,原本保持
3268,サンシャイン,SS,2,R2,Friendship,beyond Time and Borders Reading2,Reading2 教科書本文,P92～P95,92,95,9,1,12,enough,十分な,,0,,enough,十分な,十分な,enough,09.26SS2_KeyWords_R2_英日_問題.pdf,イナフ,,enough,enough,,十分な,単語,0,原本保持
3269,サンシャイン,SS,2,R2,Friendship,beyond Time and Borders Reading2,Reading2 教科書本文,P92～P95,92,95,9,1,13,rescue,救助する,,0,,rescue,救助する,救助する,rescue,09.26SS2_KeyWords_R2_英日_問題.pdf,レスクユ,,rescue,rescue,,救助する,単語,0,原本保持
3270,サンシャイン,SS,2,R2,Friendship,beyond Time and Borders Reading2,Reading2 教科書本文,P92～P95,92,95,9,1,14,eastern,"東部の, 東の",,0,,eastern,"東部の, 東の","東部の, 東の",eastern,09.26SS2_KeyWords_R2_英日_問題.pdf,イースターン,,eastern,eastern,,"東部の, 東の",単語,0,原本保持
3271,サンシャイン,SS,2,R2,Friendship,beyond Time and Borders Reading2,Reading2 教科書本文,P92～P95,92,95,9,1,15,accident,事故,,0,,accident,事故,事故,accident,09.26SS2_KeyWords_R2_英日_問題.pdf,アックサダント,,accident,accident,,事故,単語,0,原本保持
3272,サンシャイン,SS,2,R2,Friendship,beyond Time and Borders Reading2,Reading2 教科書本文,P92～P95,92,95,9,1,16,nearby,近くの,,0,,nearby,近くの,近くの,nearby,09.26SS2_KeyWords_R2_英日_問題.pdf,ニーバイ,,nearby,nearby,,近くの,単語,0,原本保持
3273,サンシャイン,SS,2,R2,Friendship,beyond Time and Borders Reading2,Reading2 教科書本文,P92～P95,92,95,9,1,17,earthquake,地震,,0,,earthquake,地震,地震,earthquake,09.26SS2_KeyWords_R2_英日_問題.pdf,アースクウェイク,,earthquake,earthquake,,地震,単語,0,原本保持
3274,サンシャイン,SS,2,R2,Friendship,beyond Time and Borders Reading2,Reading2 教科書本文,P92～P95,92,95,9,1,18,last,最後の,,0,,last,最後の,最後の,last,09.26SS2_KeyWords_R2_英日_問題.pdf,ラスト,,last,last,,最後の,単語,0,原本保持
3275,サンシャイン,SS,2,R2,Friendship,beyond Time and Borders Reading2,Reading2 教科書本文,P92～P95,92,95,9,1,19,typhoon,台風,,0,,typhoon,台風,台風,typhoon,09.26SS2_KeyWords_R2_英日_問題.pdf,タイフン,,typhoon,typhoon,,台風,単語,0,原本保持
3276,サンシャイン,SS,2,R2,Friendship,beyond Time and Borders Reading2,Reading2 教科書本文,P92～P95,92,95,9,1,20,however,しかし,,0,,however,しかし,しかし,however,09.26SS2_KeyWords_R2_英日_問題.pdf,ハウエヴァー,,however,however,,しかし,単語,0,原本保持
3277,サンシャイン,SS,2,R2,Friendship,beyond Time and Borders Reading2,Reading2 教科書本文,P92～P95,92,95,9,1,21,village,村,,0,,village,村,村,village,09.26SS2_KeyWords_R2_英日_問題.pdf,ヴィラジ,,village,village,,村,単語,0,原本保持
3278,サンシャイン,SS,2,R2,Friendship,beyond Time and Borders Reading2,Reading2 教科書本文,P92～P95,92,95,9,1,22,suddenly,"突然, 急に",,0,,suddenly,"突然, 急に","突然, 急に",suddenly,09.26SS2_KeyWords_R2_英日_問題.pdf,サダンリ,,suddenly,suddenly,,"突然, 急に",単語,0,原本保持
3279,サンシャイン,SS,2,R2,Friendship,beyond Time and Borders Reading2,Reading2 教科書本文,P92～P95,92,95,9,1,23,villager,村人,,0,,villager,村人,村人,villager,09.26SS2_KeyWords_R2_英日_問題.pdf,ヴィリジャー,,villager,villager,,村人,単語,0,原本保持
3280,サンシャイン,SS,2,R2,Friendship,beyond Time and Borders Reading2,Reading2 教科書本文,P92～P95,92,95,9,1,24,respectfully,"うやうやしく, 丁重に",,0,,respectfully,"うやうやしく, 丁重に","うやうやしく, 丁重に",respectfully,09.26SS2_KeyWords_R2_英日_問題.pdf,リスペックトファリ,,respectfully,respectfully,,"うやうやしく, 丁重に",単語,0,原本保持
3281,サンシャイン,SS,2,R2,Friendship,beyond Time and Borders Reading2,Reading2 教科書本文,P92～P95,92,95,9,1,25,the dead,死者,,0,,the dead,死者,死者,the dead,09.26SS2_KeyWords_R2_英日_問題.pdf,ザ デッド,,the dead,the dead,,死者,複数語,1,原本保持
3282,サンシャイン,SS,2,R2,Friendship,beyond Time and Borders Reading2,Reading2 教科書本文,P92～P95,92,95,9,1,26,beyond,~を越えて,,0,,beyond,~を越えて,~を越えて,beyond,09.26SS2_KeyWords_R2_英日_問題.pdf,ビアンド,,beyond,beyond,,~を越えて,単語,0,原本保持
3283,サンシャイン,SS,2,R2,Friendship,beyond Time and Borders Reading2,Reading2 教科書本文,P92～P95,92,95,9,1,27,Turkey,トルコ,,0,,Turkey,トルコ,トルコ,Turkey,09.26SS2_KeyWords_R2_英日_問題.pdf,ターキー,,Turkey,Turkey,,トルコ,単語,0,原本保持
3284,サンシャイン,SS,2,R2,Friendship,beyond Time and Borders Reading2,Reading2 教科書本文,P92～P95,92,95,9,1,28,above,~の上(のほう)に[の],,0,,above,~の上(のほう)に[の],~の上(のほう)に[の],above,09.26SS2_KeyWords_R2_英日_問題.pdf,アバヴ,,above,above,,~の上(のほう)に[の],単語,0,原本保持
3285,サンシャイン,SS,2,R2,Friendship,beyond Time and Borders Reading2,Reading2 教科書本文,P92～P95,92,95,9,1,29,Turkish,"トルコ語, トルコ(人)の",,0,,Turkish,"トルコ語, トルコ(人)の","トルコ語, トルコ(人)の",Turkish,09.26SS2_KeyWords_R2_英日_問題.pdf,ターキッシュ,,Turkish,Turkish,,"トルコ語, トルコ(人)の",単語,0,原本保持
3286,サンシャイン,SS,2,R2,Friendship,beyond Time and Borders Reading2,Reading2 教科書本文,P92～P95,92,95,9,1,30,on the way back to ~,~へもどる途中で,,0,,on the way back to ~,~へもどる途中で,~へもどる途中で,on the way back to ~,09.26SS2_KeyWords_R2_英日_問題.pdf,オン ザ ウェイ バック トゥ ～,,on the way back to ~,on the way back to ~,,~へもどる途中で,表現,1,原本保持
3287,サンシャイン,SS,2,R2,Friendship,beyond Time and Borders Reading2,Reading2 教科書本文,P92～P95,92,95,9,1,31,survivor,生存者,,0,,survivor,生存者,生存者,survivor,09.26SS2_KeyWords_R2_英日_問題.pdf,サーヴァイヴァー,,survivor,survivor,,生存者,単語,0,原本保持
3288,サンシャイン,SS,2,R2,Friendship,beyond Time and Borders Reading2,Reading2 教科書本文,P92～P95,92,95,9,1,32,more than ~,~より多い,,0,,more than ~,~より多い,~より多い,more than ~,09.26SS2_KeyWords_R2_英日_問題.pdf,モー ザン ～,,more than ~,more than ~,,~より多い,表現,1,原本保持
3289,サンシャイン,SS,2,R2,Friendship,beyond Time and Borders Reading2,Reading2 教科書本文,P92～P95,92,95,9,1,33,mission,"使節, 任務, 使命",,0,,mission,"使節, 任務, 使命","使節, 任務, 使命",mission,09.26SS2_KeyWords_R2_英日_問題.pdf,ミシャン,,mission,mission,,"使節, 任務, 使命",単語,0,原本保持
3290,サンシャイン,SS,2,R2,Friendship,beyond Time and Borders Reading2,Reading2 教科書本文,P92～P95,92,95,9,1,34,at war,戦争中で,,0,,at war,戦争中で,戦争中で,at war,09.26SS2_KeyWords_R2_英日_問題.pdf,アット ウォー,,at war,at war,,戦争中で,複数語,1,原本保持
3291,サンシャイン,SS,2,R2,Friendship,beyond Time and Borders Reading2,Reading2 教科書本文,P92～P95,92,95,9,1,35,goodwill,"親善, 好意",,0,,goodwill,"親善, 好意","親善, 好意",goodwill,09.26SS2_KeyWords_R2_英日_問題.pdf,グッドウィル,,goodwill,goodwill,,"親善, 好意",単語,0,原本保持
3292,サンシャイン,SS,2,R2,Friendship,beyond Time and Borders Reading2,Reading2 教科書本文,P92～P95,92,95,9,1,36,one after another,次々と,,0,,one after another,次々と,次々と,one after another,09.26SS2_KeyWords_R2_英日_問題.pdf,ワン アフター アナザー,,one after another,one after another,,次々と,複数語,1,原本保持
3293,サンシャイン,SS,2,R2,Friendship,beyond Time and Borders Reading2,Reading2 教科書本文,P92～P95,92,95,9,1,37,fishing village,漁村,,0,,fishing village,漁村,漁村,fishing village,09.26SS2_KeyWords_R2_英日_問題.pdf,フィシング ヴィラジ,,fishing village,fishing village,,漁村,複数語,1,原本保持
3294,サンシャイン,SS,2,P7,PROGRAM7,Unique Animals,"PROGRAM7 7-1, 2",P97～P102,97,102,10,1,1,somewhere,どこかへ[で],☆,1,,somewhere,どこかへ[で],どこかへ[で],somewhere,10.26SS2_KeyWords_P7_英日_問題.pdf,サムウェー,,somewhere,somewhere,,どこかへ[で],単語,0,原本保持
3295,サンシャイン,SS,2,P7,PROGRAM7,Unique Animals,"PROGRAM7 7-1, 2",P97～P102,97,102,10,1,2,agree,"同意する, 賛成する",☆,1,,agree,"同意する, 賛成する","同意する, 賛成する",agree,10.26SS2_KeyWords_P7_英日_問題.pdf,アグリ,,agree,agree,,"同意する, 賛成する",単語,0,原本保持
3296,サンシャイン,SS,2,P7,PROGRAM7,Unique Animals,"PROGRAM7 7-1, 2",P97～P102,97,102,10,1,3,warm up ~,~を温める,☆,1,,warm up ~,~を温める,~を温める,warm up ~,10.26SS2_KeyWords_P7_英日_問題.pdf,ウォーム アップ ～,,warm up ~,warm up ~,,~を温める,表現,1,原本保持
3297,サンシャイン,SS,2,P7,PROGRAM7,Unique Animals,"PROGRAM7 7-1, 2",P97～P102,97,102,10,1,4,half,半分,☆,1,,half,半分,半分,half,10.26SS2_KeyWords_P7_英日_問題.pdf,ハフ,,half,half,,半分,単語,0,原本保持
3298,サンシャイン,SS,2,P7,PROGRAM7,Unique Animals,"PROGRAM7 7-1, 2",P97～P102,97,102,10,1,5,~times a day,1日に~回,☆,1,,~times a day,1日に~回,1日に~回,~times a day,10.26SS2_KeyWords_P7_英日_問題.pdf,～ タイムズ ア デイ,,~times a day,~times a day,,1日に~回,表現,1,原本保持
3299,サンシャイン,SS,2,P7,PROGRAM7,Unique Animals,"PROGRAM7 7-1, 2",P97～P102,97,102,10,1,6,breathe,"息をする, 呼吸する",,0,,breathe,"息をする, 呼吸する","息をする, 呼吸する",breathe,10.26SS2_KeyWords_P7_英日_問題.pdf,ブリ,,breathe,breathe,,"息をする, 呼吸する",単語,0,原本保持
3300,サンシャイン,SS,2,P7,PROGRAM7,Unique Animals,"PROGRAM7 7-1, 2",P97～P102,97,102,10,1,7,in order to ~,~するために,☆,1,,in order to ~,~するために,~するために,in order to ~,10.26SS2_KeyWords_P7_英日_問題.pdf,イン オーダー トゥ ～,,in order to ~,in order to ~,,~するために,表現,1,原本保持
3301,サンシャイン,SS,2,P7,PROGRAM7,Unique Animals,"PROGRAM7 7-1, 2",P97～P102,97,102,10,1,8,mammal,ほ乳類,,0,,mammal,ほ乳類,ほ乳類,mammal,10.26SS2_KeyWords_P7_英日_問題.pdf,ママル,,mammal,mammal,,ほ乳類,単語,0,原本保持
3302,サンシャイン,SS,2,P7,PROGRAM7,Unique Animals,"PROGRAM7 7-1, 2",P97～P102,97,102,10,1,9,information,情報,,0,,information,情報,情報,information,10.26SS2_KeyWords_P7_英日_問題.pdf,インファーメイシャン,,information,information,,情報,単語,0,原本保持
3303,サンシャイン,SS,2,P7,PROGRAM7,Unique Animals,"PROGRAM7 7-1, 2",P97～P102,97,102,10,1,10,ticket,"入場券, 切符",,0,,ticket,"入場券, 切符","入場券, 切符",ticket,10.26SS2_KeyWords_P7_英日_問題.pdf,ティカット,,ticket,ticket,,"入場券, 切符",単語,0,原本保持
3304,サンシャイン,SS,2,P7,PROGRAM7,Unique Animals,"PROGRAM7 7-1, 2",P97～P102,97,102,10,1,11,fur,毛皮,,0,,fur,毛皮,毛皮,fur,10.26SS2_KeyWords_P7_英日_問題.pdf,ファー,,fur,fur,,毛皮,単語,0,原本保持
3305,サンシャイン,SS,2,P7,PROGRAM7,Unique Animals,"PROGRAM7 7-1, 2",P97～P102,97,102,10,1,12,penguin,ペンギン,,0,,penguin,ペンギン,ペンギン,penguin,10.26SS2_KeyWords_P7_英日_問題.pdf,ペンググワン,,penguin,penguin,,ペンギン,単語,0,原本保持
3306,サンシャイン,SS,2,P7,PROGRAM7,Unique Animals,"PROGRAM7 7-1, 2",P97～P102,97,102,10,1,13,cheek,ほほ,,0,,cheek,ほほ,ほほ,cheek,10.26SS2_KeyWords_P7_英日_問題.pdf,チク,,cheek,cheek,,ほほ,単語,0,原本保持
3307,サンシャイン,SS,2,P7,PROGRAM7,Unique Animals,"PROGRAM7 7-1, 2",P97～P102,97,102,10,1,14,surprising,"おどろくべき, 意外な",,0,,surprising,"おどろくべき, 意外な","おどろくべき, 意外な",surprising,10.26SS2_KeyWords_P7_英日_問題.pdf,サープライジング,,surprising,surprising,,"おどろくべき, 意外な",単語,0,原本保持
3308,サンシャイン,SS,2,P7,PROGRAM7,Unique Animals,"PROGRAM7 7-1, 2",P97～P102,97,102,10,1,15,fireworks,花火,,0,,fireworks,花火,花火,fireworks,10.26SS2_KeyWords_P7_英日_問題.pdf,ファイーワークス,,fireworks,fireworks,,花火,単語,0,原本保持
3309,サンシャイン,SS,2,P7,PROGRAM7,Unique Animals,"PROGRAM7 7-1, 2",P97～P102,97,102,10,1,16,smart,"頭のよい, かしこい",,0,,smart,"頭のよい, かしこい","頭のよい, かしこい",smart,10.26SS2_KeyWords_P7_英日_問題.pdf,スマート,,smart,smart,,"頭のよい, かしこい",単語,0,原本保持
3310,サンシャイン,SS,2,P7,PROGRAM7,Unique Animals,"PROGRAM7 7-1, 2",P97～P102,97,102,10,1,17,cherry blossom,サクラ,,0,,cherry blossom,サクラ,サクラ,cherry blossom,10.26SS2_KeyWords_P7_英日_問題.pdf,チェリ ブラサム,,cherry blossom,cherry blossom,,サクラ,複数語,1,原本保持
3311,サンシャイン,SS,2,P7,PROGRAM7,Unique Animals,"PROGRAM7 7-1, 2",P97～P102,97,102,10,1,18,awake,目がさめて,,0,,awake,目がさめて,目がさめて,awake,10.26SS2_KeyWords_P7_英日_問題.pdf,アウェイク,,awake,awake,,目がさめて,単語,0,原本保持
3312,サンシャイン,SS,2,P7,PROGRAM7,Unique Animals,"PROGRAM7 7-1, 2",P97～P102,97,102,10,1,19,thick,厚い,,0,,thick,厚い,厚い,thick,10.26SS2_KeyWords_P7_英日_問題.pdf,シック,,thick,thick,,厚い,単語,0,原本保持
3313,サンシャイン,SS,2,P7,PROGRAM7,Unique Animals,"PROGRAM7 7-1, 2",P97～P102,97,102,10,1,20,quite,"非常に, まったく",,0,,quite,"非常に, まったく","非常に, まったく",quite,10.26SS2_KeyWords_P7_英日_問題.pdf,クワイト,,quite,quite,,"非常に, まったく",単語,0,原本保持
3314,サンシャイン,SS,2,P7,PROGRAM7,Unique Animals,"PROGRAM7 7-1, 2",P97～P102,97,102,10,1,21,adorable,とてもかわいい,,0,,adorable,とてもかわいい,とてもかわいい,adorable,10.26SS2_KeyWords_P7_英日_問題.pdf,アドラッブル,,adorable,adorable,,とてもかわいい,単語,0,原本保持
3315,サンシャイン,SS,2,P7,PROGRAM7,Unique Animals,"PROGRAM7 7-1, 2",P97～P102,97,102,10,1,22,I have no idea.,わかりません。,,0,,I have no idea.,わかりません。,わかりません。,I have no idea.,10.26SS2_KeyWords_P7_英日_問題.pdf,アイ ハブ ノウ アイディア,,I have no idea.,I have no idea.,,わかりません。,複数語,1,原本保持
3316,サンシャイン,SS,2,P7,PROGRAM7,Unique Animals,"PROGRAM7 7-1, 2",P97～P102,97,102,10,1,23,all over ~,~のいたるところに,,0,,all over ~,~のいたるところに,~のいたるところに,all over ~,10.26SS2_KeyWords_P7_英日_問題.pdf,オール オーバー ～,,all over ~,all over ~,,~のいたるところに,表現,1,原本保持
3317,サンシャイン,SS,2,P7,PROGRAM7,Unique Animals,PROGRAM7 7-3,P103～P106,103,106,10,1,24,though,~だけれども,☆,1,,though,~だけれども,~だけれども,though,10.26SS2_KeyWords_P7_英日_問題.pdf,ゾ,,though,though,,~だけれども,単語,0,原本保持
3318,サンシャイン,SS,2,P7,PROGRAM7,Unique Animals,PROGRAM7 7-3,P103～P106,103,106,10,1,25,enemy,敵,,0,,enemy,敵,敵,enemy,10.26SS2_KeyWords_P7_英日_問題.pdf,エナミ,,enemy,enemy,,敵,単語,0,原本保持
3319,サンシャイン,SS,2,P7,PROGRAM7,Unique Animals,PROGRAM7 7-3,P103～P106,103,106,10,1,26,not always ~,いつも~とは限らない,☆,1,,not always ~,いつも~とは限らない,いつも~とは限らない,not always ~,10.26SS2_KeyWords_P7_英日_問題.pdf,ノット オールウェイズ ～,,not always ~,not always ~,,いつも~とは限らない,表現,1,原本保持
3320,サンシャイン,SS,2,P7,PROGRAM7,Unique Animals,PROGRAM7 7-3,P103～P106,103,106,10,1,27,lovely,"愛らしい, 美しい",,0,,lovely,"愛らしい, 美しい","愛らしい, 美しい",lovely,10.26SS2_KeyWords_P7_英日_問題.pdf,ラヴリ,,lovely,lovely,,"愛らしい, 美しい",単語,0,原本保持
3321,サンシャイン,SS,2,P7,PROGRAM7,Unique Animals,PROGRAM7 7-3,P103～P106,103,106,10,1,28,seed,"種, 種子",,0,,seed,"種, 種子","種, 種子",seed,10.26SS2_KeyWords_P7_英日_問題.pdf,シド,,seed,seed,,"種, 種子",単語,0,原本保持
3322,サンシャイン,SS,2,P7,PROGRAM7,Unique Animals,PROGRAM7 7-3,P103～P106,103,106,10,1,29,daytime,昼間,,0,,daytime,昼間,昼間,daytime,10.26SS2_KeyWords_P7_英日_問題.pdf,デイタイム,,daytime,daytime,,昼間,単語,0,原本保持
3323,サンシャイン,SS,2,P7,PROGRAM7,Unique Animals,PROGRAM7 7-3,P103～P106,103,106,10,1,30,nighttime,夜間,,0,,nighttime,夜間,夜間,nighttime,10.26SS2_KeyWords_P7_英日_問題.pdf,ナイトタイム,,nighttime,nighttime,,夜間,単語,0,原本保持
3324,サンシャイン,SS,2,P7,PROGRAM7,Unique Animals,PROGRAM7 7-3,P103～P106,103,106,10,1,31,once,"かつて, 以前",,0,,once,"かつて, 以前","かつて, 以前",once,10.26SS2_KeyWords_P7_英日_問題.pdf,ワンス,,once,once,,"かつて, 以前",単語,0,原本保持
3325,サンシャイン,SS,2,P7,PROGRAM7,Unique Animals,PROGRAM7 7-3,P103～P106,103,106,10,1,32,grass,草,,0,,grass,草,草,grass,10.26SS2_KeyWords_P7_英日_問題.pdf,グラス,,grass,grass,,草,単語,0,原本保持
3326,サンシャイン,SS,2,P7,PROGRAM7,Unique Animals,PROGRAM7 教科書本文,P101～P103,101,103,10,1,33,shellfish,貝類,,0,,shellfish,貝類,貝類,shellfish,10.26SS2_KeyWords_P7_英日_問題.pdf,シェルフィシュ,,shellfish,shellfish,,貝類,単語,0,原本保持
3327,サンシャイン,SS,2,P7,PROGRAM7,Unique Animals,PROGRAM7 教科書本文,P101～P103,101,103,10,1,34,hamster,ハムスター,,0,,hamster,ハムスター,ハムスター,hamster,10.26SS2_KeyWords_P7_英日_問題.pdf,ハムスター,,hamster,hamster,,ハムスター,単語,0,原本保持
3328,サンシャイン,SS,2,P7,PROGRAM7,Unique Animals,PROGRAM7 教科書本文,P101～P103,101,103,10,1,35,sea otter,ラッコ,,0,,sea otter,ラッコ,ラッコ,sea otter,10.26SS2_KeyWords_P7_英日_問題.pdf,シ アター,,sea otter,sea otter,,ラッコ,複数語,1,原本保持
3329,サンシャイン,SS,2,P7,PROGRAM7,Unique Animals,PROGRAM7 教科書本文,P101～P103,101,103,10,1,36,stock,だし,,0,,stock,だし,だし,stock,10.26SS2_KeyWords_P7_英日_問題.pdf,スタク,,stock,stock,,だし,単語,0,原本保持
3330,サンシャイン,SS,2,P7,PROGRAM7,Unique Animals,PROGRAM7 教科書本文,P101～P103,101,103,10,1,37,palm,手のひら,,0,,palm,手のひら,手のひら,palm,10.26SS2_KeyWords_P7_英日_問題.pdf,パム,,palm,palm,,手のひら,単語,0,原本保持
3331,サンシャイン,SS,2,P7,PROGRAM7,Unique Animals,PROGRAM7 教科書本文,P101～P103,101,103,10,1,38,seabird,海鳥,,0,,seabird,海鳥,海鳥,seabird,10.26SS2_KeyWords_P7_英日_問題.pdf,シーバード,,seabird,seabird,,海鳥,単語,0,原本保持
3332,サンシャイン,SS,2,P7,PROGRAM7,Unique Animals,PROGRAM7 教科書本文,P101～P103,101,103,10,1,39,brain,脳,,0,,brain,脳,脳,brain,10.26SS2_KeyWords_P7_英日_問題.pdf,ブレイン,,brain,brain,,脳,単語,0,原本保持
3333,サンシャイン,SS,2,P7,PROGRAM7,Unique Animals,PROGRAM7 教科書本文,P101～P103,101,103,10,1,40,flying fish,トビウオ,,0,,flying fish,トビウオ,トビウオ,flying fish,10.26SS2_KeyWords_P7_英日_問題.pdf,フライイング フィッシュ,,flying fish,flying fish,,トビウオ,複数語,1,原本保持
3334,サンシャイン,SS,2,P7,PROGRAM7,Unique Animals,PROGRAM7 教科書本文,P101～P103,101,103,10,1,41,sunflower,ヒマワリ,,0,,sunflower,ヒマワリ,ヒマワリ,sunflower,10.26SS2_KeyWords_P7_英日_問題.pdf,サンフラウアー,,sunflower,sunflower,,ヒマワリ,単語,0,原本保持
3335,サンシャイン,SS,2,P7,PROGRAM7,Unique Animals,PROGRAM7 教科書本文,P101～P103,101,103,10,1,42,fry,油であげる,,0,,fry,油であげる,油であげる,fry,10.26SS2_KeyWords_P7_英日_問題.pdf,フライ,,fry,fry,,油であげる,単語,0,原本保持
3336,サンシャイン,SS,2,P7,PROGRAM7,Unique Animals,PROGRAM7 教科書本文,P101～P103,101,103,10,1,43,pocket,ポケット,,0,,pocket,ポケット,ポケット,pocket,10.26SS2_KeyWords_P7_英日_問題.pdf,パカット,,pocket,pocket,,ポケット,単語,0,原本保持
3337,サンシャイン,SS,2,P7,PROGRAM7,Unique Animals,PROGRAM7 7-1～3,P97～P106,97,106,10,1,44,information,情報,☆,1,,information,情報,情報,information,10.26SS2_KeyWords_P7_英日_問題.pdf,インファーメイシャン,,information,information,,情報,単語,0,原本保持
3338,サンシャイン,SS,2,P7,PROGRAM7,Unique Animals,PROGRAM7 7-1～3,P97～P106,97,106,10,1,45,I have no idea.,わかりません。,☆,1,,I have no idea.,わかりません。,わかりません。,I have no idea.,10.26SS2_KeyWords_P7_英日_問題.pdf,アイ ハブ ノウ アイディア,,I have no idea.,I have no idea.,,わかりません。,複数語,1,原本保持
3339,サンシャイン,SS,2,P7,PROGRAM7,Unique Animals,PROGRAM7 7-1～3,P97～P106,97,106,10,1,46,all over ~,~のいたるところに,☆,1,,all over ~,~のいたるところに,~のいたるところに,all over ~,10.26SS2_KeyWords_P7_英日_問題.pdf,オール オーバー ～,,all over ~,all over ~,,~のいたるところに,表現,1,原本保持
3340,サンシャイン,SS,2,P8,A,Hope for Lasting Peace PROGRAM8,PROGRAM8 8-1,P107～P111,107,111,11,1,1,make-made-made,作る[原形-過去形-過去分詞形],☆,1,,make-made-made,作る[原形-過去形-過去分詞形],作る[原形-過去形-過去分詞形],make-made-made,11.26SS2_KeyWords_P8_英日_問題.pdf,メイク・メイド・メイド,,make-made-made,make-made-made,,作る[原形-過去形-過去分詞形],単語,0,原本保持
3341,サンシャイン,SS,2,P8,A,Hope for Lasting Peace PROGRAM8,PROGRAM8 8-1,P107～P111,107,111,11,1,2,store,店,,0,,store,店,店,store,11.26SS2_KeyWords_P8_英日_問題.pdf,ストー,,store,store,,店,単語,0,原本保持
3342,サンシャイン,SS,2,P8,A,Hope for Lasting Peace PROGRAM8,PROGRAM8 8-1,P107～P111,107,111,11,1,3,break-broke-broken,壊す[原形-過去形-過去分詞形],☆,1,,break-broke-broken,壊す[原形-過去形-過去分詞形],壊す[原形-過去形-過去分詞形],break-broke-broken,11.26SS2_KeyWords_P8_英日_問題.pdf,ブレイク・ブロク・ブロカン,,break-broke-broken,break-broke-broken,,壊す[原形-過去形-過去分詞形],単語,0,原本保持
3343,サンシャイン,SS,2,P8,A,Hope for Lasting Peace PROGRAM8,PROGRAM8 8-1,P107～P111,107,111,11,1,4,stationery,文房具,,0,,stationery,文房具,文房具,stationery,11.26SS2_KeyWords_P8_英日_問題.pdf,ステイシャネリ,,stationery,stationery,,文房具,単語,0,原本保持
3344,サンシャイン,SS,2,P8,A,Hope for Lasting Peace PROGRAM8,PROGRAM8 8-1,P107～P111,107,111,11,1,5,write-wrote-written,書く[原形-過去形-過去分詞形],☆,1,,write-wrote-written,書く[原形-過去形-過去分詞形],書く[原形-過去形-過去分詞形],write-wrote-written,11.26SS2_KeyWords_P8_英日_問題.pdf,ライト・ロト・リタン,,write-wrote-written,write-wrote-written,,書く[原形-過去形-過去分詞形],単語,0,原本保持
3345,サンシャイン,SS,2,P8,A,Hope for Lasting Peace PROGRAM8,PROGRAM8 8-1,P107～P111,107,111,11,1,6,paint,(絵を)描く,,0,,paint,(絵を)描く,(絵を)描く,paint,11.26SS2_KeyWords_P8_英日_問題.pdf,ペイント,,paint,paint,,(絵を)描く,単語,0,原本保持
3346,サンシャイン,SS,2,P8,A,Hope for Lasting Peace PROGRAM8,PROGRAM8 8-1,P107～P111,107,111,11,1,7,see-saw-seen,見る[原形-過去形-過去分詞形],☆,1,,see-saw-seen,見る[原形-過去形-過去分詞形],見る[原形-過去形-過去分詞形],see-saw-seen,11.26SS2_KeyWords_P8_英日_問題.pdf,シー・ソ・シン,,see-saw-seen,see-saw-seen,,見る[原形-過去形-過去分詞形],単語,0,原本保持
3347,サンシャイン,SS,2,P8,A,Hope for Lasting Peace PROGRAM8,PROGRAM8 8-1,P107～P111,107,111,11,1,8,line,線,,0,,line,線,線,line,11.26SS2_KeyWords_P8_英日_問題.pdf,ライン,,line,line,,線,単語,0,原本保持
3348,サンシャイン,SS,2,P8,A,Hope for Lasting Peace PROGRAM8,PROGRAM8 8-1,P107～P111,107,111,11,1,9,sell-sold-sold,売る[原形-過去形-過去分詞形],☆,1,,sell-sold-sold,売る[原形-過去形-過去分詞形],売る[原形-過去形-過去分詞形],sell-sold-sold,11.26SS2_KeyWords_P8_英日_問題.pdf,セル・ソールド・ソールド,,sell-sold-sold,sell-sold-sold,,売る[原形-過去形-過去分詞形],単語,0,原本保持
3349,サンシャイン,SS,2,P8,A,Hope for Lasting Peace PROGRAM8,PROGRAM8 8-1,P107～P111,107,111,11,1,10,email,"Eメール, 電子メール",,0,,email,"Eメール, 電子メール","Eメール, 電子メール",email,11.26SS2_KeyWords_P8_英日_問題.pdf,イーメール,,email,email,,"Eメール, 電子メール",単語,0,原本保持
3350,サンシャイン,SS,2,P8,A,Hope for Lasting Peace PROGRAM8,PROGRAM8 8-1,P107～P111,107,111,11,1,11,take-took-taken,とる[原形-過去形-過去分詞形],☆,1,,take-took-taken,とる[原形-過去形-過去分詞形],とる[原形-過去形-過去分詞形],take-took-taken,11.26SS2_KeyWords_P8_英日_問題.pdf,テイク・トゥック・テイカン,,take-took-taken,take-took-taken,,とる[原形-過去形-過去分詞形],単語,0,原本保持
3351,サンシャイン,SS,2,P8,A,Hope for Lasting Peace PROGRAM8,PROGRAM8 8-1,P107～P111,107,111,11,1,12,hope,"望み, 希望",,0,,hope,"望み, 希望","望み, 希望",hope,11.26SS2_KeyWords_P8_英日_問題.pdf,ホープ,,hope,hope,,"望み, 希望",単語,0,原本保持
3352,サンシャイン,SS,2,P8,A,Hope for Lasting Peace PROGRAM8,PROGRAM8 8-1,P107～P111,107,111,11,1,13,build-built-built,建てる[原形-過去形-過去分詞形],☆,1,,build-built-built,建てる[原形-過去形-過去分詞形],建てる[原形-過去形-過去分詞形],build-built-built,11.26SS2_KeyWords_P8_英日_問題.pdf,ビルド・ビルト・ビルト,,build-built-built,build-built-built,,建てる[原形-過去形-過去分詞形],単語,0,原本保持
3353,サンシャイン,SS,2,P8,A,Hope for Lasting Peace PROGRAM8,PROGRAM8 8-1,P107～P111,107,111,11,1,14,recycled,再利用[リサイクル]された,,0,,recycled,再利用[リサイクル]された,再利用[リサイクル]された,recycled,11.26SS2_KeyWords_P8_英日_問題.pdf,リサイクルド,,recycled,recycled,,再利用[リサイクル]された,単語,0,原本保持
3354,サンシャイン,SS,2,P8,A,Hope for Lasting Peace PROGRAM8,PROGRAM8 8-1,P107～P111,107,111,11,1,15,kitchen,"台所, キッチン",☆,1,,kitchen,"台所, キッチン","台所, キッチン",kitchen,11.26SS2_KeyWords_P8_英日_問題.pdf,キチャン,,kitchen,kitchen,,"台所, キッチン",単語,0,原本保持
3355,サンシャイン,SS,2,P8,A,Hope for Lasting Peace PROGRAM8,PROGRAM8 8-1,P107～P111,107,111,11,1,16,lasting,"長く続く, 永続的な",,0,,lasting,"長く続く, 永続的な","長く続く, 永続的な",lasting,11.26SS2_KeyWords_P8_英日_問題.pdf,ラスティング,,lasting,lasting,,"長く続く, 永続的な",単語,0,原本保持
3356,サンシャイン,SS,2,P8,A,Hope for Lasting Peace PROGRAM8,PROGRAM8 8-1,P107～P111,107,111,11,1,17,draw,(線を)引く,,0,,draw,(線を)引く,(線を)引く,draw,11.26SS2_KeyWords_P8_英日_問題.pdf,ドロー,,draw,draw,,(線を)引く,単語,0,原本保持
3357,サンシャイン,SS,2,P8,A,Hope for Lasting Peace PROGRAM8,PROGRAM8 8-1,P107～P111,107,111,11,1,18,Absolutely.,まったくそのとおり。,,0,,Absolutely.,まったくそのとおり。,まったくそのとおり。,Absolutely.,11.26SS2_KeyWords_P8_英日_問題.pdf,アブソルートリー,,Absolutely.,Absolutely.,,まったくそのとおり。,単語,0,原本保持
3358,サンシャイン,SS,2,P8,A,Hope for Lasting Peace PROGRAM8,PROGRAM8 8-1,P107～P111,107,111,11,1,19,heart,"心, 感情",,0,,heart,"心, 感情","心, 感情",heart,11.26SS2_KeyWords_P8_英日_問題.pdf,ハート,,heart,heart,,"心, 感情",単語,0,原本保持
3359,サンシャイン,SS,2,P8,A,Hope for Lasting Peace PROGRAM8,PROGRAM8 8-1,P107～P111,107,111,11,1,20,Me neither.,私も~なかったです。,,0,,Me neither.,私も~なかったです。,私も~なかったです。,Me neither.,11.26SS2_KeyWords_P8_英日_問題.pdf,ミー ニーザー,,Me neither.,Me neither.,,私も~なかったです。,複数語,1,原本保持
3360,サンシャイン,SS,2,P8,A,Hope for Lasting Peace PROGRAM8,"PROGRAM8 8-2, 3",P112～P116,112,116,11,1,21,pass away,亡くなる,☆,1,,pass away,亡くなる,亡くなる,pass away,11.26SS2_KeyWords_P8_英日_問題.pdf,パス アウェイ,,pass away,pass away,,亡くなる,複数語,1,原本保持
3361,サンシャイン,SS,2,P8,A,Hope for Lasting Peace PROGRAM8,"PROGRAM8 8-2, 3",P112～P116,112,116,11,1,22,be covered with ~,~でおおわれている,☆,1,,be covered with ~,~でおおわれている,~でおおわれている,be covered with ~,11.26SS2_KeyWords_P8_英日_問題.pdf,ビー カヴァード ウィズ ～,,be covered with ~,be covered with ~,,~でおおわれている,表現,1,原本保持
3362,サンシャイン,SS,2,P8,A,Hope for Lasting Peace PROGRAM8,"PROGRAM8 8-2, 3",P112～P116,112,116,11,1,23,victim,犠牲者,,0,,victim,犠牲者,犠牲者,victim,11.26SS2_KeyWords_P8_英日_問題.pdf,ヴィックタム,,victim,victim,,犠牲者,単語,0,原本保持
3363,サンシャイン,SS,2,P8,A,Hope for Lasting Peace PROGRAM8,"PROGRAM8 8-2, 3",P112～P116,112,116,11,1,24,renew,新たにする,,0,,renew,新たにする,新たにする,renew,11.26SS2_KeyWords_P8_英日_問題.pdf,リヌ,,renew,renew,,新たにする,単語,0,原本保持
3364,サンシャイン,SS,2,P8,A,Hope for Lasting Peace PROGRAM8,"PROGRAM8 8-2, 3",P112～P116,112,116,11,1,25,monument,"記念碑, 慰霊碑",,0,,monument,"記念碑, 慰霊碑","記念碑, 慰霊碑",monument,11.26SS2_KeyWords_P8_英日_問題.pdf,マンユマント,,monument,monument,,"記念碑, 慰霊碑",単語,0,原本保持
3365,サンシャイン,SS,2,P8,A,Hope for Lasting Peace PROGRAM8,"PROGRAM8 8-2, 3",P112～P116,112,116,11,1,26,cost,(費用が)かかる,,0,,cost,(費用が)かかる,(費用が)かかる,cost,11.26SS2_KeyWords_P8_英日_問題.pdf,カスト,,cost,cost,,(費用が)かかる,単語,0,原本保持
3366,サンシャイン,SS,2,P8,A,Hope for Lasting Peace PROGRAM8,"PROGRAM8 8-2, 3",P112～P116,112,116,11,1,27,tourist,"観光客, 旅行者",,0,,tourist,"観光客, 旅行者","観光客, 旅行者",tourist,11.26SS2_KeyWords_P8_英日_問題.pdf,トゥラスト,,tourist,tourist,,"観光客, 旅行者",単語,0,原本保持
3367,サンシャイン,SS,2,P8,A,Hope for Lasting Peace PROGRAM8,"PROGRAM8 8-2, 3",P112～P116,112,116,11,1,28,wine,"ワイン, ブドウ酒",,0,,wine,"ワイン, ブドウ酒","ワイン, ブドウ酒",wine,11.26SS2_KeyWords_P8_英日_問題.pdf,ワイン,,wine,wine,,"ワイン, ブドウ酒",単語,0,原本保持
3368,サンシャイン,SS,2,P8,A,Hope for Lasting Peace PROGRAM8,"PROGRAM8 8-2, 3",P112～P116,112,116,11,1,29,atomic bomb,原子力爆弾,,0,,atomic bomb,原子力爆弾,原子力爆弾,atomic bomb,11.26SS2_KeyWords_P8_英日_問題.pdf,アタミック バム,,atomic bomb,atomic bomb,,原子力爆弾,複数語,1,原本保持
3369,サンシャイン,SS,2,P8,A,Hope for Lasting Peace PROGRAM8,"PROGRAM8 8-2, 3",P112～P116,112,116,11,1,30,straw,ストロー,,0,,straw,ストロー,ストロー,straw,11.26SS2_KeyWords_P8_英日_問題.pdf,ストロ,,straw,straw,,ストロー,単語,0,原本保持
3370,サンシャイン,SS,2,P8,A,Hope for Lasting Peace PROGRAM8,"PROGRAM8 8-2, 3",P112～P116,112,116,11,1,31,get well,(体調が)よくなる,,0,,get well,(体調が)よくなる,(体調が)よくなる,get well,11.26SS2_KeyWords_P8_英日_問題.pdf,ゲット ウェル,,get well,get well,,(体調が)よくなる,複数語,1,原本保持
3371,サンシャイン,SS,2,P8,A,Hope for Lasting Peace PROGRAM8,"PROGRAM8 8-2, 3",P112～P116,112,116,11,1,32,snow,雪,,0,,snow,雪,雪,snow,11.26SS2_KeyWords_P8_英日_問題.pdf,スノ,,snow,snow,,雪,単語,0,原本保持
3372,サンシャイン,SS,2,P8,A,Hope for Lasting Peace PROGRAM8,"PROGRAM8 8-2, 3",P112～P116,112,116,11,1,33,wear,"着る, 身につける",☆,1,,wear,"着る, 身につける","着る, 身につける",wear,11.26SS2_KeyWords_P8_英日_問題.pdf,ウェー,,wear,wear,,"着る, 身につける",単語,0,原本保持
3373,サンシャイン,SS,2,P8,A,Hope for Lasting Peace PROGRAM8,"PROGRAM8 8-2, 3",P112～P116,112,116,11,1,34,tin,"ブリキ, スズ",,0,,tin,"ブリキ, スズ","ブリキ, スズ",tin,11.26SS2_KeyWords_P8_英日_問題.pdf,ティン,,tin,tin,,"ブリキ, スズ",単語,0,原本保持
3374,サンシャイン,SS,2,P8,A,Hope for Lasting Peace PROGRAM8,"PROGRAM8 8-2, 3",P112～P116,112,116,11,1,35,receive,受け取る,☆,1,,receive,受け取る,受け取る,receive,11.26SS2_KeyWords_P8_英日_問題.pdf,ラシヴ,,receive,receive,,受け取る,単語,0,原本保持
3375,サンシャイン,SS,2,P8,A,Hope for Lasting Peace PROGRAM8,"PROGRAM8 8-2, 3",P112～P116,112,116,11,1,36,wood,木材,,0,,wood,木材,木材,wood,11.26SS2_KeyWords_P8_英日_問題.pdf,ウッド,,wood,wood,,木材,単語,0,原本保持
3376,サンシャイン,SS,2,P8,A,Hope for Lasting Peace PROGRAM8,"PROGRAM8 8-2, 3",P112～P116,112,116,11,1,37,stand,立つ,☆,1,,stand,立つ,立つ,stand,11.26SS2_KeyWords_P8_英日_問題.pdf,スタンド,,stand,stand,,立つ,単語,0,原本保持
3377,サンシャイン,SS,2,P8,A,Hope for Lasting Peace PROGRAM8,"PROGRAM8 8-2, 3",P112～P116,112,116,11,1,38,butter,バター,,0,,butter,バター,バター,butter,11.26SS2_KeyWords_P8_英日_問題.pdf,バター,,butter,butter,,バター,単語,0,原本保持
3378,サンシャイン,SS,2,P8,A,Hope for Lasting Peace PROGRAM8,"PROGRAM8 8-2, 3",P112～P116,112,116,11,1,39,so A that B,あまりにもAなのでB,☆,1,,so A that B,あまりにもAなのでB,あまりにもAなのでB,so A that B,11.26SS2_KeyWords_P8_英日_問題.pdf,ソウ エイ ザット ビー,,so A that B,so A that B,,あまりにもAなのでB,複数語,1,原本保持
3379,サンシャイン,SS,2,P8,A,Hope for Lasting Peace PROGRAM8,"PROGRAM8 8-2, 3",P112～P116,112,116,11,1,40,be filled with ~,~で満たされている,,0,,be filled with ~,~で満たされている,~で満たされている,be filled with ~,11.26SS2_KeyWords_P8_英日_問題.pdf,ビー フィルド ウィズ ～,,be filled with ~,be filled with ~,,~で満たされている,表現,1,原本保持
3380,サンシャイン,SS,2,P8,A,Hope for Lasting Peace PROGRAM8,"PROGRAM8 8-2, 3",P112～P116,112,116,11,1,41,be known to ~,~に知られている,☆,1,,be known to ~,~に知られている,~に知られている,be known to ~,11.26SS2_KeyWords_P8_英日_問題.pdf,ビー ノン トゥ ～,,be known to ~,be known to ~,,~に知られている,表現,1,原本保持
3381,サンシャイン,SS,2,P8,A,Hope for Lasting Peace PROGRAM8,"PROGRAM8 8-2, 3",P112～P116,112,116,11,1,42,make the most of ~,~を最大限に活用する,,0,,make the most of ~,~を最大限に活用する,~を最大限に活用する,make the most of ~,11.26SS2_KeyWords_P8_英日_問題.pdf,メイク ザ モスト オブ ～,,make the most of ~,make the most of ~,,~を最大限に活用する,表現,1,原本保持
3382,サンシャイン,SS,2,P8,A,Hope for Lasting Peace PROGRAM8,PROGRAM8 教科書本文,P111～P113,111,113,11,1,43,soap,せっけん,,0,,soap,せっけん,せっけん,soap,11.26SS2_KeyWords_P8_英日_問題.pdf,ソプ,,soap,soap,,せっけん,単語,0,原本保持
3383,サンシャイン,SS,2,P8,A,Hope for Lasting Peace PROGRAM8,PROGRAM8 教科書本文,P111～P113,111,113,11,1,44,millions of,何百万もの,,0,,millions of,何百万もの,何百万もの,millions of,11.26SS2_KeyWords_P8_英日_問題.pdf,ミルヤンズ オブ,,millions of,millions of,,何百万もの,複数語,1,原本保持
3384,サンシャイン,SS,2,P8,A,Hope for Lasting Peace PROGRAM8,PROGRAM8 教科書本文,P111～P113,111,113,11,1,45,paper crane,折り鶴,,0,,paper crane,折り鶴,折り鶴,paper crane,11.26SS2_KeyWords_P8_英日_問題.pdf,ペイパー クレイン,,paper crane,paper crane,,折り鶴,複数語,1,原本保持
3385,サンシャイン,SS,2,P8,A,Hope for Lasting Peace PROGRAM8,PROGRAM8 教科書本文,P111～P113,111,113,11,1,46,take a look,"ちらりと見る, 見てみる",,0,,take a look,"ちらりと見る, 見てみる","ちらりと見る, 見てみる",take a look,11.26SS2_KeyWords_P8_英日_問題.pdf,テイク ア ルック,,take a look,take a look,,"ちらりと見る, 見てみる",複数語,1,原本保持
3386,サンシャイン,SS,2,P8,A,Hope for Lasting Peace PROGRAM8,PROGRAM8 教科書本文,P111～P113,111,113,11,1,47,clay,粘土,,0,,clay,粘土,粘土,clay,11.26SS2_KeyWords_P8_英日_問題.pdf,クレイ,,clay,clay,,粘土,単語,0,原本保持
3387,サンシャイン,SS,2,P8,A,Hope for Lasting Peace PROGRAM8,PROGRAM8 教科書本文,P111～P113,111,113,11,1,48,So was mine.,私もそうです。,,0,,So was mine.,私もそうです。,私もそうです。,So was mine.,11.26SS2_KeyWords_P8_英日_問題.pdf,ソウ ワズ マイン,,So was mine.,So was mine.,,私もそうです。,複数語,1,原本保持
3388,サンシャイン,SS,2,P8,A,Hope for Lasting Peace PROGRAM8,PROGRAM8 教科書本文,P111～P113,111,113,11,1,49,relay,"伝える, 中継する",,0,,relay,"伝える, 中継する","伝える, 中継する",relay,11.26SS2_KeyWords_P8_英日_問題.pdf,リレイ,,relay,relay,,"伝える, 中継する",単語,0,原本保持
3389,サンシャイン,SS,2,P8,A,Hope for Lasting Peace PROGRAM8,PROGRAM8 教科書本文,P111～P113,111,113,11,1,50,Same here.,私も同じです。,,0,,Same here.,私も同じです。,私も同じです。,Same here.,11.26SS2_KeyWords_P8_英日_問題.pdf,セイム ヒア,,Same here.,Same here.,,私も同じです。,複数語,1,原本保持
3390,サンシャイン,SS,2,P8,A,Hope for Lasting Peace PROGRAM8,PROGRAM8 教科書本文,P111～P113,111,113,11,1,51,fold,折る,,0,,fold,折る,折る,fold,11.26SS2_KeyWords_P8_英日_問題.pdf,フォールド,,fold,fold,,折る,単語,0,原本保持
3391,サンシャイン,SS,2,P8,A,Hope for Lasting Peace PROGRAM8,PROGRAM8 教科書本文,P111～P113,111,113,11,1,52,the Hiroshima Peace Memorial Park,広島平和記念公園,,0,,the Hiroshima Peace Memorial Park,広島平和記念公園,広島平和記念公園,the Hiroshima Peace Memorial Park,11.26SS2_KeyWords_P8_英日_問題.pdf,ザ ヒロシマ ピース メモリアル パーク,,the Hiroshima Peace Memorial Park,the Hiroshima Peace Memorial Park,,広島平和記念公園,複数語,1,原本保持
3392,サンシャイン,SS,2,P8,A,Hope for Lasting Peace PROGRAM8,PROGRAM8 教科書本文,P111～P113,111,113,11,1,53,mascot,マスコット,,0,,mascot,マスコット,マスコット,mascot,11.26SS2_KeyWords_P8_英日_問題.pdf,マスカット,,mascot,mascot,,マスコット,単語,0,原本保持
3393,サンシャイン,SS,2,P8,A,Hope for Lasting Peace PROGRAM8,PROGRAM8 教科書本文,P111～P113,111,113,11,1,54,badge,バッジ,,0,,badge,バッジ,バッジ,badge,11.26SS2_KeyWords_P8_英日_問題.pdf,バジ,,badge,badge,,バッジ,単語,0,原本保持
3394,サンシャイン,SS,2,P8,PROGRAM8 A,Hope for Lasting Peace,PROGRAM8 8-1～3,P107～P116,107,116,11,2,55,get well,(体調が)よくなる,☆,1,,get well,(体調が)よくなる,(体調が)よくなる,get well,11.26SS2_KeyWords_P8_英日_問題.pdf,ゲット ウェル,,get well,get well,,(体調が)よくなる,複数語,1,原本保持
3395,サンシャイン,SS,2,P8,PROGRAM8 A,Hope for Lasting Peace,PROGRAM8 8-1～3,P107～P116,107,116,11,2,56,be filled with ~,~で満たされている,☆,1,,be filled with ~,~で満たされている,~で満たされている,be filled with ~,11.26SS2_KeyWords_P8_英日_問題.pdf,ビー フィルド ウィズ ～,,be filled with ~,be filled with ~,,~で満たされている,表現,1,原本保持
3396,サンシャイン,SS,2,P8,PROGRAM8 A,Hope for Lasting Peace,PROGRAM8 8-1～3,P107～P116,107,116,11,2,57,cost,(費用が)かかる,☆,1,,cost,(費用が)かかる,(費用が)かかる,cost,11.26SS2_KeyWords_P8_英日_問題.pdf,カスト,,cost,cost,,(費用が)かかる,単語,0,原本保持
3397,サンシャイン,SS,2,P8,PROGRAM8 A,Hope for Lasting Peace,Power-Up5 飛行機のアナウンスを聞こう / Step5 説得力のある説明をしよう,"P117,P118",117,118,11,2,58,minute,(時間の)分,☆,1,,minute,(時間の)分,(時間の)分,minute,11.26SS2_KeyWords_P8_英日_問題.pdf,ミニット,,minute,minute,,(時間の)分,単語,0,原本保持
3398,サンシャイン,SS,2,P8,PROGRAM8 A,Hope for Lasting Peace,Power-Up5 飛行機のアナウンスを聞こう / Step5 説得力のある説明をしよう,"P117,P118",117,118,11,2,59,flight,"定期航空便, 飛行",,0,,flight,"定期航空便, 飛行","定期航空便, 飛行",flight,11.26SS2_KeyWords_P8_英日_問題.pdf,フライト,,flight,flight,,"定期航空便, 飛行",単語,0,原本保持
3399,サンシャイン,SS,2,P8,PROGRAM8 A,Hope for Lasting Peace,Power-Up5 飛行機のアナウンスを聞こう / Step5 説得力のある説明をしよう,"P117,P118",117,118,11,2,60,apologize,あやまる,☆,1,,apologize,あやまる,あやまる,apologize,11.26SS2_KeyWords_P8_英日_問題.pdf,アパラジャイズ,,apologize,apologize,,あやまる,単語,0,原本保持
3400,サンシャイン,SS,2,P8,PROGRAM8 A,Hope for Lasting Peace,Power-Up5 飛行機のアナウンスを聞こう / Step5 説得力のある説明をしよう,"P117,P118",117,118,11,2,61,flight attendant,(旅客機の)客室乗務員,,0,,flight attendant,(旅客機の)客室乗務員,(旅客機の)客室乗務員,flight attendant,11.26SS2_KeyWords_P8_英日_問題.pdf,フライト アテンダント,,flight attendant,flight attendant,,(旅客機の)客室乗務員,複数語,1,原本保持
3401,サンシャイン,SS,2,P8,PROGRAM8 A,Hope for Lasting Peace,Power-Up5 飛行機のアナウンスを聞こう / Step5 説得力のある説明をしよう,"P117,P118",117,118,11,2,62,passenger,乗客,,0,,passenger,乗客,乗客,passenger,11.26SS2_KeyWords_P8_英日_問題.pdf,パサンジャー,,passenger,passenger,,乗客,単語,0,原本保持
3402,サンシャイン,SS,2,P8,PROGRAM8 A,Hope for Lasting Peace,Power-Up5 飛行機のアナウンスを聞こう / Step5 説得力のある説明をしよう,"P117,P118",117,118,11,2,63,Tokyo International Airport,東京国際空港,,0,,Tokyo International Airport,東京国際空港,東京国際空港,Tokyo International Airport,11.26SS2_KeyWords_P8_英日_問題.pdf,トウキョウ インターナショナル エアポート,,Tokyo International Airport,Tokyo International Airport,,東京国際空港,複数語,1,原本保持
3403,サンシャイン,SS,2,P8,PROGRAM8 A,Hope for Lasting Peace,Power-Up5 飛行機のアナウンスを聞こう / Step5 説得力のある説明をしよう,"P117,P118",117,118,11,2,64,inconvenience,"不便, 迷惑",,0,,inconvenience,"不便, 迷惑","不便, 迷惑",inconvenience,11.26SS2_KeyWords_P8_英日_問題.pdf,インカンヴィンヤンス,,inconvenience,inconvenience,,"不便, 迷惑",単語,0,原本保持
3404,サンシャイン,SS,2,P8,PROGRAM8 A,Hope for Lasting Peace,Power-Up5 飛行機のアナウンスを聞こう / Step5 説得力のある説明をしよう,"P117,P118",117,118,11,2,65,boarding,搭乗,,0,,boarding,搭乗,搭乗,boarding,11.26SS2_KeyWords_P8_英日_問題.pdf,ボーディング,,boarding,boarding,,搭乗,単語,0,原本保持
3405,サンシャイン,SS,2,P8,PROGRAM8 A,Hope for Lasting Peace,Power-Up5 飛行機のアナウンスを聞こう / Step5 説得力のある説明をしよう,"P117,P118",117,118,11,2,66,chat,おしゃべりをする,,0,,chat,おしゃべりをする,おしゃべりをする,chat,11.26SS2_KeyWords_P8_英日_問題.pdf,チャット,,chat,chat,,おしゃべりをする,単語,0,原本保持
3406,サンシャイン,SS,2,P8,PROGRAM8 A,Hope for Lasting Peace,Power-Up5 飛行機のアナウンスを聞こう / Step5 説得力のある説明をしよう,"P117,P118",117,118,11,2,67,attention,"注意, 注目",,0,,attention,"注意, 注目","注意, 注目",attention,11.26SS2_KeyWords_P8_英日_問題.pdf,アテンシャン,,attention,attention,,"注意, 注目",単語,0,原本保持
3407,サンシャイン,SS,2,P8,PROGRAM8 A,Hope for Lasting Peace,Power-Up5 飛行機のアナウンスを聞こう / Step5 説得力のある説明をしよう,"P117,P118",117,118,11,2,68,casual,"ふだん着の, カジュアルな",,0,,casual,"ふだん着の, カジュアルな","ふだん着の, カジュアルな",casual,11.26SS2_KeyWords_P8_英日_問題.pdf,カアワル,,casual,casual,,"ふだん着の, カジュアルな",単語,0,原本保持
3408,サンシャイン,SS,2,P8,PROGRAM8 A,Hope for Lasting Peace,Our Project6 My Heroの魅力を伝えよう,P119～P123,119,123,11,2,69,be born,生まれる,☆,1,,be born,生まれる,生まれる,be born,11.26SS2_KeyWords_P8_英日_問題.pdf,ビー ボーン,,be born,be born,,生まれる,複数語,1,原本保持
3409,サンシャイン,SS,2,P8,PROGRAM8 A,Hope for Lasting Peace,Our Project6 My Heroの魅力を伝えよう,P119～P123,119,123,11,2,70,protection,保護,,0,,protection,保護,保護,protection,11.26SS2_KeyWords_P8_英日_問題.pdf,プラテックシャン,,protection,protection,,保護,単語,0,原本保持
3410,サンシャイン,SS,2,P8,PROGRAM8 A,Hope for Lasting Peace,Our Project6 My Heroの魅力を伝えよう,P119～P123,119,123,11,2,71,in those days,"当時, そのころ",☆,1,,in those days,"当時, そのころ","当時, そのころ",in those days,11.26SS2_KeyWords_P8_英日_問題.pdf,イン ゾーズ デイズ,,in those days,in those days,,"当時, そのころ",複数語,1,原本保持
3411,サンシャイン,SS,2,P8,PROGRAM8 A,Hope for Lasting Peace,Our Project6 My Heroの魅力を伝えよう,P119～P123,119,123,11,2,72,planet,惑星,,0,,planet,惑星,惑星,planet,11.26SS2_KeyWords_P8_英日_問題.pdf,プラナット,,planet,planet,,惑星,単語,0,原本保持
3412,サンシャイン,SS,2,P8,PROGRAM8 A,Hope for Lasting Peace,Our Project6 My Heroの魅力を伝えよう,P119～P123,119,123,11,2,73,because of ~,"~のために, ~の理由で",☆,1,,because of ~,"~のために, ~の理由で","~のために, ~の理由で",because of ~,11.26SS2_KeyWords_P8_英日_問題.pdf,ビコーズ オブ ～,,because of ~,because of ~,,"~のために, ~の理由で",表現,1,原本保持
3413,サンシャイン,SS,2,P8,PROGRAM8 A,Hope for Lasting Peace,Our Project6 My Heroの魅力を伝えよう,P119～P123,119,123,11,2,74,pioneer,"開拓者, 先駆者",,0,,pioneer,"開拓者, 先駆者","開拓者, 先駆者",pioneer,11.26SS2_KeyWords_P8_英日_問題.pdf,パイアニー,,pioneer,pioneer,,"開拓者, 先駆者",単語,0,原本保持
3414,サンシャイン,SS,2,P8,PROGRAM8 A,Hope for Lasting Peace,Our Project6 My Heroの魅力を伝えよう,P119～P123,119,123,11,2,75,admire,"賞賛する, 感心する",,0,,admire,"賞賛する, 感心する","賞賛する, 感心する",admire,11.26SS2_KeyWords_P8_英日_問題.pdf,アッドマイー,,admire,admire,,"賞賛する, 感心する",単語,0,原本保持
3415,サンシャイン,SS,2,P8,PROGRAM8 A,Hope for Lasting Peace,Our Project6 My Heroの魅力を伝えよう,P119～P123,119,123,11,2,76,environmental,環境(保護)の,,0,,environmental,環境(保護)の,環境(保護)の,environmental,11.26SS2_KeyWords_P8_英日_問題.pdf,インヴァイランメンタル,,environmental,environmental,,環境(保護)の,単語,0,原本保持
3416,サンシャイン,SS,2,P8,PROGRAM8 A,Hope for Lasting Peace,Our Project6 My Heroの魅力を伝えよう,P119～P123,119,123,11,2,77,hero,"英雄, あこがれの的",,0,,hero,"英雄, あこがれの的","英雄, あこがれの的",hero,11.26SS2_KeyWords_P8_英日_問題.pdf,ヒロ,,hero,hero,,"英雄, あこがれの的",単語,0,原本保持
3417,サンシャイン,SS,2,P8,PROGRAM8 A,Hope for Lasting Peace,Our Project6 My Heroの魅力を伝えよう,P119～P123,119,123,11,2,78,marine biologist,海洋生物学者,,0,,marine biologist,海洋生物学者,海洋生物学者,marine biologist,11.26SS2_KeyWords_P8_英日_問題.pdf,マーイーン バイアラジスト,,marine biologist,marine biologist,,海洋生物学者,複数語,1,原本保持
3418,サンシャイン,SS,2,P8,PROGRAM8 A,Hope for Lasting Peace,Our Project6 My Heroの魅力を伝えよう,P119～P123,119,123,11,2,79,danger,危険,,0,,danger,危険,危険,danger,11.26SS2_KeyWords_P8_英日_問題.pdf,デインジャー,,danger,danger,,危険,単語,0,原本保持
3419,サンシャイン,SS,2,P8,PROGRAM8 A,Hope for Lasting Peace,Our Project6 My Heroの魅力を伝えよう,P119～P123,119,123,11,2,80,Rachel Carson,レイチェル・カーソン(人名),,0,,Rachel Carson,レイチェル・カーソン(人名),レイチェル・カーソン(人名),Rachel Carson,11.26SS2_KeyWords_P8_英日_問題.pdf,レイチェル カーソン,,Rachel Carson,Rachel Carson,,レイチェル・カーソン(人名),複数語,1,原本保持
3420,サンシャイン,SS,2,P8,PROGRAM8 A,Hope for Lasting Peace,Our Project6 My Heroの魅力を伝えよう,P119～P123,119,123,11,2,81,writer,作家,,0,,writer,作家,作家,writer,11.26SS2_KeyWords_P8_英日_問題.pdf,ライター,,writer,writer,,作家,単語,0,原本保持
3421,サンシャイン,SS,2,R3,Apollo,13 Reading3,Reading3 教科書本文,P124～P128,124,128,12,1,1,may,~かもしれない,☆,1,,may,~かもしれない,~かもしれない,may,12.26SS2_KeyWords_R3_英日_問題.pdf,メイ,,may,may,,~かもしれない,単語,0,原本保持
3422,サンシャイン,SS,2,R3,Apollo,13 Reading3,Reading3 教科書本文,P124～P128,124,128,12,1,2,option,選択肢,,0,,option,選択肢,選択肢,option,12.26SS2_KeyWords_R3_英日_問題.pdf,アプシャン,,option,option,,選択肢,単語,0,原本保持
3423,サンシャイン,SS,2,R3,Apollo,13 Reading3,Reading3 教科書本文,P124～P128,124,128,12,1,3,lose-lost-lost,失う[原形-過去形-過去分詞形],☆,1,,lose-lost-lost,失う[原形-過去形-過去分詞形],失う[原形-過去形-過去分詞形],lose-lost-lost,12.26SS2_KeyWords_R3_英日_問題.pdf,ルーズ・ロスト・ロスト,,lose-lost-lost,lose-lost-lost,,失う[原形-過去形-過去分詞形],単語,0,原本保持
3424,サンシャイン,SS,2,R3,Apollo,13 Reading3,Reading3 教科書本文,P124～P128,124,128,12,1,4,re-entry,"(大気圏への)再突入, 再び入ること",,0,,re-entry,"(大気圏への)再突入, 再び入ること","(大気圏への)再突入, 再び入ること",re-entry,12.26SS2_KeyWords_R3_英日_問題.pdf,レイ・エントリ,,re-entry,re-entry,,"(大気圏への)再突入, 再び入ること",単語,0,原本保持
3425,サンシャイン,SS,2,R3,Apollo,13 Reading3,Reading3 教科書本文,P124～P128,124,128,12,1,5,appear,現れる,☆,1,,appear,現れる,現れる,appear,12.26SS2_KeyWords_R3_英日_問題.pdf,アピー,,appear,appear,,現れる,単語,0,原本保持
3426,サンシャイン,SS,2,R3,Apollo,13 Reading3,Reading3 教科書本文,P124～P128,124,128,12,1,6,fire,火,,0,,fire,火,火,fire,12.26SS2_KeyWords_R3_英日_問題.pdf,ファイアー,,fire,fire,,火,単語,0,原本保持
3427,サンシャイン,SS,2,R3,Apollo,13 Reading3,Reading3 教科書本文,P124～P128,124,128,12,1,7,situation,状況,☆,1,,situation,状況,状況,situation,12.26SS2_KeyWords_R3_英日_問題.pdf,シチュエイシャン,,situation,situation,,状況,単語,0,原本保持
3428,サンシャイン,SS,2,R3,Apollo,13 Reading3,Reading3 教科書本文,P124～P128,124,128,12,1,8,crew,乗組員,,0,,crew,乗組員,乗組員,crew,12.26SS2_KeyWords_R3_英日_問題.pdf,クル,,crew,crew,,乗組員,単語,0,原本保持
3429,サンシャイン,SS,2,R3,Apollo,13 Reading3,Reading3 教科書本文,P124～P128,124,128,12,1,9,contact,"連絡をとる, 接触する",,0,,contact,"連絡をとる, 接触する","連絡をとる, 接触する",contact,12.26SS2_KeyWords_R3_英日_問題.pdf,カンタックト,,contact,contact,,"連絡をとる, 接触する",単語,0,原本保持
3430,サンシャイン,SS,2,R3,Apollo,13 Reading3,Reading3 教科書本文,P124～P128,124,128,12,1,10,spaceship,宇宙船,,0,,spaceship,宇宙船,宇宙船,spaceship,12.26SS2_KeyWords_R3_英日_問題.pdf,スペイスシップ,,spaceship,spaceship,,宇宙船,単語,0,原本保持
3431,サンシャイン,SS,2,R3,Apollo,13 Reading3,Reading3 教科書本文,P124～P128,124,128,12,1,11,pass,"(時が)過ぎる, 経つ",,0,,pass,"(時が)過ぎる, 経つ","(時が)過ぎる, 経つ",pass,12.26SS2_KeyWords_R3_英日_問題.pdf,パス,,pass,pass,,"(時が)過ぎる, 経つ",単語,0,原本保持
3432,サンシャイン,SS,2,R3,Apollo,13 Reading3,Reading3 教科書本文,P124～P128,124,128,12,1,12,captain,"船長, (競技チームの)キャプテン",,0,,captain,"船長, (競技チームの)キャプテン","船長, (競技チームの)キャプテン",captain,12.26SS2_KeyWords_R3_英日_問題.pdf,カップタン,,captain,captain,,"船長, (競技チームの)キャプテン",単語,0,原本保持
3433,サンシャイン,SS,2,R3,Apollo,13 Reading3,Reading3 教科書本文,P124～P128,124,128,12,1,13,damage,ダメージ[損害]を与える,,0,,damage,ダメージ[損害]を与える,ダメージ[損害]を与える,damage,12.26SS2_KeyWords_R3_英日_問題.pdf,ダマジ,,damage,damage,,ダメージ[損害]を与える,単語,0,原本保持
3434,サンシャイン,SS,2,R3,Apollo,13 Reading3,Reading3 教科書本文,P124～P128,124,128,12,1,14,astronaut,宇宙飛行士,,0,,astronaut,宇宙飛行士,宇宙飛行士,astronaut,12.26SS2_KeyWords_R3_英日_問題.pdf,アストラナト,,astronaut,astronaut,,宇宙飛行士,単語,0,原本保持
3435,サンシャイン,SS,2,R3,Apollo,13 Reading3,Reading3 教科書本文,P124～P128,124,128,12,1,15,approach,"近づく, 接近する",,0,,approach,"近づく, 接近する","近づく, 接近する",approach,12.26SS2_KeyWords_R3_英日_問題.pdf,アプロチ,,approach,approach,,"近づく, 接近する",単語,0,原本保持
3436,サンシャイン,SS,2,R3,Apollo,13 Reading3,Reading3 教科書本文,P124～P128,124,128,12,1,16,calm,"落ち着いた, 穏やかな",,0,,calm,"落ち着いた, 穏やかな","落ち着いた, 穏やかな",calm,12.26SS2_KeyWords_R3_英日_問題.pdf,カム,,calm,calm,,"落ち着いた, 穏やかな",単語,0,原本保持
3437,サンシャイン,SS,2,R3,Apollo,13 Reading3,Reading3 教科書本文,P124～P128,124,128,12,1,17,failure,失敗,,0,,failure,失敗,失敗,failure,12.26SS2_KeyWords_R3_英日_問題.pdf,フェイールヤー,,failure,failure,,失敗,単語,0,原本保持
3438,サンシャイン,SS,2,R3,Apollo,13 Reading3,Reading3 教科書本文,P124～P128,124,128,12,1,18,successfully,"成功して, うまく",,0,,successfully,"成功して, うまく","成功して, うまく",successfully,12.26SS2_KeyWords_R3_英日_問題.pdf,サックセスファリ,,successfully,successfully,,"成功して, うまく",単語,0,原本保持
3439,サンシャイン,SS,2,R3,Apollo,13 Reading3,Reading3 教科書本文,P124～P128,124,128,12,1,19,wisdom,"英知, 知恵",,0,,wisdom,"英知, 知恵","英知, 知恵",wisdom,12.26SS2_KeyWords_R3_英日_問題.pdf,ウィズダム,,wisdom,wisdom,,"英知, 知恵",単語,0,原本保持
3440,サンシャイン,SS,2,R3,Apollo,13 Reading3,Reading3 教科書本文,P124～P128,124,128,12,1,20,extremely,"極度に, 非常に",,0,,extremely,"極度に, 非常に","極度に, 非常に",extremely,12.26SS2_KeyWords_R3_英日_問題.pdf,エックストリムリ,,extremely,extremely,,"極度に, 非常に",単語,0,原本保持
3441,サンシャイン,SS,2,R3,Apollo,13 Reading3,Reading3 教科書本文,P124～P128,124,128,12,1,21,voice,声,,0,,voice,声,声,voice,12.26SS2_KeyWords_R3_英日_問題.pdf,ヴォイス,,voice,voice,,声,単語,0,原本保持
3442,サンシャイン,SS,2,R3,Apollo,13 Reading3,Reading3 教科書本文,P124～P128,124,128,12,1,22,might,mayの過去形,,0,,might,mayの過去形,mayの過去形,might,12.26SS2_KeyWords_R3_英日_問題.pdf,マイト,,might,might,,mayの過去形,単語,0,原本保持
3443,サンシャイン,SS,2,R3,Apollo,13 Reading3,Reading3 教科書本文,P124～P128,124,128,12,1,23,teamwork,"チームワーク, 協力",,0,,teamwork,"チームワーク, 協力","チームワーク, 協力",teamwork,12.26SS2_KeyWords_R3_英日_問題.pdf,ティムワーク,,teamwork,teamwork,,"チームワーク, 協力",単語,0,原本保持
3444,サンシャイン,SS,2,R3,Apollo,13 Reading3,Reading3 教科書本文,P124～P128,124,128,12,1,24,Apollo 13,アポロ13号,,0,,Apollo 13,アポロ13号,アポロ13号,Apollo 13,12.26SS2_KeyWords_R3_英日_問題.pdf,アポロ 13,,Apollo 13,Apollo 13,,アポロ13号,複数語,1,原本保持
3445,サンシャイン,SS,2,R3,Apollo,13 Reading3,Reading3 教科書本文,P124～P128,124,128,12,1,25,sign,"きざし, 兆候",,0,,sign,"きざし, 兆候","きざし, 兆候",sign,12.26SS2_KeyWords_R3_英日_問題.pdf,サイン,,sign,sign,,"きざし, 兆候",単語,0,原本保持
3446,サンシャイン,SS,2,R3,Apollo,13 Reading3,Reading3 教科書本文,P124～P128,124,128,12,1,26,Houston,ヒューストン(テキサス州の都市),,0,,Houston,ヒューストン(テキサス州の都市),ヒューストン(テキサス州の都市),Houston,12.26SS2_KeyWords_R3_英日_問題.pdf,ヒューストン,,Houston,Houston,,ヒューストン(テキサス州の都市),単語,0,原本保持
3447,サンシャイン,SS,2,R3,Apollo,13 Reading3,Reading3 教科書本文,P124～P128,124,128,12,1,27,parachute,パラシュート,,0,,parachute,パラシュート,パラシュート,parachute,12.26SS2_KeyWords_R3_英日_問題.pdf,ペラシュト,,parachute,parachute,,パラシュート,単語,0,原本保持
3448,サンシャイン,SS,2,R3,Apollo,13 Reading3,Reading3 教科書本文,P124～P128,124,128,12,1,28,Jim Lovell,ジム・ラベル(人名),,0,,Jim Lovell,ジム・ラベル(人名),ジム・ラベル(人名),Jim Lovell,12.26SS2_KeyWords_R3_英日_問題.pdf,ジム ラベル,,Jim Lovell,Jim Lovell,,ジム・ラベル(人名),複数語,1,原本保持
3449,サンシャイン,SS,3,[2年生]P8,[2年生],A Hope for Lasting Peace PROGRAM8,PROGRAM8 8-1,P107～P111,107,111,1,1,1,make-made-made,作る[原形-過去形-過去分詞形],☆,1,,make-made-made,作る[原形-過去形-過去分詞形],作る[原形-過去形-過去分詞形],make-made-made,01.26SS3_KeyWords_[2年生]P8_英日_問題.pdf,メイク・メイド・メイド,,make-made-made,make-made-made,,作る[原形-過去形-過去分詞形],単語,0,原本保持
3450,サンシャイン,SS,3,[2年生]P8,[2年生],A Hope for Lasting Peace PROGRAM8,PROGRAM8 8-1,P107～P111,107,111,1,1,2,store,店,,0,,store,店,店,store,01.26SS3_KeyWords_[2年生]P8_英日_問題.pdf,ストー,,store,store,,店,単語,0,原本保持
3451,サンシャイン,SS,3,[2年生]P8,[2年生],A Hope for Lasting Peace PROGRAM8,PROGRAM8 8-1,P107～P111,107,111,1,1,3,break-broke-broken,壊す[原形-過去形-過去分詞形],☆,1,,break-broke-broken,壊す[原形-過去形-過去分詞形],壊す[原形-過去形-過去分詞形],break-broke-broken,01.26SS3_KeyWords_[2年生]P8_英日_問題.pdf,ブレイク・ブロク・ブロカン,,break-broke-broken,break-broke-broken,,壊す[原形-過去形-過去分詞形],単語,0,原本保持
3452,サンシャイン,SS,3,[2年生]P8,[2年生],A Hope for Lasting Peace PROGRAM8,PROGRAM8 8-1,P107～P111,107,111,1,1,4,stationery,文房具,,0,,stationery,文房具,文房具,stationery,01.26SS3_KeyWords_[2年生]P8_英日_問題.pdf,ステイシャネリ,,stationery,stationery,,文房具,単語,0,原本保持
3453,サンシャイン,SS,3,[2年生]P8,[2年生],A Hope for Lasting Peace PROGRAM8,PROGRAM8 8-1,P107～P111,107,111,1,1,5,write-wrote-written,書く[原形-過去形-過去分詞形],☆,1,,write-wrote-written,書く[原形-過去形-過去分詞形],書く[原形-過去形-過去分詞形],write-wrote-written,01.26SS3_KeyWords_[2年生]P8_英日_問題.pdf,ライト・ロト・リタン,,write-wrote-written,write-wrote-written,,書く[原形-過去形-過去分詞形],単語,0,原本保持
3454,サンシャイン,SS,3,[2年生]P8,[2年生],A Hope for Lasting Peace PROGRAM8,PROGRAM8 8-1,P107～P111,107,111,1,1,6,paint,(絵を)描く,,0,,paint,(絵を)描く,(絵を)描く,paint,01.26SS3_KeyWords_[2年生]P8_英日_問題.pdf,ペイント,,paint,paint,,(絵を)描く,単語,0,原本保持
3455,サンシャイン,SS,3,[2年生]P8,[2年生],A Hope for Lasting Peace PROGRAM8,PROGRAM8 8-1,P107～P111,107,111,1,1,7,see-saw-seen,見る[原形-過去形-過去分詞形],☆,1,,see-saw-seen,見る[原形-過去形-過去分詞形],見る[原形-過去形-過去分詞形],see-saw-seen,01.26SS3_KeyWords_[2年生]P8_英日_問題.pdf,シー・ソ・シン,,see-saw-seen,see-saw-seen,,見る[原形-過去形-過去分詞形],単語,0,原本保持
3456,サンシャイン,SS,3,[2年生]P8,[2年生],A Hope for Lasting Peace PROGRAM8,PROGRAM8 8-1,P107～P111,107,111,1,1,8,line,線,,0,,line,線,線,line,01.26SS3_KeyWords_[2年生]P8_英日_問題.pdf,ライン,,line,line,,線,単語,0,原本保持
3457,サンシャイン,SS,3,[2年生]P8,[2年生],A Hope for Lasting Peace PROGRAM8,PROGRAM8 8-1,P107～P111,107,111,1,1,9,sell-sold-sold,売る[原形-過去形-過去分詞形],☆,1,,sell-sold-sold,売る[原形-過去形-過去分詞形],売る[原形-過去形-過去分詞形],sell-sold-sold,01.26SS3_KeyWords_[2年生]P8_英日_問題.pdf,セル・ソールド・ソールド,,sell-sold-sold,sell-sold-sold,,売る[原形-過去形-過去分詞形],単語,0,原本保持
3458,サンシャイン,SS,3,[2年生]P8,[2年生],A Hope for Lasting Peace PROGRAM8,PROGRAM8 8-1,P107～P111,107,111,1,1,10,email,"Eメール, 電子メール",,0,,email,"Eメール, 電子メール","Eメール, 電子メール",email,01.26SS3_KeyWords_[2年生]P8_英日_問題.pdf,イーメール,,email,email,,"Eメール, 電子メール",単語,0,原本保持
3459,サンシャイン,SS,3,[2年生]P8,[2年生],A Hope for Lasting Peace PROGRAM8,PROGRAM8 8-1,P107～P111,107,111,1,1,11,take-took-taken,とる[原形-過去形-過去分詞形],☆,1,,take-took-taken,とる[原形-過去形-過去分詞形],とる[原形-過去形-過去分詞形],take-took-taken,01.26SS3_KeyWords_[2年生]P8_英日_問題.pdf,テイク・トゥック・テイカン,,take-took-taken,take-took-taken,,とる[原形-過去形-過去分詞形],単語,0,原本保持
3460,サンシャイン,SS,3,[2年生]P8,[2年生],A Hope for Lasting Peace PROGRAM8,PROGRAM8 8-1,P107～P111,107,111,1,1,12,hope,"望み, 希望",,0,,hope,"望み, 希望","望み, 希望",hope,01.26SS3_KeyWords_[2年生]P8_英日_問題.pdf,ホープ,,hope,hope,,"望み, 希望",単語,0,原本保持
3461,サンシャイン,SS,3,[2年生]P8,[2年生],A Hope for Lasting Peace PROGRAM8,PROGRAM8 8-1,P107～P111,107,111,1,1,13,build-built-built,建てる[原形-過去形-過去分詞形],☆,1,,build-built-built,建てる[原形-過去形-過去分詞形],建てる[原形-過去形-過去分詞形],build-built-built,01.26SS3_KeyWords_[2年生]P8_英日_問題.pdf,ビルド・ビルト・ビルト,,build-built-built,build-built-built,,建てる[原形-過去形-過去分詞形],単語,0,原本保持
3462,サンシャイン,SS,3,[2年生]P8,[2年生],A Hope for Lasting Peace PROGRAM8,PROGRAM8 8-1,P107～P111,107,111,1,1,14,recycled,再利用[リサイクル]された,,0,,recycled,再利用[リサイクル]された,再利用[リサイクル]された,recycled,01.26SS3_KeyWords_[2年生]P8_英日_問題.pdf,リサイクルド,,recycled,recycled,,再利用[リサイクル]された,単語,0,原本保持
3463,サンシャイン,SS,3,[2年生]P8,[2年生],A Hope for Lasting Peace PROGRAM8,PROGRAM8 8-1,P107～P111,107,111,1,1,15,kitchen,"台所, キッチン",☆,1,,kitchen,"台所, キッチン","台所, キッチン",kitchen,01.26SS3_KeyWords_[2年生]P8_英日_問題.pdf,キチャン,,kitchen,kitchen,,"台所, キッチン",単語,0,原本保持
3464,サンシャイン,SS,3,[2年生]P8,[2年生],A Hope for Lasting Peace PROGRAM8,PROGRAM8 8-1,P107～P111,107,111,1,1,16,lasting,"長く続く, 永続的な",,0,,lasting,"長く続く, 永続的な","長く続く, 永続的な",lasting,01.26SS3_KeyWords_[2年生]P8_英日_問題.pdf,ラスティング,,lasting,lasting,,"長く続く, 永続的な",単語,0,原本保持
3465,サンシャイン,SS,3,[2年生]P8,[2年生],A Hope for Lasting Peace PROGRAM8,PROGRAM8 8-1,P107～P111,107,111,1,1,17,draw,(線を)引く,,0,,draw,(線を)引く,(線を)引く,draw,01.26SS3_KeyWords_[2年生]P8_英日_問題.pdf,ドロー,,draw,draw,,(線を)引く,単語,0,原本保持
3466,サンシャイン,SS,3,[2年生]P8,[2年生],A Hope for Lasting Peace PROGRAM8,PROGRAM8 8-1,P107～P111,107,111,1,1,18,Absolutely.,まったくそのとおり。,,0,,Absolutely.,まったくそのとおり。,まったくそのとおり。,Absolutely.,01.26SS3_KeyWords_[2年生]P8_英日_問題.pdf,アブソルートリー,,Absolutely.,Absolutely.,,まったくそのとおり。,単語,0,原本保持
3467,サンシャイン,SS,3,[2年生]P8,[2年生],A Hope for Lasting Peace PROGRAM8,PROGRAM8 8-1,P107～P111,107,111,1,1,19,heart,"心, 感情",,0,,heart,"心, 感情","心, 感情",heart,01.26SS3_KeyWords_[2年生]P8_英日_問題.pdf,ハート,,heart,heart,,"心, 感情",単語,0,原本保持
3468,サンシャイン,SS,3,[2年生]P8,[2年生],A Hope for Lasting Peace PROGRAM8,PROGRAM8 8-1,P107～P111,107,111,1,1,20,Me neither.,私も~なかったです。,,0,,Me neither.,私も~なかったです。,私も~なかったです。,Me neither.,01.26SS3_KeyWords_[2年生]P8_英日_問題.pdf,ミー ニーザー,,Me neither.,Me neither.,,私も~なかったです。,複数語,1,原本保持
3469,サンシャイン,SS,3,[2年生]P8,[2年生],A Hope for Lasting Peace PROGRAM8,"PROGRAM8 8-2, 3",P112～P116,112,116,1,1,21,pass away,亡くなる,☆,1,,pass away,亡くなる,亡くなる,pass away,01.26SS3_KeyWords_[2年生]P8_英日_問題.pdf,パス アウェイ,,pass away,pass away,,亡くなる,複数語,1,原本保持
3470,サンシャイン,SS,3,[2年生]P8,[2年生],A Hope for Lasting Peace PROGRAM8,"PROGRAM8 8-2, 3",P112～P116,112,116,1,1,22,be covered with ~,~でおおわれている,☆,1,,be covered with ~,~でおおわれている,~でおおわれている,be covered with ~,01.26SS3_KeyWords_[2年生]P8_英日_問題.pdf,ビー カヴァード ウィズ ～,,be covered with ~,be covered with ~,,~でおおわれている,表現,1,原本保持
3471,サンシャイン,SS,3,[2年生]P8,[2年生],A Hope for Lasting Peace PROGRAM8,"PROGRAM8 8-2, 3",P112～P116,112,116,1,1,23,victim,犠牲者,,0,,victim,犠牲者,犠牲者,victim,01.26SS3_KeyWords_[2年生]P8_英日_問題.pdf,ヴィックタム,,victim,victim,,犠牲者,単語,0,原本保持
3472,サンシャイン,SS,3,[2年生]P8,[2年生],A Hope for Lasting Peace PROGRAM8,"PROGRAM8 8-2, 3",P112～P116,112,116,1,1,24,renew,新たにする,,0,,renew,新たにする,新たにする,renew,01.26SS3_KeyWords_[2年生]P8_英日_問題.pdf,リヌ,,renew,renew,,新たにする,単語,0,原本保持
3473,サンシャイン,SS,3,[2年生]P8,[2年生],A Hope for Lasting Peace PROGRAM8,"PROGRAM8 8-2, 3",P112～P116,112,116,1,1,25,monument,"記念碑, 慰霊碑",,0,,monument,"記念碑, 慰霊碑","記念碑, 慰霊碑",monument,01.26SS3_KeyWords_[2年生]P8_英日_問題.pdf,マンユマント,,monument,monument,,"記念碑, 慰霊碑",単語,0,原本保持
3474,サンシャイン,SS,3,[2年生]P8,[2年生],A Hope for Lasting Peace PROGRAM8,"PROGRAM8 8-2, 3",P112～P116,112,116,1,1,26,cost,(費用が)かかる,,0,,cost,(費用が)かかる,(費用が)かかる,cost,01.26SS3_KeyWords_[2年生]P8_英日_問題.pdf,カスト,,cost,cost,,(費用が)かかる,単語,0,原本保持
3475,サンシャイン,SS,3,[2年生]P8,[2年生],A Hope for Lasting Peace PROGRAM8,"PROGRAM8 8-2, 3",P112～P116,112,116,1,1,27,tourist,"観光客, 旅行者",,0,,tourist,"観光客, 旅行者","観光客, 旅行者",tourist,01.26SS3_KeyWords_[2年生]P8_英日_問題.pdf,トゥラスト,,tourist,tourist,,"観光客, 旅行者",単語,0,原本保持
3476,サンシャイン,SS,3,[2年生]P8,[2年生],A Hope for Lasting Peace PROGRAM8,"PROGRAM8 8-2, 3",P112～P116,112,116,1,1,28,wine,"ワイン, ブドウ酒",,0,,wine,"ワイン, ブドウ酒","ワイン, ブドウ酒",wine,01.26SS3_KeyWords_[2年生]P8_英日_問題.pdf,ワイン,,wine,wine,,"ワイン, ブドウ酒",単語,0,原本保持
3477,サンシャイン,SS,3,[2年生]P8,[2年生],A Hope for Lasting Peace PROGRAM8,"PROGRAM8 8-2, 3",P112～P116,112,116,1,1,29,atomic bomb,原子力爆弾,,0,,atomic bomb,原子力爆弾,原子力爆弾,atomic bomb,01.26SS3_KeyWords_[2年生]P8_英日_問題.pdf,アタミック バム,,atomic bomb,atomic bomb,,原子力爆弾,複数語,1,原本保持
3478,サンシャイン,SS,3,[2年生]P8,[2年生],A Hope for Lasting Peace PROGRAM8,"PROGRAM8 8-2, 3",P112～P116,112,116,1,1,30,straw,ストロー,,0,,straw,ストロー,ストロー,straw,01.26SS3_KeyWords_[2年生]P8_英日_問題.pdf,ストロ,,straw,straw,,ストロー,単語,0,原本保持
3479,サンシャイン,SS,3,[2年生]P8,[2年生],A Hope for Lasting Peace PROGRAM8,"PROGRAM8 8-2, 3",P112～P116,112,116,1,1,31,get well,(体調が)よくなる,,0,,get well,(体調が)よくなる,(体調が)よくなる,get well,01.26SS3_KeyWords_[2年生]P8_英日_問題.pdf,ゲット ウェル,,get well,get well,,(体調が)よくなる,複数語,1,原本保持
3480,サンシャイン,SS,3,[2年生]P8,[2年生],A Hope for Lasting Peace PROGRAM8,"PROGRAM8 8-2, 3",P112～P116,112,116,1,1,32,snow,雪,,0,,snow,雪,雪,snow,01.26SS3_KeyWords_[2年生]P8_英日_問題.pdf,スノ,,snow,snow,,雪,単語,0,原本保持
3481,サンシャイン,SS,3,[2年生]P8,[2年生],A Hope for Lasting Peace PROGRAM8,"PROGRAM8 8-2, 3",P112～P116,112,116,1,1,33,wear,"着る, 身につける",☆,1,,wear,"着る, 身につける","着る, 身につける",wear,01.26SS3_KeyWords_[2年生]P8_英日_問題.pdf,ウェー,,wear,wear,,"着る, 身につける",単語,0,原本保持
3482,サンシャイン,SS,3,[2年生]P8,[2年生],A Hope for Lasting Peace PROGRAM8,"PROGRAM8 8-2, 3",P112～P116,112,116,1,1,34,tin,"ブリキ, スズ",,0,,tin,"ブリキ, スズ","ブリキ, スズ",tin,01.26SS3_KeyWords_[2年生]P8_英日_問題.pdf,ティン,,tin,tin,,"ブリキ, スズ",単語,0,原本保持
3483,サンシャイン,SS,3,[2年生]P8,[2年生],A Hope for Lasting Peace PROGRAM8,"PROGRAM8 8-2, 3",P112～P116,112,116,1,1,35,receive,受け取る,☆,1,,receive,受け取る,受け取る,receive,01.26SS3_KeyWords_[2年生]P8_英日_問題.pdf,ラシヴ,,receive,receive,,受け取る,単語,0,原本保持
3484,サンシャイン,SS,3,[2年生]P8,[2年生],A Hope for Lasting Peace PROGRAM8,"PROGRAM8 8-2, 3",P112～P116,112,116,1,1,36,wood,木材,,0,,wood,木材,木材,wood,01.26SS3_KeyWords_[2年生]P8_英日_問題.pdf,ウッド,,wood,wood,,木材,単語,0,原本保持
3485,サンシャイン,SS,3,[2年生]P8,[2年生],A Hope for Lasting Peace PROGRAM8,"PROGRAM8 8-2, 3",P112～P116,112,116,1,1,37,stand,立つ,☆,1,,stand,立つ,立つ,stand,01.26SS3_KeyWords_[2年生]P8_英日_問題.pdf,スタンド,,stand,stand,,立つ,単語,0,原本保持
3486,サンシャイン,SS,3,[2年生]P8,[2年生],A Hope for Lasting Peace PROGRAM8,"PROGRAM8 8-2, 3",P112～P116,112,116,1,1,38,butter,バター,,0,,butter,バター,バター,butter,01.26SS3_KeyWords_[2年生]P8_英日_問題.pdf,バター,,butter,butter,,バター,単語,0,原本保持
3487,サンシャイン,SS,3,[2年生]P8,[2年生],A Hope for Lasting Peace PROGRAM8,"PROGRAM8 8-2, 3",P112～P116,112,116,1,1,39,so A that B,あまりにもAなのでB,☆,1,,so A that B,あまりにもAなのでB,あまりにもAなのでB,so A that B,01.26SS3_KeyWords_[2年生]P8_英日_問題.pdf,ソウ エイ ザット ビー,,so A that B,so A that B,,あまりにもAなのでB,複数語,1,原本保持
3488,サンシャイン,SS,3,[2年生]P8,[2年生],A Hope for Lasting Peace PROGRAM8,"PROGRAM8 8-2, 3",P112～P116,112,116,1,1,40,be filled with ~,~で満たされている,,0,,be filled with ~,~で満たされている,~で満たされている,be filled with ~,01.26SS3_KeyWords_[2年生]P8_英日_問題.pdf,ビー フィルド ウィズ ～,,be filled with ~,be filled with ~,,~で満たされている,表現,1,原本保持
3489,サンシャイン,SS,3,[2年生]P8,[2年生],A Hope for Lasting Peace PROGRAM8,"PROGRAM8 8-2, 3",P112～P116,112,116,1,1,41,be known to ~,~に知られている,☆,1,,be known to ~,~に知られている,~に知られている,be known to ~,01.26SS3_KeyWords_[2年生]P8_英日_問題.pdf,ビー ノン トゥ ～,,be known to ~,be known to ~,,~に知られている,表現,1,原本保持
3490,サンシャイン,SS,3,[2年生]P8,[2年生],A Hope for Lasting Peace PROGRAM8,"PROGRAM8 8-2, 3",P112～P116,112,116,1,1,42,make the most of ~,~を最大限に活用する,,0,,make the most of ~,~を最大限に活用する,~を最大限に活用する,make the most of ~,01.26SS3_KeyWords_[2年生]P8_英日_問題.pdf,メイク ザ モスト オブ ～,,make the most of ~,make the most of ~,,~を最大限に活用する,表現,1,原本保持
3491,サンシャイン,SS,3,[2年生]P8,[2年生],A Hope for Lasting Peace PROGRAM8,PROGRAM8 教科書本文,P111～P113,111,113,1,1,43,soap,せっけん,,0,,soap,せっけん,せっけん,soap,01.26SS3_KeyWords_[2年生]P8_英日_問題.pdf,ソプ,,soap,soap,,せっけん,単語,0,原本保持
3492,サンシャイン,SS,3,[2年生]P8,[2年生],A Hope for Lasting Peace PROGRAM8,PROGRAM8 教科書本文,P111～P113,111,113,1,1,44,millions of,何百万もの,,0,,millions of,何百万もの,何百万もの,millions of,01.26SS3_KeyWords_[2年生]P8_英日_問題.pdf,ミルヤンズ オブ,,millions of,millions of,,何百万もの,複数語,1,原本保持
3493,サンシャイン,SS,3,[2年生]P8,[2年生],A Hope for Lasting Peace PROGRAM8,PROGRAM8 教科書本文,P111～P113,111,113,1,1,45,paper crane,折り鶴,,0,,paper crane,折り鶴,折り鶴,paper crane,01.26SS3_KeyWords_[2年生]P8_英日_問題.pdf,ペイパー クレイン,,paper crane,paper crane,,折り鶴,複数語,1,原本保持
3494,サンシャイン,SS,3,[2年生]P8,[2年生],A Hope for Lasting Peace PROGRAM8,PROGRAM8 教科書本文,P111～P113,111,113,1,1,46,take a look,"ちらりと見る, 見てみる",,0,,take a look,"ちらりと見る, 見てみる","ちらりと見る, 見てみる",take a look,01.26SS3_KeyWords_[2年生]P8_英日_問題.pdf,テイク ア ルック,,take a look,take a look,,"ちらりと見る, 見てみる",複数語,1,原本保持
3495,サンシャイン,SS,3,[2年生]P8,[2年生],A Hope for Lasting Peace PROGRAM8,PROGRAM8 教科書本文,P111～P113,111,113,1,1,47,clay,粘土,,0,,clay,粘土,粘土,clay,01.26SS3_KeyWords_[2年生]P8_英日_問題.pdf,クレイ,,clay,clay,,粘土,単語,0,原本保持
3496,サンシャイン,SS,3,[2年生]P8,[2年生],A Hope for Lasting Peace PROGRAM8,PROGRAM8 教科書本文,P111～P113,111,113,1,1,48,So was mine.,私もそうです。,,0,,So was mine.,私もそうです。,私もそうです。,So was mine.,01.26SS3_KeyWords_[2年生]P8_英日_問題.pdf,ソウ ワズ マイン,,So was mine.,So was mine.,,私もそうです。,複数語,1,原本保持
3497,サンシャイン,SS,3,[2年生]P8,[2年生],A Hope for Lasting Peace PROGRAM8,PROGRAM8 教科書本文,P111～P113,111,113,1,1,49,relay,"伝える, 中継する",,0,,relay,"伝える, 中継する","伝える, 中継する",relay,01.26SS3_KeyWords_[2年生]P8_英日_問題.pdf,リレイ,,relay,relay,,"伝える, 中継する",単語,0,原本保持
3498,サンシャイン,SS,3,[2年生]P8,[2年生],A Hope for Lasting Peace PROGRAM8,PROGRAM8 教科書本文,P111～P113,111,113,1,1,50,Same here.,私も同じです。,,0,,Same here.,私も同じです。,私も同じです。,Same here.,01.26SS3_KeyWords_[2年生]P8_英日_問題.pdf,セイム ヒア,,Same here.,Same here.,,私も同じです。,複数語,1,原本保持
3499,サンシャイン,SS,3,[2年生]P8,[2年生],A Hope for Lasting Peace PROGRAM8,PROGRAM8 教科書本文,P111～P113,111,113,1,1,51,fold,折る,,0,,fold,折る,折る,fold,01.26SS3_KeyWords_[2年生]P8_英日_問題.pdf,フォールド,,fold,fold,,折る,単語,0,原本保持
3500,サンシャイン,SS,3,[2年生]P8,[2年生],A Hope for Lasting Peace PROGRAM8,PROGRAM8 教科書本文,P111～P113,111,113,1,1,52,the Hiroshima Peace Memorial Park,広島平和記念公園,,0,,the Hiroshima Peace Memorial Park,広島平和記念公園,広島平和記念公園,the Hiroshima Peace Memorial Park,01.26SS3_KeyWords_[2年生]P8_英日_問題.pdf,ザ ヒロシマ ピース メモリアル パーク,,the Hiroshima Peace Memorial Park,the Hiroshima Peace Memorial Park,,広島平和記念公園,複数語,1,原本保持
3501,サンシャイン,SS,3,[2年生]P8,[2年生],A Hope for Lasting Peace PROGRAM8,PROGRAM8 教科書本文,P111～P113,111,113,1,1,53,mascot,マスコット,,0,,mascot,マスコット,マスコット,mascot,01.26SS3_KeyWords_[2年生]P8_英日_問題.pdf,マスカット,,mascot,mascot,,マスコット,単語,0,原本保持
3502,サンシャイン,SS,3,[2年生]P8,[2年生],A Hope for Lasting Peace PROGRAM8,PROGRAM8 教科書本文,P111～P113,111,113,1,1,54,badge,バッジ,,0,,badge,バッジ,バッジ,badge,01.26SS3_KeyWords_[2年生]P8_英日_問題.pdf,バジ,,badge,badge,,バッジ,単語,0,原本保持
3503,サンシャイン,SS,3,[2年生]P8,PROGRAM8 A,Hope for Lasting Peace,PROGRAM8 8-1～3,P107～P116,107,116,1,2,55,get well,(体調が)よくなる,☆,1,,get well,(体調が)よくなる,(体調が)よくなる,get well,01.26SS3_KeyWords_[2年生]P8_英日_問題.pdf,ゲット ウェル,,get well,get well,,(体調が)よくなる,複数語,1,原本保持
3504,サンシャイン,SS,3,[2年生]P8,PROGRAM8 A,Hope for Lasting Peace,PROGRAM8 8-1～3,P107～P116,107,116,1,2,56,be filled with ~,~で満たされている,☆,1,,be filled with ~,~で満たされている,~で満たされている,be filled with ~,01.26SS3_KeyWords_[2年生]P8_英日_問題.pdf,ビー フィルド ウィズ ～,,be filled with ~,be filled with ~,,~で満たされている,表現,1,原本保持
3505,サンシャイン,SS,3,[2年生]P8,PROGRAM8 A,Hope for Lasting Peace,PROGRAM8 8-1～3,P107～P116,107,116,1,2,57,cost,(費用が)かかる,☆,1,,cost,(費用が)かかる,(費用が)かかる,cost,01.26SS3_KeyWords_[2年生]P8_英日_問題.pdf,カスト,,cost,cost,,(費用が)かかる,単語,0,原本保持
3506,サンシャイン,SS,3,[2年生]P8,PROGRAM8 A,Hope for Lasting Peace,Power-Up5 飛行機のアナウンスを聞こう / Step5 説得力のある説明をしよう,"P117,P118",117,118,1,2,58,minute,(時間の)分,☆,1,,minute,(時間の)分,(時間の)分,minute,01.26SS3_KeyWords_[2年生]P8_英日_問題.pdf,ミニット,,minute,minute,,(時間の)分,単語,0,原本保持
3507,サンシャイン,SS,3,[2年生]P8,PROGRAM8 A,Hope for Lasting Peace,Power-Up5 飛行機のアナウンスを聞こう / Step5 説得力のある説明をしよう,"P117,P118",117,118,1,2,59,flight,"定期航空便, 飛行",,0,,flight,"定期航空便, 飛行","定期航空便, 飛行",flight,01.26SS3_KeyWords_[2年生]P8_英日_問題.pdf,フライト,,flight,flight,,"定期航空便, 飛行",単語,0,原本保持
3508,サンシャイン,SS,3,[2年生]P8,PROGRAM8 A,Hope for Lasting Peace,Power-Up5 飛行機のアナウンスを聞こう / Step5 説得力のある説明をしよう,"P117,P118",117,118,1,2,60,apologize,あやまる,☆,1,,apologize,あやまる,あやまる,apologize,01.26SS3_KeyWords_[2年生]P8_英日_問題.pdf,アパラジャイズ,,apologize,apologize,,あやまる,単語,0,原本保持
3509,サンシャイン,SS,3,[2年生]P8,PROGRAM8 A,Hope for Lasting Peace,Power-Up5 飛行機のアナウンスを聞こう / Step5 説得力のある説明をしよう,"P117,P118",117,118,1,2,61,flight attendant,(旅客機の)客室乗務員,,0,,flight attendant,(旅客機の)客室乗務員,(旅客機の)客室乗務員,flight attendant,01.26SS3_KeyWords_[2年生]P8_英日_問題.pdf,フライト アテンダント,,flight attendant,flight attendant,,(旅客機の)客室乗務員,複数語,1,原本保持
3510,サンシャイン,SS,3,[2年生]P8,PROGRAM8 A,Hope for Lasting Peace,Power-Up5 飛行機のアナウンスを聞こう / Step5 説得力のある説明をしよう,"P117,P118",117,118,1,2,62,passenger,乗客,,0,,passenger,乗客,乗客,passenger,01.26SS3_KeyWords_[2年生]P8_英日_問題.pdf,パサンジャー,,passenger,passenger,,乗客,単語,0,原本保持
3511,サンシャイン,SS,3,[2年生]P8,PROGRAM8 A,Hope for Lasting Peace,Power-Up5 飛行機のアナウンスを聞こう / Step5 説得力のある説明をしよう,"P117,P118",117,118,1,2,63,Tokyo International Airport,東京国際空港,,0,,Tokyo International Airport,東京国際空港,東京国際空港,Tokyo International Airport,01.26SS3_KeyWords_[2年生]P8_英日_問題.pdf,トウキョウ インターナショナル エアポート,,Tokyo International Airport,Tokyo International Airport,,東京国際空港,複数語,1,原本保持
3512,サンシャイン,SS,3,[2年生]P8,PROGRAM8 A,Hope for Lasting Peace,Power-Up5 飛行機のアナウンスを聞こう / Step5 説得力のある説明をしよう,"P117,P118",117,118,1,2,64,inconvenience,"不便, 迷惑",,0,,inconvenience,"不便, 迷惑","不便, 迷惑",inconvenience,01.26SS3_KeyWords_[2年生]P8_英日_問題.pdf,インカンヴィンヤンス,,inconvenience,inconvenience,,"不便, 迷惑",単語,0,原本保持
3513,サンシャイン,SS,3,[2年生]P8,PROGRAM8 A,Hope for Lasting Peace,Power-Up5 飛行機のアナウンスを聞こう / Step5 説得力のある説明をしよう,"P117,P118",117,118,1,2,65,boarding,搭乗,,0,,boarding,搭乗,搭乗,boarding,01.26SS3_KeyWords_[2年生]P8_英日_問題.pdf,ボーディング,,boarding,boarding,,搭乗,単語,0,原本保持
3514,サンシャイン,SS,3,[2年生]P8,PROGRAM8 A,Hope for Lasting Peace,Power-Up5 飛行機のアナウンスを聞こう / Step5 説得力のある説明をしよう,"P117,P118",117,118,1,2,66,chat,おしゃべりをする,,0,,chat,おしゃべりをする,おしゃべりをする,chat,01.26SS3_KeyWords_[2年生]P8_英日_問題.pdf,チャット,,chat,chat,,おしゃべりをする,単語,0,原本保持
3515,サンシャイン,SS,3,[2年生]P8,PROGRAM8 A,Hope for Lasting Peace,Power-Up5 飛行機のアナウンスを聞こう / Step5 説得力のある説明をしよう,"P117,P118",117,118,1,2,67,attention,"注意, 注目",,0,,attention,"注意, 注目","注意, 注目",attention,01.26SS3_KeyWords_[2年生]P8_英日_問題.pdf,アテンシャン,,attention,attention,,"注意, 注目",単語,0,原本保持
3516,サンシャイン,SS,3,[2年生]P8,PROGRAM8 A,Hope for Lasting Peace,Power-Up5 飛行機のアナウンスを聞こう / Step5 説得力のある説明をしよう,"P117,P118",117,118,1,2,68,casual,"ふだん着の, カジュアルな",,0,,casual,"ふだん着の, カジュアルな","ふだん着の, カジュアルな",casual,01.26SS3_KeyWords_[2年生]P8_英日_問題.pdf,カアワル,,casual,casual,,"ふだん着の, カジュアルな",単語,0,原本保持
3517,サンシャイン,SS,3,[2年生]P8,PROGRAM8 A,Hope for Lasting Peace,Our Project6 My Heroの魅力を伝えよう,P119～P123,119,123,1,2,69,be born,生まれる,☆,1,,be born,生まれる,生まれる,be born,01.26SS3_KeyWords_[2年生]P8_英日_問題.pdf,ビー ボーン,,be born,be born,,生まれる,複数語,1,原本保持
3518,サンシャイン,SS,3,[2年生]P8,PROGRAM8 A,Hope for Lasting Peace,Our Project6 My Heroの魅力を伝えよう,P119～P123,119,123,1,2,70,protection,保護,,0,,protection,保護,保護,protection,01.26SS3_KeyWords_[2年生]P8_英日_問題.pdf,プラテックシャン,,protection,protection,,保護,単語,0,原本保持
3519,サンシャイン,SS,3,[2年生]P8,PROGRAM8 A,Hope for Lasting Peace,Our Project6 My Heroの魅力を伝えよう,P119～P123,119,123,1,2,71,in those days,"当時, そのころ",☆,1,,in those days,"当時, そのころ","当時, そのころ",in those days,01.26SS3_KeyWords_[2年生]P8_英日_問題.pdf,イン ゾーズ デイズ,,in those days,in those days,,"当時, そのころ",複数語,1,原本保持
3520,サンシャイン,SS,3,[2年生]P8,PROGRAM8 A,Hope for Lasting Peace,Our Project6 My Heroの魅力を伝えよう,P119～P123,119,123,1,2,72,planet,惑星,,0,,planet,惑星,惑星,planet,01.26SS3_KeyWords_[2年生]P8_英日_問題.pdf,プラナット,,planet,planet,,惑星,単語,0,原本保持
3521,サンシャイン,SS,3,[2年生]P8,PROGRAM8 A,Hope for Lasting Peace,Our Project6 My Heroの魅力を伝えよう,P119～P123,119,123,1,2,73,because of ~,"~のために, ~の理由で",☆,1,,because of ~,"~のために, ~の理由で","~のために, ~の理由で",because of ~,01.26SS3_KeyWords_[2年生]P8_英日_問題.pdf,ビコーズ オブ ～,,because of ~,because of ~,,"~のために, ~の理由で",表現,1,原本保持
3522,サンシャイン,SS,3,[2年生]P8,PROGRAM8 A,Hope for Lasting Peace,Our Project6 My Heroの魅力を伝えよう,P119～P123,119,123,1,2,74,pioneer,"開拓者, 先駆者",,0,,pioneer,"開拓者, 先駆者","開拓者, 先駆者",pioneer,01.26SS3_KeyWords_[2年生]P8_英日_問題.pdf,パイアニー,,pioneer,pioneer,,"開拓者, 先駆者",単語,0,原本保持
3523,サンシャイン,SS,3,[2年生]P8,PROGRAM8 A,Hope for Lasting Peace,Our Project6 My Heroの魅力を伝えよう,P119～P123,119,123,1,2,75,admire,"賞賛する, 感心する",,0,,admire,"賞賛する, 感心する","賞賛する, 感心する",admire,01.26SS3_KeyWords_[2年生]P8_英日_問題.pdf,アッドマイー,,admire,admire,,"賞賛する, 感心する",単語,0,原本保持
3524,サンシャイン,SS,3,[2年生]P8,PROGRAM8 A,Hope for Lasting Peace,Our Project6 My Heroの魅力を伝えよう,P119～P123,119,123,1,2,76,environmental,環境(保護)の,,0,,environmental,環境(保護)の,環境(保護)の,environmental,01.26SS3_KeyWords_[2年生]P8_英日_問題.pdf,インヴァイランメンタル,,environmental,environmental,,環境(保護)の,単語,0,原本保持
3525,サンシャイン,SS,3,[2年生]P8,PROGRAM8 A,Hope for Lasting Peace,Our Project6 My Heroの魅力を伝えよう,P119～P123,119,123,1,2,77,hero,"英雄, あこがれの的",,0,,hero,"英雄, あこがれの的","英雄, あこがれの的",hero,01.26SS3_KeyWords_[2年生]P8_英日_問題.pdf,ヒロ,,hero,hero,,"英雄, あこがれの的",単語,0,原本保持
3526,サンシャイン,SS,3,[2年生]P8,PROGRAM8 A,Hope for Lasting Peace,Our Project6 My Heroの魅力を伝えよう,P119～P123,119,123,1,2,78,marine biologist,海洋生物学者,,0,,marine biologist,海洋生物学者,海洋生物学者,marine biologist,01.26SS3_KeyWords_[2年生]P8_英日_問題.pdf,マーイーン バイアラジスト,,marine biologist,marine biologist,,海洋生物学者,複数語,1,原本保持
3527,サンシャイン,SS,3,[2年生]P8,PROGRAM8 A,Hope for Lasting Peace,Our Project6 My Heroの魅力を伝えよう,P119～P123,119,123,1,2,79,danger,危険,,0,,danger,危険,危険,danger,01.26SS3_KeyWords_[2年生]P8_英日_問題.pdf,デインジャー,,danger,danger,,危険,単語,0,原本保持
3528,サンシャイン,SS,3,[2年生]P8,PROGRAM8 A,Hope for Lasting Peace,Our Project6 My Heroの魅力を伝えよう,P119～P123,119,123,1,2,80,Rachel Carson,レイチェル・カーソン(人名),,0,,Rachel Carson,レイチェル・カーソン(人名),レイチェル・カーソン(人名),Rachel Carson,01.26SS3_KeyWords_[2年生]P8_英日_問題.pdf,レイチェル カーソン,,Rachel Carson,Rachel Carson,,レイチェル・カーソン(人名),複数語,1,原本保持
3529,サンシャイン,SS,3,[2年生]P8,PROGRAM8 A,Hope for Lasting Peace,Our Project6 My Heroの魅力を伝えよう,P119～P123,119,123,1,2,81,writer,作家,,0,,writer,作家,作家,writer,01.26SS3_KeyWords_[2年生]P8_英日_問題.pdf,ライター,,writer,writer,,作家,単語,0,原本保持
3530,サンシャイン,SS,3,[2年生]R3,[2年生],Apollo 13 Reading3,Reading3 教科書本文,P124～P128,124,128,2,1,1,may,~かもしれない,☆,1,,may,~かもしれない,~かもしれない,may,02.26SS3_KeyWords_[2年生]R3_英日_問題.pdf,メイ,,may,may,,~かもしれない,単語,0,原本保持
3531,サンシャイン,SS,3,[2年生]R3,[2年生],Apollo 13 Reading3,Reading3 教科書本文,P124～P128,124,128,2,1,2,option,選択肢,,0,,option,選択肢,選択肢,option,02.26SS3_KeyWords_[2年生]R3_英日_問題.pdf,アプシャン,,option,option,,選択肢,単語,0,原本保持
3532,サンシャイン,SS,3,[2年生]R3,[2年生],Apollo 13 Reading3,Reading3 教科書本文,P124～P128,124,128,2,1,3,lose-lost-lost,失う[原形-過去形-過去分詞形],☆,1,,lose-lost-lost,失う[原形-過去形-過去分詞形],失う[原形-過去形-過去分詞形],lose-lost-lost,02.26SS3_KeyWords_[2年生]R3_英日_問題.pdf,ルーズ・ロスト・ロスト,,lose-lost-lost,lose-lost-lost,,失う[原形-過去形-過去分詞形],単語,0,原本保持
3533,サンシャイン,SS,3,[2年生]R3,[2年生],Apollo 13 Reading3,Reading3 教科書本文,P124～P128,124,128,2,1,4,re-entry,"(大気圏への)再突入, 再び入ること",,0,,re-entry,"(大気圏への)再突入, 再び入ること","(大気圏への)再突入, 再び入ること",re-entry,02.26SS3_KeyWords_[2年生]R3_英日_問題.pdf,レイ・エントリ,,re-entry,re-entry,,"(大気圏への)再突入, 再び入ること",単語,0,原本保持
3534,サンシャイン,SS,3,[2年生]R3,[2年生],Apollo 13 Reading3,Reading3 教科書本文,P124～P128,124,128,2,1,5,appear,現れる,☆,1,,appear,現れる,現れる,appear,02.26SS3_KeyWords_[2年生]R3_英日_問題.pdf,アピー,,appear,appear,,現れる,単語,0,原本保持
3535,サンシャイン,SS,3,[2年生]R3,[2年生],Apollo 13 Reading3,Reading3 教科書本文,P124～P128,124,128,2,1,6,fire,火,,0,,fire,火,火,fire,02.26SS3_KeyWords_[2年生]R3_英日_問題.pdf,ファイアー,,fire,fire,,火,単語,0,原本保持
3536,サンシャイン,SS,3,[2年生]R3,[2年生],Apollo 13 Reading3,Reading3 教科書本文,P124～P128,124,128,2,1,7,situation,状況,☆,1,,situation,状況,状況,situation,02.26SS3_KeyWords_[2年生]R3_英日_問題.pdf,シチュエイシャン,,situation,situation,,状況,単語,0,原本保持
3537,サンシャイン,SS,3,[2年生]R3,[2年生],Apollo 13 Reading3,Reading3 教科書本文,P124～P128,124,128,2,1,8,crew,乗組員,,0,,crew,乗組員,乗組員,crew,02.26SS3_KeyWords_[2年生]R3_英日_問題.pdf,クル,,crew,crew,,乗組員,単語,0,原本保持
3538,サンシャイン,SS,3,[2年生]R3,[2年生],Apollo 13 Reading3,Reading3 教科書本文,P124～P128,124,128,2,1,9,contact,"連絡をとる, 接触する",,0,,contact,"連絡をとる, 接触する","連絡をとる, 接触する",contact,02.26SS3_KeyWords_[2年生]R3_英日_問題.pdf,カンタックト,,contact,contact,,"連絡をとる, 接触する",単語,0,原本保持
3539,サンシャイン,SS,3,[2年生]R3,[2年生],Apollo 13 Reading3,Reading3 教科書本文,P124～P128,124,128,2,1,10,spaceship,宇宙船,,0,,spaceship,宇宙船,宇宙船,spaceship,02.26SS3_KeyWords_[2年生]R3_英日_問題.pdf,スペイスシップ,,spaceship,spaceship,,宇宙船,単語,0,原本保持
3540,サンシャイン,SS,3,[2年生]R3,[2年生],Apollo 13 Reading3,Reading3 教科書本文,P124～P128,124,128,2,1,11,pass,"(時が)過ぎる, 経つ",,0,,pass,"(時が)過ぎる, 経つ","(時が)過ぎる, 経つ",pass,02.26SS3_KeyWords_[2年生]R3_英日_問題.pdf,パス,,pass,pass,,"(時が)過ぎる, 経つ",単語,0,原本保持
3541,サンシャイン,SS,3,[2年生]R3,[2年生],Apollo 13 Reading3,Reading3 教科書本文,P124～P128,124,128,2,1,12,captain,"船長, (競技チームの)キャプテン",,0,,captain,"船長, (競技チームの)キャプテン","船長, (競技チームの)キャプテン",captain,02.26SS3_KeyWords_[2年生]R3_英日_問題.pdf,カップタン,,captain,captain,,"船長, (競技チームの)キャプテン",単語,0,原本保持
3542,サンシャイン,SS,3,[2年生]R3,[2年生],Apollo 13 Reading3,Reading3 教科書本文,P124～P128,124,128,2,1,13,damage,ダメージ[損害]を与える,,0,,damage,ダメージ[損害]を与える,ダメージ[損害]を与える,damage,02.26SS3_KeyWords_[2年生]R3_英日_問題.pdf,ダマジ,,damage,damage,,ダメージ[損害]を与える,単語,0,原本保持
3543,サンシャイン,SS,3,[2年生]R3,[2年生],Apollo 13 Reading3,Reading3 教科書本文,P124～P128,124,128,2,1,14,astronaut,宇宙飛行士,,0,,astronaut,宇宙飛行士,宇宙飛行士,astronaut,02.26SS3_KeyWords_[2年生]R3_英日_問題.pdf,アストラナト,,astronaut,astronaut,,宇宙飛行士,単語,0,原本保持
3544,サンシャイン,SS,3,[2年生]R3,[2年生],Apollo 13 Reading3,Reading3 教科書本文,P124～P128,124,128,2,1,15,approach,"近づく, 接近する",,0,,approach,"近づく, 接近する","近づく, 接近する",approach,02.26SS3_KeyWords_[2年生]R3_英日_問題.pdf,アプロチ,,approach,approach,,"近づく, 接近する",単語,0,原本保持
3545,サンシャイン,SS,3,[2年生]R3,[2年生],Apollo 13 Reading3,Reading3 教科書本文,P124～P128,124,128,2,1,16,calm,"落ち着いた, 穏やかな",,0,,calm,"落ち着いた, 穏やかな","落ち着いた, 穏やかな",calm,02.26SS3_KeyWords_[2年生]R3_英日_問題.pdf,カム,,calm,calm,,"落ち着いた, 穏やかな",単語,0,原本保持
3546,サンシャイン,SS,3,[2年生]R3,[2年生],Apollo 13 Reading3,Reading3 教科書本文,P124～P128,124,128,2,1,17,failure,失敗,,0,,failure,失敗,失敗,failure,02.26SS3_KeyWords_[2年生]R3_英日_問題.pdf,フェイールヤー,,failure,failure,,失敗,単語,0,原本保持
3547,サンシャイン,SS,3,[2年生]R3,[2年生],Apollo 13 Reading3,Reading3 教科書本文,P124～P128,124,128,2,1,18,successfully,"成功して, うまく",,0,,successfully,"成功して, うまく","成功して, うまく",successfully,02.26SS3_KeyWords_[2年生]R3_英日_問題.pdf,サックセスファリ,,successfully,successfully,,"成功して, うまく",単語,0,原本保持
3548,サンシャイン,SS,3,[2年生]R3,[2年生],Apollo 13 Reading3,Reading3 教科書本文,P124～P128,124,128,2,1,19,wisdom,"英知, 知恵",,0,,wisdom,"英知, 知恵","英知, 知恵",wisdom,02.26SS3_KeyWords_[2年生]R3_英日_問題.pdf,ウィズダム,,wisdom,wisdom,,"英知, 知恵",単語,0,原本保持
3549,サンシャイン,SS,3,[2年生]R3,[2年生],Apollo 13 Reading3,Reading3 教科書本文,P124～P128,124,128,2,1,20,extremely,"極度に, 非常に",,0,,extremely,"極度に, 非常に","極度に, 非常に",extremely,02.26SS3_KeyWords_[2年生]R3_英日_問題.pdf,エックストリムリ,,extremely,extremely,,"極度に, 非常に",単語,0,原本保持
3550,サンシャイン,SS,3,[2年生]R3,[2年生],Apollo 13 Reading3,Reading3 教科書本文,P124～P128,124,128,2,1,21,voice,声,,0,,voice,声,声,voice,02.26SS3_KeyWords_[2年生]R3_英日_問題.pdf,ヴォイス,,voice,voice,,声,単語,0,原本保持
3551,サンシャイン,SS,3,[2年生]R3,[2年生],Apollo 13 Reading3,Reading3 教科書本文,P124～P128,124,128,2,1,22,might,mayの過去形,,0,,might,mayの過去形,mayの過去形,might,02.26SS3_KeyWords_[2年生]R3_英日_問題.pdf,マイト,,might,might,,mayの過去形,単語,0,原本保持
3552,サンシャイン,SS,3,[2年生]R3,[2年生],Apollo 13 Reading3,Reading3 教科書本文,P124～P128,124,128,2,1,23,teamwork,"チームワーク, 協力",,0,,teamwork,"チームワーク, 協力","チームワーク, 協力",teamwork,02.26SS3_KeyWords_[2年生]R3_英日_問題.pdf,ティムワーク,,teamwork,teamwork,,"チームワーク, 協力",単語,0,原本保持
3553,サンシャイン,SS,3,[2年生]R3,[2年生],Apollo 13 Reading3,Reading3 教科書本文,P124～P128,124,128,2,1,24,Apollo 13,アポロ13号,,0,,Apollo 13,アポロ13号,アポロ13号,Apollo 13,02.26SS3_KeyWords_[2年生]R3_英日_問題.pdf,アポロ 13,,Apollo 13,Apollo 13,,アポロ13号,複数語,1,原本保持
3554,サンシャイン,SS,3,[2年生]R3,[2年生],Apollo 13 Reading3,Reading3 教科書本文,P124～P128,124,128,2,1,25,sign,"きざし, 兆候",,0,,sign,"きざし, 兆候","きざし, 兆候",sign,02.26SS3_KeyWords_[2年生]R3_英日_問題.pdf,サイン,,sign,sign,,"きざし, 兆候",単語,0,原本保持
3555,サンシャイン,SS,3,[2年生]R3,[2年生],Apollo 13 Reading3,Reading3 教科書本文,P124～P128,124,128,2,1,26,Houston,ヒューストン(テキサス州の都市),,0,,Houston,ヒューストン(テキサス州の都市),ヒューストン(テキサス州の都市),Houston,02.26SS3_KeyWords_[2年生]R3_英日_問題.pdf,ヒューストン,,Houston,Houston,,ヒューストン(テキサス州の都市),単語,0,原本保持
3556,サンシャイン,SS,3,[2年生]R3,[2年生],Apollo 13 Reading3,Reading3 教科書本文,P124～P128,124,128,2,1,27,parachute,パラシュート,,0,,parachute,パラシュート,パラシュート,parachute,02.26SS3_KeyWords_[2年生]R3_英日_問題.pdf,ペラシュト,,parachute,parachute,,パラシュート,単語,0,原本保持
3557,サンシャイン,SS,3,[2年生]R3,[2年生],Apollo 13 Reading3,Reading3 教科書本文,P124～P128,124,128,2,1,28,Jim Lovell,ジム・ラベル(人名),,0,,Jim Lovell,ジム・ラベル(人名),ジム・ラベル(人名),Jim Lovell,02.26SS3_KeyWords_[2年生]R3_英日_問題.pdf,ジム ラベル,,Jim Lovell,Jim Lovell,,ジム・ラベル(人名),複数語,1,原本保持
3558,サンシャイン,SS,3,P1,PROGRAM1,Japanese Bentos Are Interesting!,PROGRAM1 1-1,P7～P11,7,11,3,1,1,noon,正午,☆,1,,noon,正午,正午,noon,03.26SS3_KeyWords_P1_英日_問題.pdf,ヌン,,noon,noon,,正午,単語,0,原本保持
3559,サンシャイン,SS,3,P1,PROGRAM1,Japanese Bentos Are Interesting!,PROGRAM1 1-1,P7～P11,7,11,3,1,2,schoolyard,校庭,,0,,schoolyard,校庭,校庭,schoolyard,03.26SS3_KeyWords_P1_英日_問題.pdf,スクールヤード,,schoolyard,schoolyard,,校庭,単語,0,原本保持
3560,サンシャイン,SS,3,P1,PROGRAM1,Japanese Bentos Are Interesting!,PROGRAM1 1-1,P7～P11,7,11,3,1,3,someone,だれか,☆,1,,someone,だれか,だれか,someone,03.26SS3_KeyWords_P1_英日_問題.pdf,サムワン,,someone,someone,,だれか,単語,0,原本保持
3561,サンシャイン,SS,3,P1,PROGRAM1,Japanese Bentos Are Interesting!,PROGRAM1 1-1,P7～P11,7,11,3,1,4,colorful,"カラフルな, 色彩豊かな",,0,,colorful,"カラフルな, 色彩豊かな","カラフルな, 色彩豊かな",colorful,03.26SS3_KeyWords_P1_英日_問題.pdf,カラーファル,,colorful,colorful,,"カラフルな, 色彩豊かな",単語,0,原本保持
3562,サンシャイン,SS,3,P1,PROGRAM1,Japanese Bentos Are Interesting!,PROGRAM1 1-1,P7～P11,7,11,3,1,5,suitcase,スーツケース,,0,,suitcase,スーツケース,スーツケース,suitcase,03.26SS3_KeyWords_P1_英日_問題.pdf,ストケイス,,suitcase,suitcase,,スーツケース,単語,0,原本保持
3563,サンシャイン,SS,3,P1,PROGRAM1,Japanese Bentos Are Interesting!,PROGRAM1 1-2,P12,12,12,3,1,6,musical instrument,楽器,☆,1,,musical instrument,楽器,楽器,musical instrument,03.26SS3_KeyWords_P1_英日_問題.pdf,ミュジックル インストラマント,,musical instrument,musical instrument,,楽器,複数語,1,原本保持
3564,サンシャイン,SS,3,P1,PROGRAM1,Japanese Bentos Are Interesting!,PROGRAM1 1-2,P12,12,12,3,1,7,eel,ウナギ,,0,,eel,ウナギ,ウナギ,eel,03.26SS3_KeyWords_P1_英日_問題.pdf,イール,,eel,eel,,ウナギ,単語,0,原本保持
3565,サンシャイン,SS,3,P1,PROGRAM1,Japanese Bentos Are Interesting!,PROGRAM1 1-2,P12,12,12,3,1,8,marathon,マラソン,,0,,marathon,マラソン,マラソン,marathon,03.26SS3_KeyWords_P1_英日_問題.pdf,メラサン,,marathon,marathon,,マラソン,単語,0,原本保持
3566,サンシャイン,SS,3,P1,PROGRAM1,Japanese Bentos Are Interesting!,PROGRAM1 1-2,P12,12,12,3,1,9,homemade,自家製の,,0,,homemade,自家製の,自家製の,homemade,03.26SS3_KeyWords_P1_英日_問題.pdf,ホムメイド,,homemade,homemade,,自家製の,単語,0,原本保持
3567,サンシャイン,SS,3,P1,PROGRAM1,Japanese Bentos Are Interesting!,PROGRAM1 1-3,P13～P16,13,16,3,1,10,do-did-done,"する, 行う[原形-過去形-過去分詞形]",☆,1,,do-did-done,"する, 行う[原形-過去形-過去分詞形]","する, 行う[原形-過去形-過去分詞形]",do-did-done,03.26SS3_KeyWords_P1_英日_問題.pdf,ドゥ・ディド・ダン,,do-did-done,do-did-done,,"する, 行う[原形-過去形-過去分詞形]",単語,0,原本保持
3568,サンシャイン,SS,3,P1,PROGRAM1,Japanese Bentos Are Interesting!,PROGRAM1 1-3,P13～P16,13,16,3,1,11,a few,"少しの, 2, 3つの",☆,1,,a few,"少しの, 2, 3つの","少しの, 2, 3つの",a few,03.26SS3_KeyWords_P1_英日_問題.pdf,ア フュ,,a few,a few,,"少しの, 2, 3つの",複数語,1,原本保持
3569,サンシャイン,SS,3,P1,PROGRAM1,Japanese Bentos Are Interesting!,PROGRAM1 1-3,P13～P16,13,16,3,1,12,get-got-gotten,得る[原形-過去形-過去分詞形],☆,1,,get-got-gotten,得る[原形-過去形-過去分詞形],得る[原形-過去形-過去分詞形],get-got-gotten,03.26SS3_KeyWords_P1_英日_問題.pdf,ゲット・ガト・ガタン,,get-got-gotten,get-got-gotten,,得る[原形-過去形-過去分詞形],単語,0,原本保持
3570,サンシャイン,SS,3,P1,PROGRAM1,Japanese Bentos Are Interesting!,PROGRAM1 1-3,P13～P16,13,16,3,1,13,I've,I haveの短縮形,,0,,I've,I haveの短縮形,I haveの短縮形,I've,03.26SS3_KeyWords_P1_英日_問題.pdf,アイブ,,I've,I've,,I haveの短縮形,短縮形,0,原本保持
3571,サンシャイン,SS,3,P1,PROGRAM1,Japanese Bentos Are Interesting!,PROGRAM1 1-3,P13～P16,13,16,3,1,14,eat-ate-eaten,食べる[原形-過去形-過去分詞形],☆,1,,eat-ate-eaten,食べる[原形-過去形-過去分詞形],食べる[原形-過去形-過去分詞形],eat-ate-eaten,03.26SS3_KeyWords_P1_英日_問題.pdf,イート・エイト・イータン,,eat-ate-eaten,eat-ate-eaten,,食べる[原形-過去形-過去分詞形],単語,0,原本保持
3572,サンシャイン,SS,3,P1,PROGRAM1,Japanese Bentos Are Interesting!,PROGRAM1 1-3,P13～P16,13,16,3,1,15,suggest,"勧める, 提案する",,0,,suggest,"勧める, 提案する","勧める, 提案する",suggest,03.26SS3_KeyWords_P1_英日_問題.pdf,サジェスト,,suggest,suggest,,"勧める, 提案する",単語,0,原本保持
3573,サンシャイン,SS,3,P1,PROGRAM1,Japanese Bentos Are Interesting!,PROGRAM1 1-3,P13～P16,13,16,3,1,16,read-read-read,読む[原形-過去形-過去分詞形],☆,1,,read-read-read,読む[原形-過去形-過去分詞形],読む[原形-過去形-過去分詞形],read-read-read,03.26SS3_KeyWords_P1_英日_問題.pdf,リード・リード・リード,,read-read-read,read-read-read,,読む[原形-過去形-過去分詞形],単語,0,原本保持
3574,サンシャイン,SS,3,P1,PROGRAM1,Japanese Bentos Are Interesting!,PROGRAM1 1-3,P13～P16,13,16,3,1,17,reduce,減らす,,0,,reduce,減らす,減らす,reduce,03.26SS3_KeyWords_P1_英日_問題.pdf,ラドゥス,,reduce,reduce,,減らす,単語,0,原本保持
3575,サンシャイン,SS,3,P1,PROGRAM1,Japanese Bentos Are Interesting!,PROGRAM1 1-3,P13～P16,13,16,3,1,18,been,beの過去分詞形,☆,1,,been,beの過去分詞形,beの過去分詞形,been,03.26SS3_KeyWords_P1_英日_問題.pdf,ビーン,,been,been,,beの過去分詞形,単語,0,原本保持
3576,サンシャイン,SS,3,P1,PROGRAM1,Japanese Bentos Are Interesting!,PROGRAM1 1-3,P13～P16,13,16,3,1,19,portion,"部分, 一部",,0,,portion,"部分, 一部","部分, 一部",portion,03.26SS3_KeyWords_P1_英日_問題.pdf,ポーシャン,,portion,portion,,"部分, 一部",単語,0,原本保持
3577,サンシャイン,SS,3,P1,PROGRAM1,Japanese Bentos Are Interesting!,PROGRAM1 1-3,P13～P16,13,16,3,1,20,never,一度も~したことがない,☆,1,,never,一度も~したことがない,一度も~したことがない,never,03.26SS3_KeyWords_P1_英日_問題.pdf,ネバー,,never,never,,一度も~したことがない,単語,0,原本保持
3578,サンシャイン,SS,3,P1,PROGRAM1,Japanese Bentos Are Interesting!,PROGRAM1 1-3,P13～P16,13,16,3,1,21,cause,原因,,0,,cause,原因,原因,cause,03.26SS3_KeyWords_P1_英日_問題.pdf,カズ,,cause,cause,,原因,単語,0,原本保持
3579,サンシャイン,SS,3,P1,PROGRAM1,Japanese Bentos Are Interesting!,PROGRAM1 1-3,P13～P16,13,16,3,1,22,ever,今までに,☆,1,,ever,今までに,今までに,ever,03.26SS3_KeyWords_P1_英日_問題.pdf,エヴァー,,ever,ever,,今までに,単語,0,原本保持
3580,サンシャイン,SS,3,P1,PROGRAM1,Japanese Bentos Are Interesting!,PROGRAM1 1-3,P13～P16,13,16,3,1,23,normal,ふつうの,,0,,normal,ふつうの,ふつうの,normal,03.26SS3_KeyWords_P1_英日_問題.pdf,ノーマル,,normal,normal,,ふつうの,単語,0,原本保持
3581,サンシャイン,SS,3,P1,PROGRAM1,Japanese Bentos Are Interesting!,PROGRAM1 1-3,P13～P16,13,16,3,1,24,twice,2回,☆,1,,twice,2回,2回,twice,03.26SS3_KeyWords_P1_英日_問題.pdf,トワイス,,twice,twice,,2回,単語,0,原本保持
3582,サンシャイン,SS,3,P1,PROGRAM1,Japanese Bentos Are Interesting!,PROGRAM1 1-3,P13～P16,13,16,3,1,25,sell out,"~を売り切る, 売りつくす",,0,,sell out,"~を売り切る, 売りつくす","~を売り切る, 売りつくす",sell out,03.26SS3_KeyWords_P1_英日_問題.pdf,セル アウト,,sell out,sell out,,"~を売り切る, 売りつくす",複数語,1,原本保持
3583,サンシャイン,SS,3,P1,PROGRAM1,Japanese Bentos Are Interesting!,PROGRAM1 1-3,P13～P16,13,16,3,1,26,hear of ~,~のことを耳にする,☆,1,,hear of ~,~のことを耳にする,~のことを耳にする,hear of ~,03.26SS3_KeyWords_P1_英日_問題.pdf,ヒア オブ ～,,hear of ~,hear of ~,,~のことを耳にする,表現,1,原本保持
3584,サンシャイン,SS,3,P1,PROGRAM1,Japanese Bentos Are Interesting!,PROGRAM1 1-3,P13～P16,13,16,3,1,27,a variety of ~,"様々な, 多様な",,0,,a variety of ~,"様々な, 多様な","様々な, 多様な",a variety of ~,03.26SS3_KeyWords_P1_英日_問題.pdf,ア ヴァーアイアティ オブ ～,,a variety of ~,a variety of ~,,"様々な, 多様な",表現,1,原本保持
3585,サンシャイン,SS,3,P1,PROGRAM1,Japanese Bentos Are Interesting!,PROGRAM1 教科書本文,P11～P13,11,13,3,1,28,in order to,~するために,☆,1,,in order to,~するために,~するために,in order to,03.26SS3_KeyWords_P1_英日_問題.pdf,イン オーダー トゥ,,in order to,in order to,,~するために,複数語,1,原本保持
3586,サンシャイン,SS,3,P1,PROGRAM1,Japanese Bentos Are Interesting!,PROGRAM1 教科書本文,P11～P13,11,13,3,1,29,salted plum,梅干し,,0,,salted plum,梅干し,梅干し,salted plum,03.26SS3_KeyWords_P1_英日_問題.pdf,ソールティッド プラム,,salted plum,salted plum,,梅干し,複数語,1,原本保持
3587,サンシャイン,SS,3,P1,PROGRAM1,Japanese Bentos Are Interesting!,PROGRAM1 教科書本文,P11～P13,11,13,3,1,30,I'm starving.,腹ぺこだ。,,0,,I'm starving.,腹ぺこだ。,腹ぺこだ。,I'm starving.,03.26SS3_KeyWords_P1_英日_問題.pdf,アイム スターヴィング,,I'm starving.,I'm starving.,,腹ぺこだ。,複数語,1,原本保持
3588,サンシャイン,SS,3,P1,PROGRAM1,Japanese Bentos Are Interesting!,PROGRAM1 教科書本文,P11～P13,11,13,3,1,31,salmon,サケ,,0,,salmon,サケ,サケ,salmon,03.26SS3_KeyWords_P1_英日_問題.pdf,サマン,,salmon,salmon,,サケ,単語,0,原本保持
3589,サンシャイン,SS,3,P1,PROGRAM1,Japanese Bentos Are Interesting!,PROGRAM1 教科書本文,P11～P13,11,13,3,1,32,food waste,食品廃棄物,,0,,food waste,食品廃棄物,食品廃棄物,food waste,03.26SS3_KeyWords_P1_英日_問題.pdf,フード ウェイスト,,food waste,food waste,,食品廃棄物,複数語,1,原本保持
3590,サンシャイン,SS,3,P1,PROGRAM1,Japanese Bentos Are Interesting!,PROGRAM1 教科書本文,P11～P13,11,13,3,1,33,Japanese omelet,卵焼き,,0,,Japanese omelet,卵焼き,卵焼き,Japanese omelet,03.26SS3_KeyWords_P1_英日_問題.pdf,ジャパニーズ オムレット,,Japanese omelet,Japanese omelet,,卵焼き,複数語,1,原本保持
3591,サンシャイン,SS,3,P1,PROGRAM1,Japanese Bentos Are Interesting!,PROGRAM1 教科書本文,P11～P13,11,13,3,1,34,chain,チェーン店,,0,,chain,チェーン店,チェーン店,chain,03.26SS3_KeyWords_P1_英日_問題.pdf,チェイン,,chain,chain,,チェーン店,単語,0,原本保持
3592,サンシャイン,SS,3,P1,PROGRAM1,Japanese Bentos Are Interesting!,PROGRAM1 教科書本文,P11～P13,11,13,3,1,35,hamburger steak,ハンバーグ,,0,,hamburger steak,ハンバーグ,ハンバーグ,hamburger steak,03.26SS3_KeyWords_P1_英日_問題.pdf,ハンバーガー ステイク,,hamburger steak,hamburger steak,,ハンバーグ,複数語,1,原本保持
3593,サンシャイン,SS,3,P1,PROGRAM1,Japanese Bentos Are Interesting!,PROGRAM1 教科書本文,P11～P13,11,13,3,1,36,pork cutlet,トンカツ,,0,,pork cutlet,トンカツ,トンカツ,pork cutlet,03.26SS3_KeyWords_P1_英日_問題.pdf,ポーク カットラット,,pork cutlet,pork cutlet,,トンカツ,複数語,1,原本保持
3594,サンシャイン,SS,3,P1,PROGRAM1,Japanese Bentos Are Interesting!,PROGRAM1 教科書本文,P11～P13,11,13,3,1,37,fried vegetables,野菜炒め,,0,,fried vegetables,野菜炒め,野菜炒め,fried vegetables,03.26SS3_KeyWords_P1_英日_問題.pdf,フライド ヴェジタッブルズ,,fried vegetables,fried vegetables,,野菜炒め,複数語,1,原本保持
3595,サンシャイン,SS,3,P1,PROGRAM1,Japanese Bentos Are Interesting!,PROGRAM1 教科書本文,P11～P13,11,13,3,1,38,pickle,"漬物, ピクルス",,0,,pickle,"漬物, ピクルス","漬物, ピクルス",pickle,03.26SS3_KeyWords_P1_英日_問題.pdf,ピックル,,pickle,pickle,,"漬物, ピクルス",単語,0,原本保持
3596,サンシャイン,SS,3,P1,PROGRAM1,Japanese Bentos Are Interesting!,PROGRAM1 教科書本文,P11～P13,11,13,3,1,39,chilled,"冷却された, チルドの",,0,,chilled,"冷却された, チルドの","冷却された, チルドの",chilled,03.26SS3_KeyWords_P1_英日_問題.pdf,チルド,,chilled,chilled,,"冷却された, チルドの",単語,0,原本保持
3597,サンシャイン,SS,3,P1,PROGRAM1,Japanese Bentos Are Interesting!,PROGRAM1 教科書本文,P11～P13,11,13,3,1,40,meatball,ミートボール,,0,,meatball,ミートボール,ミートボール,meatball,03.26SS3_KeyWords_P1_英日_問題.pdf,ミトボール,,meatball,meatball,,ミートボール,単語,0,原本保持
3598,サンシャイン,SS,3,P1,PROGRAM1,Japanese Bentos Are Interesting!,PROGRAM1 教科書本文,P11～P13,11,13,3,1,41,so-so,まあまあの,,0,,so-so,まあまあの,まあまあの,so-so,03.26SS3_KeyWords_P1_英日_問題.pdf,ソウ・ソウ,,so-so,so-so,,まあまあの,単語,0,原本保持
3599,サンシャイン,SS,3,P1,PROGRAM1,Japanese Bentos Are Interesting!,PROGRAM1 教科書本文,P11～P13,11,13,3,1,42,cream puff,シュークリーム,,0,,cream puff,シュークリーム,シュークリーム,cream puff,03.26SS3_KeyWords_P1_英日_問題.pdf,クリーム パフ,,cream puff,cream puff,,シュークリーム,複数語,1,原本保持
3600,サンシャイン,SS,3,P1,PROGRAM1,Japanese Bentos Are Interesting!,PROGRAM1 教科書本文,P11～P13,11,13,3,1,43,in stock,在庫のある,,0,,in stock,在庫のある,在庫のある,in stock,03.26SS3_KeyWords_P1_英日_問題.pdf,イン スタク,,in stock,in stock,,在庫のある,複数語,1,原本保持
3601,サンシャイン,SS,3,P1,PROGRAM1,Japanese Bentos Are Interesting!,PROGRAM1 1-1～3,P7～P16,7,16,3,1,44,suggest,"勧める, 提案する",☆,1,,suggest,"勧める, 提案する","勧める, 提案する",suggest,03.26SS3_KeyWords_P1_英日_問題.pdf,サジェスト,,suggest,suggest,,"勧める, 提案する",単語,0,原本保持
3602,サンシャイン,SS,3,P1,PROGRAM1,Japanese Bentos Are Interesting!,PROGRAM1 1-1～3,P7～P16,7,16,3,1,45,reduce,減らす,☆,1,,reduce,減らす,減らす,reduce,03.26SS3_KeyWords_P1_英日_問題.pdf,ラドゥス,,reduce,reduce,,減らす,単語,0,原本保持
3603,サンシャイン,SS,3,P2,Good,Night. Sleep Tight. PROGRAM2,PROGRAM2 2-1,P17～P21,17,21,4,1,1,just,ちょうど,☆,1,,just,ちょうど,ちょうど,just,04.26SS3_KeyWords_P2_英日_問題.pdf,ジャスト,,just,just,,ちょうど,単語,0,原本保持
3604,サンシャイン,SS,3,P2,Good,Night. Sleep Tight. PROGRAM2,PROGRAM2 2-1,P17～P21,17,21,4,1,2,lack,"不足, 欠乏",,0,,lack,"不足, 欠乏","不足, 欠乏",lack,04.26SS3_KeyWords_P2_英日_問題.pdf,ラック,,lack,lack,,"不足, 欠乏",単語,0,原本保持
3605,サンシャイン,SS,3,P2,Good,Night. Sleep Tight. PROGRAM2,PROGRAM2 2-1,P17～P21,17,21,4,1,3,already,"すでに, もう",☆,1,,already,"すでに, もう","すでに, もう",already,04.26SS3_KeyWords_P2_英日_問題.pdf,オールレディ,,already,already,,"すでに, もう",単語,0,原本保持
3606,サンシャイン,SS,3,P2,Good,Night. Sleep Tight. PROGRAM2,PROGRAM2 2-1,P17～P21,17,21,4,1,4,health,"健康, 体調",,0,,health,"健康, 体調","健康, 体調",health,04.26SS3_KeyWords_P2_英日_問題.pdf,ヘルス,,health,health,,"健康, 体調",単語,0,原本保持
3607,サンシャイン,SS,3,P2,Good,Night. Sleep Tight. PROGRAM2,PROGRAM2 2-1,P17～P21,17,21,4,1,5,yet,"[疑問文で]もう, すでに [否定文で]まだ, 今のところは",☆,1,,yet,"[疑問文で]もう, すでに [否定文で]まだ, 今のところは","[疑問文で]もう, すでに [否定文で]まだ, 今のところは",yet,04.26SS3_KeyWords_P2_英日_問題.pdf,イェット,,yet,yet,,"[疑問文で]もう, すでに [否定文で]まだ, 今のところは",単語,0,原本保持
3608,サンシャイン,SS,3,P2,Good,Night. Sleep Tight. PROGRAM2,PROGRAM2 2-1,P17～P21,17,21,4,1,6,regular,規則正しい,,0,,regular,規則正しい,規則正しい,regular,04.26SS3_KeyWords_P2_英日_問題.pdf,レッグヤラー,,regular,regular,,規則正しい,単語,0,原本保持
3609,サンシャイン,SS,3,P2,Good,Night. Sleep Tight. PROGRAM2,PROGRAM2 2-1,P17～P21,17,21,4,1,7,affect,影響を与える,☆,1,,affect,影響を与える,影響を与える,affect,04.26SS3_KeyWords_P2_英日_問題.pdf,アフェックト,,affect,affect,,影響を与える,単語,0,原本保持
3610,サンシャイン,SS,3,P2,Good,Night. Sleep Tight. PROGRAM2,PROGRAM2 2-1,P17～P21,17,21,4,1,8,tonight,今夜,,0,,tonight,今夜,今夜,tonight,04.26SS3_KeyWords_P2_英日_問題.pdf,タナイト,,tonight,tonight,,今夜,単語,0,原本保持
3611,サンシャイン,SS,3,P2,Good,Night. Sleep Tight. PROGRAM2,PROGRAM2 2-1,P17～P21,17,21,4,1,9,at least,少なくとも,☆,1,,at least,少なくとも,少なくとも,at least,04.26SS3_KeyWords_P2_英日_問題.pdf,アット リスト,,at least,at least,,少なくとも,複数語,1,原本保持
3612,サンシャイン,SS,3,P2,Good,Night. Sleep Tight. PROGRAM2,PROGRAM2 2-1,P17～P21,17,21,4,1,10,tight,"ぐっすり, しっかり",,0,,tight,"ぐっすり, しっかり","ぐっすり, しっかり",tight,04.26SS3_KeyWords_P2_英日_問題.pdf,タイト,,tight,tight,,"ぐっすり, しっかり",単語,0,原本保持
3613,サンシャイン,SS,3,P2,Good,Night. Sleep Tight. PROGRAM2,PROGRAM2 2-1,P17～P21,17,21,4,1,11,in a hurry,急いでいる,☆,1,,in a hurry,急いでいる,急いでいる,in a hurry,04.26SS3_KeyWords_P2_英日_問題.pdf,イン ア ハーイー,,in a hurry,in a hurry,,急いでいる,複数語,1,原本保持
3614,サンシャイン,SS,3,P2,Good,Night. Sleep Tight. PROGRAM2,PROGRAM2 2-1,P17～P21,17,21,4,1,12,you've,you haveの短縮形,,0,,you've,you haveの短縮形,you haveの短縮形,you've,04.26SS3_KeyWords_P2_英日_問題.pdf,ユヴ,,you've,you've,,you haveの短縮形,短縮形,0,原本保持
3615,サンシャイン,SS,3,P2,Good,Night. Sleep Tight. PROGRAM2,PROGRAM2 2-2,P22,22,22,4,1,13,for ~,~の間,☆,1,,for ~,~の間,~の間,for ~,04.26SS3_KeyWords_P2_英日_問題.pdf,フォー ～,,for ~,for ~,,~の間,表現,1,原本保持
3616,サンシャイン,SS,3,P2,Good,Night. Sleep Tight. PROGRAM2,PROGRAM2 2-2,P22,22,22,4,1,14,right now,すぐに,☆,1,,right now,すぐに,すぐに,right now,04.26SS3_KeyWords_P2_英日_問題.pdf,ライト ナウ,,right now,right now,,すぐに,複数語,1,原本保持
3617,サンシャイン,SS,3,P2,Good,Night. Sleep Tight. PROGRAM2,PROGRAM2 2-2,P22,22,22,4,1,15,since ~,"~して以来, ~してから",☆,1,,since ~,"~して以来, ~してから","~して以来, ~してから",since ~,04.26SS3_KeyWords_P2_英日_問題.pdf,シンス ～,,since ~,since ~,,"~して以来, ~してから",表現,1,原本保持
3618,サンシャイン,SS,3,P2,Good,Night. Sleep Tight. PROGRAM2,PROGRAM2 2-2,P22,22,22,4,1,16,be based on ~,~をもとに作られている,☆,1,,be based on ~,~をもとに作られている,~をもとに作られている,be based on ~,04.26SS3_KeyWords_P2_英日_問題.pdf,ビー ベイスト オン ～,,be based on ~,be based on ~,,~をもとに作られている,表現,1,原本保持
3619,サンシャイン,SS,3,P2,Good,Night. Sleep Tight. PROGRAM2,PROGRAM2 2-2,P22,22,22,4,1,17,habit,"習慣, くせ",☆,1,,habit,"習慣, くせ","習慣, くせ",habit,04.26SS3_KeyWords_P2_英日_問題.pdf,ハバット,,habit,habit,,"習慣, くせ",単語,0,原本保持
3620,サンシャイン,SS,3,P2,Good,Night. Sleep Tight. PROGRAM2,PROGRAM2 2-2,P22,22,22,4,1,18,concentrate on,~に集中する,,0,,concentrate on,~に集中する,~に集中する,concentrate on,04.26SS3_KeyWords_P2_英日_問題.pdf,カンサントレイト オン,,concentrate on,concentrate on,,~に集中する,複数語,1,原本保持
3621,サンシャイン,SS,3,P2,Good,Night. Sleep Tight. PROGRAM2,PROGRAM2 2-2,P22,22,22,4,1,19,be full of ~,"~に満ちている, ~でいっぱいである",☆,1,,be full of ~,"~に満ちている, ~でいっぱいである","~に満ちている, ~でいっぱいである",be full of ~,04.26SS3_KeyWords_P2_英日_問題.pdf,ビー フル オブ ～,,be full of ~,be full of ~,,"~に満ちている, ~でいっぱいである",表現,1,原本保持
3622,サンシャイン,SS,3,P2,Good,Night. Sleep Tight. PROGRAM2,PROGRAM2 2-2,P22,22,22,4,1,20,keep a diary,日記をつけている,,0,,keep a diary,日記をつけている,日記をつけている,keep a diary,04.26SS3_KeyWords_P2_英日_問題.pdf,キープ ア ダイアーイー,,keep a diary,keep a diary,,日記をつけている,複数語,1,原本保持
3623,サンシャイン,SS,3,P2,Good,Night. Sleep Tight. PROGRAM2,PROGRAM2 2-3,P23～P28,23,28,4,1,21,hair,"髪の毛, 毛",☆,1,,hair,"髪の毛, 毛","髪の毛, 毛",hair,04.26SS3_KeyWords_P2_英日_問題.pdf,ヘー,,hair,hair,,"髪の毛, 毛",単語,0,原本保持
3624,サンシャイン,SS,3,P2,Good,Night. Sleep Tight. PROGRAM2,PROGRAM2 2-3,P23～P28,23,28,4,1,22,position,"ポジション, 守備位置",,0,,position,"ポジション, 守備位置","ポジション, 守備位置",position,04.26SS3_KeyWords_P2_英日_問題.pdf,パジシャン,,position,position,,"ポジション, 守備位置",単語,0,原本保持
3625,サンシャイン,SS,3,P2,Good,Night. Sleep Tight. PROGRAM2,PROGRAM2 2-3,P23～P28,23,28,4,1,23,as a result,その結果として,☆,1,,as a result,その結果として,その結果として,as a result,04.26SS3_KeyWords_P2_英日_問題.pdf,アズ ア リザルト,,as a result,as a result,,その結果として,複数語,1,原本保持
3626,サンシャイン,SS,3,P2,Good,Night. Sleep Tight. PROGRAM2,PROGRAM2 2-3,P23～P28,23,28,4,1,24,title,"表題, タイトル",,0,,title,"表題, タイトル","表題, タイトル",title,04.26SS3_KeyWords_P2_英日_問題.pdf,タイトル,,title,title,,"表題, タイトル",単語,0,原本保持
3627,サンシャイン,SS,3,P2,Good,Night. Sleep Tight. PROGRAM2,PROGRAM2 2-3,P23～P28,23,28,4,1,25,introduce,"導入する, 紹介する",,0,,introduce,"導入する, 紹介する","導入する, 紹介する",introduce,04.26SS3_KeyWords_P2_英日_問題.pdf,イントラドゥス,,introduce,introduce,,"導入する, 紹介する",単語,0,原本保持
3628,サンシャイン,SS,3,P2,Good,Night. Sleep Tight. PROGRAM2,PROGRAM2 2-3,P23～P28,23,28,4,1,26,rope,"縄, ロープ",,0,,rope,"縄, ロープ","縄, ロープ",rope,04.26SS3_KeyWords_P2_英日_問題.pdf,ロプ,,rope,rope,,"縄, ロープ",単語,0,原本保持
3629,サンシャイン,SS,3,P2,Good,Night. Sleep Tight. PROGRAM2,PROGRAM2 2-3,P23～P28,23,28,4,1,27,dry,乾かす,,0,,dry,乾かす,乾かす,dry,04.26SS3_KeyWords_P2_英日_問題.pdf,ドライ,,dry,dry,,乾かす,単語,0,原本保持
3630,サンシャイン,SS,3,P2,Good,Night. Sleep Tight. PROGRAM2,PROGRAM2 2-3,P23～P28,23,28,4,1,28,bright,"明るい, 輝いている",,0,,bright,"明るい, 輝いている","明るい, 輝いている",bright,04.26SS3_KeyWords_P2_英日_問題.pdf,ブライト,,bright,bright,,"明るい, 輝いている",単語,0,原本保持
3631,サンシャイン,SS,3,P2,Good,Night. Sleep Tight. PROGRAM2,PROGRAM2 2-3,P23～P28,23,28,4,1,29,tour,"ツアー, 遠征",,0,,tour,"ツアー, 遠征","ツアー, 遠征",tour,04.26SS3_KeyWords_P2_英日_問題.pdf,トゥー,,tour,tour,,"ツアー, 遠征",単語,0,原本保持
3632,サンシャイン,SS,3,P2,Good,Night. Sleep Tight. PROGRAM2,PROGRAM2 2-3,P23～P28,23,28,4,1,30,thus,"こうして, だから",,0,,thus,"こうして, だから","こうして, だから",thus,04.26SS3_KeyWords_P2_英日_問題.pdf,ザス,,thus,thus,,"こうして, だから",単語,0,原本保持
3633,サンシャイン,SS,3,P2,Good,Night. Sleep Tight. PROGRAM2,PROGRAM2 2-3,P23～P28,23,28,4,1,31,tournament,"トーナメント, 勝ち抜き戦",,0,,tournament,"トーナメント, 勝ち抜き戦","トーナメント, 勝ち抜き戦",tournament,04.26SS3_KeyWords_P2_英日_問題.pdf,トゥーナマント,,tournament,tournament,,"トーナメント, 勝ち抜き戦",単語,0,原本保持
3634,サンシャイン,SS,3,P2,Good,Night. Sleep Tight. PROGRAM2,PROGRAM2 教科書本文,P21～P23,21,23,4,1,32,employee,従業員,,0,,employee,従業員,従業員,employee,04.26SS3_KeyWords_P2_英日_問題.pdf,エムプロイイー,,employee,employee,,従業員,単語,0,原本保持
3635,サンシャイン,SS,3,P2,Good,Night. Sleep Tight. PROGRAM2,PROGRAM2 教科書本文,P21～P23,21,23,4,1,33,screen,"画面, スクリーン",,0,,screen,"画面, スクリーン","画面, スクリーン",screen,04.26SS3_KeyWords_P2_英日_問題.pdf,スクリン,,screen,screen,,"画面, スクリーン",単語,0,原本保持
3636,サンシャイン,SS,3,P2,Good,Night. Sleep Tight. PROGRAM2,PROGRAM2 2-1～3,P17～P28,17,28,4,1,34,lack,"不足, 欠乏",☆,1,,lack,"不足, 欠乏","不足, 欠乏",lack,04.26SS3_KeyWords_P2_英日_問題.pdf,ラック,,lack,lack,,"不足, 欠乏",単語,0,原本保持
3637,サンシャイン,SS,3,P2,Good,Night. Sleep Tight. PROGRAM2,PROGRAM2 2-1～3,P17～P28,17,28,4,1,35,concentrate on ~,~に集中する,☆,1,,concentrate on ~,~に集中する,~に集中する,concentrate on ~,04.26SS3_KeyWords_P2_英日_問題.pdf,カンサントレイト オン ～,,concentrate on ~,concentrate on ~,,~に集中する,表現,1,原本保持
3638,サンシャイン,SS,3,P2,Good,Night. Sleep Tight. PROGRAM2,PROGRAM2 2-1～3,P17～P28,17,28,4,1,36,health,"健康, 体調",☆,1,,health,"健康, 体調","健康, 体調",health,04.26SS3_KeyWords_P2_英日_問題.pdf,ヘルス,,health,health,,"健康, 体調",単語,0,原本保持
3639,サンシャイン,SS,3,P2,Good,Night. Sleep Tight. PROGRAM2,PROGRAM2 2-1～3,P17～P28,17,28,4,1,37,bright,"明るい, 輝いている",☆,1,,bright,"明るい, 輝いている","明るい, 輝いている",bright,04.26SS3_KeyWords_P2_英日_問題.pdf,ブライト,,bright,bright,,"明るい, 輝いている",単語,0,原本保持
3640,サンシャイン,SS,3,P3,PROGRAM3,Hot Sport Today,PROGRAM3 3-1,P29～P33,29,33,5,1,1,not only A but also B,AだけでなくBも(また),☆,1,,not only A but also B,AだけでなくBも(また),AだけでなくBも(また),not only A but also B,05.26SS3_KeyWords_P3_英日_問題.pdf,ノット オンリー エイ バット オールソー ビー,,not only A but also B,not only A but also B,,AだけでなくBも(また),複数語,1,原本保持
3641,サンシャイン,SS,3,P3,PROGRAM3,Hot Sport Today,PROGRAM3 3-1,P29～P33,29,33,5,1,2,half-time,ハーフタイムの,,0,,half-time,ハーフタイムの,ハーフタイムの,half-time,05.26SS3_KeyWords_P3_英日_問題.pdf,ハフ・タイム,,half-time,half-time,,ハーフタイムの,単語,0,原本保持
3642,サンシャイン,SS,3,P3,PROGRAM3,Hot Sport Today,PROGRAM3 3-1,P29～P33,29,33,5,1,3,base,~に拠点を置く,,0,,base,~に拠点を置く,~に拠点を置く,base,05.26SS3_KeyWords_P3_英日_問題.pdf,ベイス,,base,base,,~に拠点を置く,単語,0,原本保持
3643,サンシャイン,SS,3,P3,PROGRAM3,Hot Sport Today,PROGRAM3 3-2,P34,34,34,5,1,4,call A B,AをBと呼ぶ,☆,1,,call A B,AをBと呼ぶ,AをBと呼ぶ,call A B,05.26SS3_KeyWords_P3_英日_問題.pdf,コール エイ ビー,,call A B,call A B,,AをBと呼ぶ,複数語,1,原本保持
3644,サンシャイン,SS,3,P3,PROGRAM3,Hot Sport Today,PROGRAM3 3-2,P34,34,34,5,1,5,wake up,"目をさます, 起きる",☆,1,,wake up,"目をさます, 起きる","目をさます, 起きる",wake up,05.26SS3_KeyWords_P3_英日_問題.pdf,ウェイク アップ,,wake up,wake up,,"目をさます, 起きる",複数語,1,原本保持
3645,サンシャイン,SS,3,P3,PROGRAM3,Hot Sport Today,PROGRAM3 3-2,P34,34,34,5,1,6,name A B,AをBと名づける,☆,1,,name A B,AをBと名づける,AをBと名づける,name A B,05.26SS3_KeyWords_P3_英日_問題.pdf,ネーム エイ ビー,,name A B,name A B,,AをBと名づける,複数語,1,原本保持
3646,サンシャイン,SS,3,P3,PROGRAM3,Hot Sport Today,PROGRAM3 3-2,P34,34,34,5,1,7,report,"レポート, 報告書",,0,,report,"レポート, 報告書","レポート, 報告書",report,05.26SS3_KeyWords_P3_英日_問題.pdf,リポート,,report,report,,"レポート, 報告書",単語,0,原本保持
3647,サンシャイン,SS,3,P3,PROGRAM3,Hot Sport Today,PROGRAM3 3-2,P34,34,34,5,1,8,make A B,AをBにする,☆,1,,make A B,AをBにする,AをBにする,make A B,05.26SS3_KeyWords_P3_英日_問題.pdf,メイク エイ ビー,,make A B,make A B,,AをBにする,複数語,1,原本保持
3648,サンシャイン,SS,3,P3,PROGRAM3,Hot Sport Today,PROGRAM3 3-2,P34,34,34,5,1,9,indoor,屋内[室内]の,,0,,indoor,屋内[室内]の,屋内[室内]の,indoor,05.26SS3_KeyWords_P3_英日_問題.pdf,インドー,,indoor,indoor,,屋内[室内]の,単語,0,原本保持
3649,サンシャイン,SS,3,P3,PROGRAM3,Hot Sport Today,PROGRAM3 3-3,P35～P38,35,38,5,1,10,wheel,車輪,,0,,wheel,車輪,車輪,wheel,05.26SS3_KeyWords_P3_英日_問題.pdf,ウィール,,wheel,wheel,,車輪,単語,0,原本保持
3650,サンシャイン,SS,3,P3,PROGRAM3,Hot Sport Today,PROGRAM3 3-3,P35～P38,35,38,5,1,11,let-let-let,~するのを許す[原形-過去形-過去分詞形],☆,1,最終監査修正: 途中空白除去,let-let-let,~するのを許す[原形-過去形-過去分詞形],~するのを許す[原形-過去形-過去分詞形],let-let-let,05.26SS3_KeyWords_P3_英日_問題.pdf,レット・レット・レット,,let-let-let,let-let-let,,~するのを許す[原形-過去形-過去分詞形],単語,0,原本保持
3651,サンシャイン,SS,3,P3,PROGRAM3,Hot Sport Today,PROGRAM3 3-3,P35～P38,35,38,5,1,12,wheelchair,車いす,,0,,wheelchair,車いす,車いす,wheelchair,05.26SS3_KeyWords_P3_英日_問題.pdf,ウィールチェー,,wheelchair,wheelchair,,車いす,単語,0,原本保持
3652,サンシャイン,SS,3,P3,PROGRAM3,Hot Sport Today,PROGRAM3 3-3,P35～P38,35,38,5,1,13,borrow,借りる,☆,1,,borrow,借りる,借りる,borrow,05.26SS3_KeyWords_P3_英日_問題.pdf,バロ,,borrow,borrow,,借りる,単語,0,原本保持
3653,サンシャイン,SS,3,P3,PROGRAM3,Hot Sport Today,PROGRAM3 3-3,P35～P38,35,38,5,1,14,illustration,"イラスト, 挿絵, 図",,0,,illustration,"イラスト, 挿絵, 図","イラスト, 挿絵, 図",illustration,05.26SS3_KeyWords_P3_英日_問題.pdf,イラストレイシャン,,illustration,illustration,,"イラスト, 挿絵, 図",単語,0,原本保持
3654,サンシャイン,SS,3,P3,PROGRAM3,Hot Sport Today,PROGRAM3 3-3,P35～P38,35,38,5,1,15,laugh,笑う,☆,1,,laugh,笑う,笑う,laugh,05.26SS3_KeyWords_P3_英日_問題.pdf,ラフ,,laugh,laugh,,笑う,単語,0,原本保持
3655,サンシャイン,SS,3,P3,PROGRAM3,Hot Sport Today,PROGRAM3 3-3,P35～P38,35,38,5,1,16,equity,"公平, 公正",,0,,equity,"公平, 公正","公平, 公正",equity,05.26SS3_KeyWords_P3_英日_問題.pdf,エックワティ,,equity,equity,,"公平, 公正",単語,0,原本保持
3656,サンシャイン,SS,3,P3,PROGRAM3,Hot Sport Today,PROGRAM3 3-3,P35～P38,35,38,5,1,17,throw,投げる,☆,1,,throw,投げる,投げる,throw,05.26SS3_KeyWords_P3_英日_問題.pdf,スロ,,throw,throw,,投げる,単語,0,原本保持
3657,サンシャイン,SS,3,P3,PROGRAM3,Hot Sport Today,PROGRAM3 3-3,P35～P38,35,38,5,1,18,classification,"分類, 格付け",,0,,classification,"分類, 格付け","分類, 格付け",classification,05.26SS3_KeyWords_P3_英日_問題.pdf,クラサファケイシャン,,classification,classification,,"分類, 格付け",単語,0,原本保持
3658,サンシャイン,SS,3,P3,PROGRAM3,Hot Sport Today,PROGRAM3 3-3,P35～P38,35,38,5,1,19,chance,"機会, チャンス",☆,1,,chance,"機会, チャンス","機会, チャンス",chance,05.26SS3_KeyWords_P3_英日_問題.pdf,チャンス,,chance,chance,,"機会, チャンス",単語,0,原本保持
3659,サンシャイン,SS,3,P3,PROGRAM3,Hot Sport Today,PROGRAM3 3-3,P35～P38,35,38,5,1,20,lap,ひざ,,0,,lap,ひざ,ひざ,lap,05.26SS3_KeyWords_P3_英日_問題.pdf,ラップ,,lap,lap,,ひざ,単語,0,原本保持
3660,サンシャイン,SS,3,P3,PROGRAM3,Hot Sport Today,PROGRAM3 3-3,P35～P38,35,38,5,1,21,instead of ~,~の代わりに,☆,1,,instead of ~,~の代わりに,~の代わりに,instead of ~,05.26SS3_KeyWords_P3_英日_問題.pdf,インステッド オブ ～,,instead of ~,instead of ~,,~の代わりに,表現,1,原本保持
3661,サンシャイン,SS,3,P3,PROGRAM3,Hot Sport Today,PROGRAM3 3-3,P35～P38,35,38,5,1,22,have A in my lap,ひざの上にAを置く,,0,,have A in my lap,ひざの上にAを置く,ひざの上にAを置く,have A in my lap,05.26SS3_KeyWords_P3_英日_問題.pdf,ハブ エイ イン マイ ラップ,,have A in my lap,have A in my lap,,ひざの上にAを置く,複数語,1,原本保持
3662,サンシャイン,SS,3,P3,PROGRAM3,Hot Sport Today,PROGRAM3 3-3,P35～P38,35,38,5,1,23,bake,(パン・菓子などを)焼く,,0,,bake,(パン・菓子などを)焼く,(パン・菓子などを)焼く,bake,05.26SS3_KeyWords_P3_英日_問題.pdf,ベイク,,bake,bake,,(パン・菓子などを)焼く,単語,0,原本保持
3663,サンシャイン,SS,3,P3,PROGRAM3,Hot Sport Today,PROGRAM3 3-3,P35～P38,35,38,5,1,24,get rest,休む,,0,,get rest,休む,休む,get rest,05.26SS3_KeyWords_P3_英日_問題.pdf,ゲット レスト,,get rest,get rest,,休む,複数語,1,原本保持
3664,サンシャイン,SS,3,P3,PROGRAM3,Hot Sport Today,PROGRAM3 3-3,P35～P38,35,38,5,1,25,phone,電話,,0,,phone,電話,電話,phone,05.26SS3_KeyWords_P3_英日_問題.pdf,フォン,,phone,phone,,電話,単語,0,原本保持
3665,サンシャイン,SS,3,P3,PROGRAM3,Hot Sport Today,PROGRAM3 教科書本文,P33～P35,33,35,5,1,26,basket,"バスケット, かご",,0,,basket,"バスケット, かご","バスケット, かご",basket,05.26SS3_KeyWords_P3_英日_問題.pdf,バスカット,,basket,basket,,"バスケット, かご",単語,0,原本保持
3666,サンシャイン,SS,3,P3,PROGRAM3,Hot Sport Today,PROGRAM3 教科書本文,P33～P35,33,35,5,1,27,NBA,全米プロバスケットボール協会,,0,,NBA,全米プロバスケットボール協会,全米プロバスケットボール協会,NBA,05.26SS3_KeyWords_P3_英日_問題.pdf,エヌビーエー,,NBA,NBA,,全米プロバスケットボール協会,単語,0,原本保持
3667,サンシャイン,SS,3,P3,PROGRAM3,Hot Sport Today,PROGRAM3 教科書本文,P33～P35,33,35,5,1,28,serve,(ボールを)サーブする,,0,,serve,(ボールを)サーブする,(ボールを)サーブする,serve,05.26SS3_KeyWords_P3_英日_問題.pdf,サーヴ,,serve,serve,,(ボールを)サーブする,単語,0,原本保持
3668,サンシャイン,SS,3,P3,PROGRAM3,Hot Sport Today,PROGRAM3 教科書本文,P33～P35,33,35,5,1,29,the Raptors,ラプターズ(NBAのバスケットボールチーム),,0,,the Raptors,ラプターズ(NBAのバスケットボールチーム),ラプターズ(NBAのバスケットボールチーム),the Raptors,05.26SS3_KeyWords_P3_英日_問題.pdf,ザ ラプターズ,,the Raptors,the Raptors,,ラプターズ(NBAのバスケットボールチーム),複数語,1,原本保持
3669,サンシャイン,SS,3,P3,PROGRAM3,Hot Sport Today,PROGRAM3 教科書本文,P33～P35,33,35,5,1,30,hoop,"(バスケットボールの)ゴール, リング",,0,,hoop,"(バスケットボールの)ゴール, リング","(バスケットボールの)ゴール, リング",hoop,05.26SS3_KeyWords_P3_英日_問題.pdf,フプ,,hoop,hoop,,"(バスケットボールの)ゴール, リング",単語,0,原本保持
3670,サンシャイン,SS,3,P3,PROGRAM3,Hot Sport Today,PROGRAM3 教科書本文,P33～P35,33,35,5,1,31,double dribble,ダブルドリブル,,0,,double dribble,ダブルドリブル,ダブルドリブル,double dribble,05.26SS3_KeyWords_P3_英日_問題.pdf,ダッブル ドリッブル,,double dribble,double dribble,,ダブルドリブル,複数語,1,原本保持
3671,サンシャイン,SS,3,P3,PROGRAM3,Hot Sport Today,PROGRAM3 教科書本文,P33～P35,33,35,5,1,32,Massachusetts,マサチューセッツ(アメリカの州),,0,,Massachusetts,マサチューセッツ(アメリカの州),マサチューセッツ(アメリカの州),Massachusetts,05.26SS3_KeyWords_P3_英日_問題.pdf,マサチューセッツ,,Massachusetts,Massachusetts,,マサチューセッツ(アメリカの州),単語,0,原本保持
3672,サンシャイン,SS,3,P3,PROGRAM3,Hot Sport Today,PROGRAM3 教科書本文,P33～P35,33,35,5,1,33,Toronto,トロント(カナダの都市),,0,,Toronto,トロント(カナダの都市),トロント(カナダの都市),Toronto,05.26SS3_KeyWords_P3_英日_問題.pdf,トロント,,Toronto,Toronto,,トロント(カナダの都市),単語,0,原本保持
3673,サンシャイン,SS,3,P3,PROGRAM3,Hot Sport Today,PROGRAM3 3-1～3,P29～P38,29,38,5,1,34,half-time,ハーフタイムの,☆,1,,half-time,ハーフタイムの,ハーフタイムの,half-time,05.26SS3_KeyWords_P3_英日_問題.pdf,ハフ・タイム,,half-time,half-time,,ハーフタイムの,単語,0,原本保持
3674,サンシャイン,SS,3,P3,PROGRAM3,Hot Sport Today,PROGRAM3 3-1～3,P29～P38,29,38,5,1,35,get rest,休む,☆,1,,get rest,休む,休む,get rest,05.26SS3_KeyWords_P3_英日_問題.pdf,ゲット レスト,,get rest,get rest,,休む,複数語,1,原本保持
3675,サンシャイン,SS,3,P3,PROGRAM3,Hot Sport Today,PROGRAM3 3-1～3,P29～P38,29,38,5,1,36,report,"レポート, 報告書",☆,1,,report,"レポート, 報告書","レポート, 報告書",report,05.26SS3_KeyWords_P3_英日_問題.pdf,リポート,,report,report,,"レポート, 報告書",単語,0,原本保持
3676,サンシャイン,SS,3,P3,PROGRAM3 Hot,Sport Today,Power-Up1 電車の乗りかえ案内をしよう / Our Project7 パラスポーツについて理解を深めよう,P39～P47,39,47,5,2,37,take,"乗る, (時間が)かかる",☆,1,,take,"乗る, (時間が)かかる","乗る, (時間が)かかる",take,05.26SS3_KeyWords_P3_英日_問題.pdf,テイク,,take,take,,"乗る, (時間が)かかる",単語,0,原本保持
3677,サンシャイン,SS,3,P3,PROGRAM3 Hot,Sport Today,Power-Up1 電車の乗りかえ案内をしよう / Our Project7 パラスポーツについて理解を深めよう,P39～P47,39,47,5,2,38,explanation,説明,,0,,explanation,説明,説明,explanation,05.26SS3_KeyWords_P3_英日_問題.pdf,エックスプラネイシャン,,explanation,explanation,,説明,単語,0,原本保持
3678,サンシャイン,SS,3,P3,PROGRAM3 Hot,Sport Today,Power-Up1 電車の乗りかえ案内をしよう / Our Project7 パラスポーツについて理解を深めよう,P39～P47,39,47,5,2,39,change trains,電車を乗りかえる,☆,1,,change trains,電車を乗りかえる,電車を乗りかえる,change trains,05.26SS3_KeyWords_P3_英日_問題.pdf,チェンジ トレインズ,,change trains,change trains,,電車を乗りかえる,複数語,1,原本保持
3679,サンシャイン,SS,3,P3,PROGRAM3 Hot,Sport Today,Power-Up1 電車の乗りかえ案内をしよう / Our Project7 パラスポーツについて理解を深めよう,P39～P47,39,47,5,2,40,clearly,はっきりと,,0,,clearly,はっきりと,はっきりと,clearly,05.26SS3_KeyWords_P3_英日_問題.pdf,クリーリ,,clearly,clearly,,はっきりと,単語,0,原本保持
3680,サンシャイン,SS,3,P3,PROGRAM3 Hot,Sport Today,Power-Up1 電車の乗りかえ案内をしよう / Our Project7 パラスポーツについて理解を深めよう,P39～P47,39,47,5,2,41,fair,公平な,,0,,fair,公平な,公平な,fair,05.26SS3_KeyWords_P3_英日_問題.pdf,フェー,,fair,fair,,公平な,単語,0,原本保持
3681,サンシャイン,SS,3,P3,PROGRAM3 Hot,Sport Today,Power-Up1 電車の乗りかえ案内をしよう / Our Project7 パラスポーツについて理解を深めよう,P39～P47,39,47,5,2,42,Could you tell me how to get to ～?,～への行き方を教えてくださいませんか。,☆,1,,Could you tell me how to get to ～?,～への行き方を教えてくださいませんか。,～への行き方を教えてくださいませんか。,Could you tell me how to get to ～?,05.26SS3_KeyWords_P3_英日_問題.pdf,クッジュー テル ミー ハウ トゥ ゲット トゥ ～,,Could you tell me how to get to ～?,Could you tell me how to get to ～?,,～への行き方を教えてくださいませんか。,表現,1,原本保持
3682,サンシャイン,SS,3,P3,PROGRAM3 Hot,Sport Today,Power-Up1 電車の乗りかえ案内をしよう / Our Project7 パラスポーツについて理解を深めよう,P39～P47,39,47,5,2,43,facial,顔の,,0,,facial,顔の,顔の,facial,05.26SS3_KeyWords_P3_英日_問題.pdf,フェイシャル,,facial,facial,,顔の,単語,0,原本保持
3683,サンシャイン,SS,3,P3,PROGRAM3 Hot,Sport Today,Power-Up1 電車の乗りかえ案内をしよう / Our Project7 パラスポーツについて理解を深めよう,P39～P47,39,47,5,2,44,explain,説明する,☆,1,,explain,説明する,説明する,explain,05.26SS3_KeyWords_P3_英日_問題.pdf,イックスプレイン,,explain,explain,,説明する,単語,0,原本保持
3684,サンシャイン,SS,3,P3,PROGRAM3 Hot,Sport Today,Power-Up1 電車の乗りかえ案内をしよう / Our Project7 パラスポーツについて理解を深めよう,P39～P47,39,47,5,2,45,fall over,"転ぶ, 倒れる",,0,,fall over,"転ぶ, 倒れる","転ぶ, 倒れる",fall over,05.26SS3_KeyWords_P3_英日_問題.pdf,フォール オーバー,,fall over,fall over,,"転ぶ, 倒れる",複数語,1,原本保持
3685,サンシャイン,SS,3,P3,PROGRAM3 Hot,Sport Today,Power-Up1 電車の乗りかえ案内をしよう / Our Project7 パラスポーツについて理解を深めよう,P39～P47,39,47,5,2,46,collide,"衝突する, ぶつかる",,0,,collide,"衝突する, ぶつかる","衝突する, ぶつかる",collide,05.26SS3_KeyWords_P3_英日_問題.pdf,カライド,,collide,collide,,"衝突する, ぶつかる",単語,0,原本保持
3686,サンシャイン,SS,3,P3,PROGRAM3 Hot,Sport Today,Power-Up1 電車の乗りかえ案内をしよう / Our Project7 パラスポーツについて理解を深めよう,P39～P47,39,47,5,2,47,it is true that ~,~はほんとうだ,,0,,it is true that ~,~はほんとうだ,~はほんとうだ,it is true that ~,05.26SS3_KeyWords_P3_英日_問題.pdf,イット イズ トル ザット ～,,it is true that ~,it is true that ~,,~はほんとうだ,表現,1,原本保持
3687,サンシャイン,SS,3,P3,PROGRAM3 Hot,Sport Today,Power-Up1 電車の乗りかえ案内をしよう / Our Project7 パラスポーツについて理解を深めよう,P39～P47,39,47,5,2,48,expression,"表情, 表現",,0,,expression,"表情, 表現","表情, 表現",expression,05.26SS3_KeyWords_P3_英日_問題.pdf,イックスプレシャン,,expression,expression,,"表情, 表現",単語,0,原本保持
3688,サンシャイン,SS,3,R1,Reading1,Meaning of Life,Reading1 教科書本文,P48～P53,48,53,6,1,1,thanks to ~,~のおかげで,☆,1,,thanks to ~,~のおかげで,~のおかげで,thanks to ~,06.26SS3_KeyWords_R1_英日_問題.pdf,サンクス トゥ ～,,thanks to ~,thanks to ~,,~のおかげで,表現,1,原本保持
3689,サンシャイン,SS,3,R1,Reading1,Meaning of Life,Reading1 教科書本文,P48～P53,48,53,6,1,2,hunter,"猟師, ハンター",,0,,hunter,"猟師, ハンター","猟師, ハンター",hunter,06.26SS3_KeyWords_R1_英日_問題.pdf,ハンター,,hunter,hunter,,"猟師, ハンター",単語,0,原本保持
3690,サンシャイン,SS,3,R1,Reading1,Meaning of Life,Reading1 教科書本文,P48～P53,48,53,6,1,3,enable A to ~,Aが~できるようにする,☆,1,,enable A to ~,Aが~できるようにする,Aが~できるようにする,enable A to ~,06.26SS3_KeyWords_R1_英日_問題.pdf,イネイブル エイ トゥ ～,,enable A to ~,enable A to ~,,Aが~できるようにする,表現,1,原本保持
3691,サンシャイン,SS,3,R1,Reading1,Meaning of Life,Reading1 教科書本文,P48～P53,48,53,6,1,4,death,"死, 死亡",,0,,death,"死, 死亡","死, 死亡",death,06.26SS3_KeyWords_R1_英日_問題.pdf,デス,,death,death,,"死, 死亡",単語,0,原本保持
3692,サンシャイン,SS,3,R1,Reading1,Meaning of Life,Reading1 教科書本文,P48～P53,48,53,6,1,5,get angry with ~,~に腹を立てる,☆,1,,get angry with ~,~に腹を立てる,~に腹を立てる,get angry with ~,06.26SS3_KeyWords_R1_英日_問題.pdf,ゲット アングリー ウィズ ～,,get angry with ~,get angry with ~,,~に腹を立てる,表現,1,原本保持
3693,サンシャイン,SS,3,R1,Reading1,Meaning of Life,Reading1 教科書本文,P48～P53,48,53,6,1,6,bullet,弾丸,,0,,bullet,弾丸,弾丸,bullet,06.26SS3_KeyWords_R1_英日_問題.pdf,ブラット,,bullet,bullet,,弾丸,単語,0,原本保持
3694,サンシャイン,SS,3,R1,Reading1,Meaning of Life,Reading1 教科書本文,P48～P53,48,53,6,1,7,solve,"解決する, (問題を)解く",,0,,solve,"解決する, (問題を)解く","解決する, (問題を)解く",solve,06.26SS3_KeyWords_R1_英日_問題.pdf,サルヴ,,solve,solve,,"解決する, (問題を)解く",単語,0,原本保持
3695,サンシャイン,SS,3,R1,Reading1,Meaning of Life,Reading1 教科書本文,P48～P53,48,53,6,1,8,environment,環境,,0,,environment,環境,環境,environment,06.26SS3_KeyWords_R1_英日_問題.pdf,インヴァイランマント,,environment,environment,,環境,単語,0,原本保持
3696,サンシャイン,SS,3,R1,Reading1,Meaning of Life,Reading1 教科書本文,P48～P53,48,53,6,1,9,ban,禁止する,,0,,ban,禁止する,禁止する,ban,06.26SS3_KeyWords_R1_英日_問題.pdf,バン,,ban,ban,,禁止する,単語,0,原本保持
3697,サンシャイン,SS,3,R1,Reading1,Meaning of Life,Reading1 教科書本文,P48～P53,48,53,6,1,10,meaning,意味,,0,,meaning,意味,意味,meaning,06.26SS3_KeyWords_R1_英日_問題.pdf,ミニング,,meaning,meaning,,意味,単語,0,原本保持
3698,サンシャイン,SS,3,R1,Reading1,Meaning of Life,Reading1 教科書本文,P48～P53,48,53,6,1,11,announce,"発表する, 知らせる",,0,,announce,"発表する, 知らせる","発表する, 知らせる",announce,06.26SS3_KeyWords_R1_英日_問題.pdf,アナウンス,,announce,announce,,"発表する, 知らせる",単語,0,原本保持
3699,サンシャイン,SS,3,R1,Reading1,Meaning of Life,Reading1 教科書本文,P48～P53,48,53,6,1,12,treatment,治療,,0,,treatment,治療,治療,treatment,06.26SS3_KeyWords_R1_英日_問題.pdf,トリトマント,,treatment,treatment,,治療,単語,0,原本保持
3700,サンシャイン,SS,3,R1,Reading1,Meaning of Life,Reading1 教科書本文,P48～P53,48,53,6,1,13,weaken,"弱める, 衰弱させる",,0,,weaken,"弱める, 衰弱させる","弱める, 衰弱させる",weaken,06.26SS3_KeyWords_R1_英日_問題.pdf,ウィカン,,weaken,weaken,,"弱める, 衰弱させる",単語,0,原本保持
3701,サンシャイン,SS,3,R1,Reading1,Meaning of Life,Reading1 教科書本文,P48～P53,48,53,6,1,14,raptor,猛きん類,,0,,raptor,猛きん類,猛きん類,raptor,06.26SS3_KeyWords_R1_英日_問題.pdf,ラップター,,raptor,raptor,,猛きん類,単語,0,原本保持
3702,サンシャイン,SS,3,R1,Reading1,Meaning of Life,Reading1 教科書本文,P48～P53,48,53,6,1,15,spread,"広まる, 広がる",,0,,spread,"広まる, 広がる","広まる, 広がる",spread,06.26SS3_KeyWords_R1_英日_問題.pdf,スプレッド,,spread,spread,,"広まる, 広がる",単語,0,原本保持
3703,サンシャイン,SS,3,R1,Reading1,Meaning of Life,Reading1 教科書本文,P48～P53,48,53,6,1,16,eagle,ワシ,,0,,eagle,ワシ,ワシ,eagle,06.26SS3_KeyWords_R1_英日_問題.pdf,イーグル,,eagle,eagle,,ワシ,単語,0,原本保持
3704,サンシャイン,SS,3,R1,Reading1,Meaning of Life,Reading1 教科書本文,P48～P53,48,53,6,1,17,decrease,減る,,0,,decrease,減る,減る,decrease,06.26SS3_KeyWords_R1_英日_問題.pdf,ディクリス,,decrease,decrease,,減る,単語,0,原本保持
3705,サンシャイン,SS,3,R1,Reading1,Meaning of Life,Reading1 教科書本文,P48～P53,48,53,6,1,18,valuable,"価値の高い, 高価な",,0,,valuable,"価値の高い, 高価な","価値の高い, 高価な",valuable,06.26SS3_KeyWords_R1_英日_問題.pdf,ヴァルヤッブル,,valuable,valuable,,"価値の高い, 高価な",単語,0,原本保持
3706,サンシャイン,SS,3,R1,Reading1,Meaning of Life,Reading1 教科書本文,P48～P53,48,53,6,1,19,cause,"引き起こす, もたらす",,0,,cause,"引き起こす, もたらす","引き起こす, もたらす",cause,06.26SS3_KeyWords_R1_英日_問題.pdf,カズ,,cause,cause,,"引き起こす, もたらす",単語,0,原本保持
3707,サンシャイン,SS,3,R1,Reading1,Meaning of Life,Reading1 教科書本文,P48～P53,48,53,6,1,20,wild,野生の,,0,,wild,野生の,野生の,wild,06.26SS3_KeyWords_R1_英日_問題.pdf,ワイルド,,wild,wild,,野生の,単語,0,原本保持
3708,サンシャイン,SS,3,R1,Reading1,Meaning of Life,Reading1 教科書本文,P48～P53,48,53,6,1,21,discussion,"話し合い, 議論",,0,,discussion,"話し合い, 議論","話し合い, 議論",discussion,06.26SS3_KeyWords_R1_英日_問題.pdf,ディスカシャン,,discussion,discussion,,"話し合い, 議論",単語,0,原本保持
3709,サンシャイン,SS,3,R1,Reading1,Meaning of Life,Reading1 教科書本文,P48～P53,48,53,6,1,22,huge,"巨大な, 莫大な",,0,,huge,"巨大な, 莫大な","巨大な, 莫大な",huge,06.26SS3_KeyWords_R1_英日_問題.pdf,ヒュジ,,huge,huge,,"巨大な, 莫大な",単語,0,原本保持
3710,サンシャイン,SS,3,R1,Reading1,Meaning of Life,Reading1 教科書本文,P48～P53,48,53,6,1,23,government,政府,,0,,government,政府,政府,government,06.26SS3_KeyWords_R1_英日_問題.pdf,ガヴァーマント,,government,government,,政府,単語,0,原本保持
3711,サンシャイン,SS,3,R1,Reading1,Meaning of Life,Reading1 教科書本文,P48～P53,48,53,6,1,24,throughout,~のいたるところに[で],,0,,throughout,~のいたるところに[で],~のいたるところに[で],throughout,06.26SS3_KeyWords_R1_英日_問題.pdf,スルアウト,,throughout,throughout,,~のいたるところに[で],単語,0,原本保持
3712,サンシャイン,SS,3,R1,Reading1,Meaning of Life,Reading1 教科書本文,P48～P53,48,53,6,1,25,wound,"傷, けが",,0,,wound,"傷, けが","傷, けが",wound,06.26SS3_KeyWords_R1_英日_問題.pdf,ワウンド,,wound,wound,,"傷, けが",単語,0,原本保持
3713,サンシャイン,SS,3,R1,Reading1,Meaning of Life,Reading1 教科書本文,P48～P53,48,53,6,1,26,little by little,少しずつ,,0,,little by little,少しずつ,少しずつ,little by little,06.26SS3_KeyWords_R1_英日_問題.pdf,リットル バイ リットル,,little by little,little by little,,少しずつ,複数語,1,原本保持
3714,サンシャイン,SS,3,R1,Reading1,Meaning of Life,Reading1 教科書本文,P48～P53,48,53,6,1,27,stomach,胃,,0,,stomach,胃,胃,stomach,06.26SS3_KeyWords_R1_英日_問題.pdf,スタマック,,stomach,stomach,,胃,単語,0,原本保持
3715,サンシャイン,SS,3,R1,Reading1,Meaning of Life,Reading1 教科書本文,P48～P53,48,53,6,1,28,die of ~,(病気など)で死ぬ,,0,,die of ~,(病気など)で死ぬ,(病気など)で死ぬ,die of ~,06.26SS3_KeyWords_R1_英日_問題.pdf,ダイ オブ ～,,die of ~,die of ~,,(病気など)で死ぬ,表現,1,原本保持
3716,サンシャイン,SS,3,R1,Reading1,Meaning of Life,Reading1 教科書本文,P48～P53,48,53,6,1,29,poisoning,中毒,,0,,poisoning,中毒,中毒,poisoning,06.26SS3_KeyWords_R1_英日_問題.pdf,ポイザニング,,poisoning,poisoning,,中毒,単語,0,原本保持
3717,サンシャイン,SS,3,R1,Reading1,Meaning of Life,Reading1 教科書本文,P48～P53,48,53,6,1,30,take care of ~,~の世話をする,,0,,take care of ~,~の世話をする,~の世話をする,take care of ~,06.26SS3_KeyWords_R1_英日_問題.pdf,テイク ケー オブ ～,,take care of ~,take care of ~,,~の世話をする,表現,1,原本保持
3718,サンシャイン,SS,3,R1,Reading1,Meaning of Life,Reading1 教科書本文,P48～P53,48,53,6,1,31,lead,鉛(なまり),,0,,lead,鉛(なまり),鉛(なまり),lead,06.26SS3_KeyWords_R1_英日_問題.pdf,レッド,,lead,lead,,鉛(なまり),単語,0,原本保持
3719,サンシャイン,SS,3,R1,Reading1,Meaning of Life,Reading1 教科書本文,P48～P53,48,53,6,1,32,Dr.,"~博士, ~先生",,0,,Dr.,"~博士, ~先生","~博士, ~先生",Dr.,06.26SS3_KeyWords_R1_英日_問題.pdf,ドクター,,Dr.,Dr.,,"~博士, ~先生",単語,0,原本保持
3720,サンシャイン,SS,3,P4,Sign,"Languages, Not Just Gestures! PROGRAM4",PROGRAM4 4-1,P55～P59,55,59,7,1,1,behind,~のうしろに[で],☆,1,,behind,~のうしろに[で],~のうしろに[で],behind,07.26SS3_KeyWords_P4_英日_問題.pdf,ビハインド,,behind,behind,,~のうしろに[で],単語,0,原本保持
3721,サンシャイン,SS,3,P4,Sign,"Languages, Not Just Gestures! PROGRAM4",PROGRAM4 4-1,P55～P59,55,59,7,1,2,sign language,手話,,0,,sign language,手話,手話,sign language,07.26SS3_KeyWords_P4_英日_問題.pdf,サイン ランググワジ,,sign language,sign language,,手話,複数語,1,原本保持
3722,サンシャイン,SS,3,P4,Sign,"Languages, Not Just Gestures! PROGRAM4",PROGRAM4 4-1,P55～P59,55,59,7,1,3,travel,旅行,,0,,travel,旅行,旅行,travel,07.26SS3_KeyWords_P4_英日_問題.pdf,トラベル,,travel,travel,,旅行,単語,0,原本保持
3723,サンシャイン,SS,3,P4,Sign,"Languages, Not Just Gestures! PROGRAM4",PROGRAM4 4-1,P55～P59,55,59,7,1,4,gesture,"身ぶり, ジェスチャー",,0,,gesture,"身ぶり, ジェスチャー","身ぶり, ジェスチャー",gesture,07.26SS3_KeyWords_P4_英日_問題.pdf,ジェスチャー,,gesture,gesture,,"身ぶり, ジェスチャー",単語,0,原本保持
3724,サンシャイン,SS,3,P4,Sign,"Languages, Not Just Gestures! PROGRAM4",PROGRAM4 4-1,P55～P59,55,59,7,1,5,waiter,"ウェイター, 給仕",,0,,waiter,"ウェイター, 給仕","ウェイター, 給仕",waiter,07.26SS3_KeyWords_P4_英日_問題.pdf,ウェイター,,waiter,waiter,,"ウェイター, 給仕",単語,0,原本保持
3725,サンシャイン,SS,3,P4,Sign,"Languages, Not Just Gestures! PROGRAM4",PROGRAM4 4-2,P60,60,60,7,1,6,according to ~,~によれば,☆,1,,according to ~,~によれば,~によれば,according to ~,07.26SS3_KeyWords_P4_英日_問題.pdf,アコーディング トゥ ～,,according to ~,according to ~,,~によれば,表現,1,原本保持
3726,サンシャイン,SS,3,P4,Sign,"Languages, Not Just Gestures! PROGRAM4",PROGRAM4 4-2,P60,60,60,7,1,7,official,"公式の, 公の",,0,,official,"公式の, 公の","公式の, 公の",official,07.26SS3_KeyWords_P4_英日_問題.pdf,アフィシャル,,official,official,,"公式の, 公の",単語,0,原本保持
3727,サンシャイン,SS,3,P4,Sign,"Languages, Not Just Gestures! PROGRAM4",PROGRAM4 4-2,P60,60,60,7,1,8,user,"使用者, 利用者, ユーザー",,0,,user,"使用者, 利用者, ユーザー","使用者, 利用者, ユーザー",user,07.26SS3_KeyWords_P4_英日_問題.pdf,ユザー,,user,user,,"使用者, 利用者, ユーザー",単語,0,原本保持
3728,サンシャイン,SS,3,P4,Sign,"Languages, Not Just Gestures! PROGRAM4",PROGRAM4 4-2,P60,60,60,7,1,9,widely,広く,,0,,widely,広く,広く,widely,07.26SS3_KeyWords_P4_英日_問題.pdf,ワイドリ,,widely,widely,,広く,単語,0,原本保持
3729,サンシャイン,SS,3,P4,Sign,"Languages, Not Just Gestures! PROGRAM4",PROGRAM4 4-2,P60,60,60,7,1,10,part,"部分, 地域",,0,,part,"部分, 地域","部分, 地域",part,07.26SS3_KeyWords_P4_英日_問題.pdf,パート,,part,part,,"部分, 地域",単語,0,原本保持
3730,サンシャイン,SS,3,P4,Sign,"Languages, Not Just Gestures! PROGRAM4",PROGRAM4 4-3,P61～P64,61,64,7,1,11,realize,"はっきり理解する, わかる",☆,1,,realize,"はっきり理解する, わかる","はっきり理解する, わかる",realize,07.26SS3_KeyWords_P4_英日_問題.pdf,リアライズ,,realize,realize,,"はっきり理解する, わかる",単語,0,原本保持
3731,サンシャイン,SS,3,P4,Sign,"Languages, Not Just Gestures! PROGRAM4",PROGRAM4 4-3,P61～P64,61,64,7,1,12,enter,入る,,0,,enter,入る,入る,enter,07.26SS3_KeyWords_P4_英日_問題.pdf,エンター,,enter,enter,,入る,単語,0,原本保持
3732,サンシャイン,SS,3,P4,Sign,"Languages, Not Just Gestures! PROGRAM4",PROGRAM4 4-3,P61～P64,61,64,7,1,13,wide,(幅が)広い,☆,1,,wide,(幅が)広い,(幅が)広い,wide,07.26SS3_KeyWords_P4_英日_問題.pdf,ワイド,,wide,wide,,(幅が)広い,単語,0,原本保持
3733,サンシャイン,SS,3,P4,Sign,"Languages, Not Just Gestures! PROGRAM4",PROGRAM4 4-3,P61～P64,61,64,7,1,14,point,指さす,,0,,point,指さす,指さす,point,07.26SS3_KeyWords_P4_英日_問題.pdf,ポイント,,point,point,,指さす,単語,0,原本保持
3734,サンシャイン,SS,3,P4,Sign,"Languages, Not Just Gestures! PROGRAM4",PROGRAM4 4-3,P61～P64,61,64,7,1,15,along,~に沿って,☆,1,,along,~に沿って,~に沿って,along,07.26SS3_KeyWords_P4_英日_問題.pdf,アロング,,along,along,,~に沿って,単語,0,原本保持
3735,サンシャイン,SS,3,P4,Sign,"Languages, Not Just Gestures! PROGRAM4",PROGRAM4 4-3,P61～P64,61,64,7,1,16,stage,"ステージ, 舞台",,0,,stage,"ステージ, 舞台","ステージ, 舞台",stage,07.26SS3_KeyWords_P4_英日_問題.pdf,ステイジ,,stage,stage,,"ステージ, 舞台",単語,0,原本保持
3736,サンシャイン,SS,3,P4,Sign,"Languages, Not Just Gestures! PROGRAM4",PROGRAM4 4-3,P61～P64,61,64,7,1,17,in addition,"そのうえ, さらに",☆,1,,in addition,"そのうえ, さらに","そのうえ, さらに",in addition,07.26SS3_KeyWords_P4_英日_問題.pdf,イン アディシャン,,in addition,in addition,,"そのうえ, さらに",複数語,1,原本保持
3737,サンシャイン,SS,3,P4,Sign,"Languages, Not Just Gestures! PROGRAM4",PROGRAM4 4-3,P61～P64,61,64,7,1,18,type,"タイプ, 型, 種類",,0,,type,"タイプ, 型, 種類","タイプ, 型, 種類",type,07.26SS3_KeyWords_P4_英日_問題.pdf,タイプ,,type,type,,"タイプ, 型, 種類",単語,0,原本保持
3738,サンシャイン,SS,3,P4,Sign,"Languages, Not Just Gestures! PROGRAM4",PROGRAM4 4-3,P61～P64,61,64,7,1,19,at first,はじめは,☆,1,,at first,はじめは,はじめは,at first,07.26SS3_KeyWords_P4_英日_問題.pdf,アット ファースト,,at first,at first,,はじめは,複数語,1,原本保持
3739,サンシャイン,SS,3,P4,Sign,"Languages, Not Just Gestures! PROGRAM4",PROGRAM4 4-3,P61～P64,61,64,7,1,20,customer,"客, 顧客",,0,,customer,"客, 顧客","客, 顧客",customer,07.26SS3_KeyWords_P4_英日_問題.pdf,カスタマー,,customer,customer,,"客, 顧客",単語,0,原本保持
3740,サンシャイン,SS,3,P4,Sign,"Languages, Not Just Gestures! PROGRAM4",PROGRAM4 4-3,P61～P64,61,64,7,1,21,drop by ~,~に立ち寄る,☆,1,,drop by ~,~に立ち寄る,~に立ち寄る,drop by ~,07.26SS3_KeyWords_P4_英日_問題.pdf,ドラプ バイ ～,,drop by ~,drop by ~,,~に立ち寄る,表現,1,原本保持
3741,サンシャイン,SS,3,P4,Sign,"Languages, Not Just Gestures! PROGRAM4",PROGRAM4 4-3,P61～P64,61,64,7,1,22,elderly,"年配の, お年寄りの",,0,,elderly,"年配の, お年寄りの","年配の, お年寄りの",elderly,07.26SS3_KeyWords_P4_英日_問題.pdf,エルダーリ,,elderly,elderly,,"年配の, お年寄りの",単語,0,原本保持
3742,サンシャイン,SS,3,P4,Sign,"Languages, Not Just Gestures! PROGRAM4",PROGRAM4 4-3,P61～P64,61,64,7,1,23,I'm afraid (that)~,残念ながら~,☆,1,,I'm afraid (that)~,残念ながら~,残念ながら~,I'm afraid (that)~,07.26SS3_KeyWords_P4_英日_問題.pdf,アイム アフレイド ザット ～,,I'm afraid (that)~,I'm afraid ~,I'm afraid that ~,残念ながら~,表現,1,個別正規化済み
3743,サンシャイン,SS,3,P4,Sign,"Languages, Not Just Gestures! PROGRAM4",PROGRAM4 4-3,P61～P64,61,64,7,1,24,blind,"目が見えない, 盲目の",,0,,blind,"目が見えない, 盲目の","目が見えない, 盲目の",blind,07.26SS3_KeyWords_P4_英日_問題.pdf,ブラインド,,blind,blind,,"目が見えない, 盲目の",単語,0,原本保持
3744,サンシャイン,SS,3,P4,Sign,"Languages, Not Just Gestures! PROGRAM4",PROGRAM4 4-3,P61～P64,61,64,7,1,25,represent,表す,,0,,represent,表す,表す,represent,07.26SS3_KeyWords_P4_英日_問題.pdf,レプリゼント,,represent,represent,,表す,単語,0,原本保持
3745,サンシャイン,SS,3,P4,Sign,"Languages, Not Just Gestures! PROGRAM4",PROGRAM4 4-3,P61～P64,61,64,7,1,26,automatically,"自動的に, 自動で",,0,,automatically,"自動的に, 自動で","自動的に, 自動で",automatically,07.26SS3_KeyWords_P4_英日_問題.pdf,オータマティクリ,,automatically,automatically,,"自動的に, 自動で",単語,0,原本保持
3746,サンシャイン,SS,3,P4,Sign,"Languages, Not Just Gestures! PROGRAM4",PROGRAM4 教科書本文,P59～P61,59,61,7,1,27,must,~に違いない,,0,,must,~に違いない,~に違いない,must,07.26SS3_KeyWords_P4_英日_問題.pdf,マスト,,must,must,,~に違いない,単語,0,原本保持
3747,サンシャイン,SS,3,P4,Sign,"Languages, Not Just Gestures! PROGRAM4",PROGRAM4 教科書本文,P59～P61,59,61,7,1,28,facility,施設,,0,,facility,施設,施設,facility,07.26SS3_KeyWords_P4_英日_問題.pdf,ファシリティ,,facility,facility,,施設,単語,0,原本保持
3748,サンシャイン,SS,3,P4,Sign,"Languages, Not Just Gestures! PROGRAM4",PROGRAM4 教科書本文,P59～P61,59,61,7,1,29,ASL,アメリカ手話,,0,,ASL,アメリカ手話,アメリカ手話,ASL,07.26SS3_KeyWords_P4_英日_問題.pdf,エーエスエル,,ASL,ASL,,アメリカ手話,単語,0,原本保持
3749,サンシャイン,SS,3,P4,Sign,"Languages, Not Just Gestures! PROGRAM4",PROGRAM4 教科書本文,P59～P61,59,61,7,1,30,hand rail,手すり,,0,,hand rail,手すり,手すり,hand rail,07.26SS3_KeyWords_P4_英日_問題.pdf,ハンド レイール,,hand rail,hand rail,,手すり,複数語,1,原本保持
3750,サンシャイン,SS,3,P4,Sign,"Languages, Not Just Gestures! PROGRAM4",PROGRAM4 教科書本文,P59～P61,59,61,7,1,31,Asia,アジア,,0,,Asia,アジア,アジア,Asia,07.26SS3_KeyWords_P4_英日_問題.pdf,エイジア,,Asia,Asia,,アジア,単語,0,原本保持
3751,サンシャイン,SS,3,P4,Sign,"Languages, Not Just Gestures! PROGRAM4",PROGRAM4 教科書本文,P59～P61,59,61,7,1,32,barrier-free,バリアフリーの,,0,,barrier-free,バリアフリーの,バリアフリーの,barrier-free,07.26SS3_KeyWords_P4_英日_問題.pdf,バリアー・フリー,,barrier-free,barrier-free,,バリアフリーの,単語,0,原本保持
3752,サンシャイン,SS,3,P4,Sign,"Languages, Not Just Gestures! PROGRAM4",PROGRAM4 4-1～3,P55～P64,55,64,7,1,33,sign language,手話,☆,1,,sign language,手話,手話,sign language,07.26SS3_KeyWords_P4_英日_問題.pdf,サイン ランググワジ,,sign language,sign language,,手話,複数語,1,原本保持
3753,サンシャイン,SS,3,P4,Sign,"Languages, Not Just Gestures! PROGRAM4",PROGRAM4 4-1～3,P55～P64,55,64,7,1,34,part,"部分, 地域",☆,1,,part,"部分, 地域","部分, 地域",part,07.26SS3_KeyWords_P4_英日_問題.pdf,パート,,part,part,,"部分, 地域",単語,0,原本保持
3754,サンシャイン,SS,3,P4,Sign,"Languages, Not Just Gestures! PROGRAM4",PROGRAM4 4-1～3,P55～P64,55,64,7,1,35,gesture,"身ぶり, ジェスチャー",☆,1,,gesture,"身ぶり, ジェスチャー","身ぶり, ジェスチャー",gesture,07.26SS3_KeyWords_P4_英日_問題.pdf,ジェスチャー,,gesture,gesture,,"身ぶり, ジェスチャー",単語,0,原本保持
3755,サンシャイン,SS,3,P4,Sign,"Languages, Not Just Gestures! PROGRAM4",PROGRAM4 4-1～3,P55～P64,55,64,7,1,36,enter,入る,☆,1,,enter,入る,入る,enter,07.26SS3_KeyWords_P4_英日_問題.pdf,エンター,,enter,enter,,入る,単語,0,原本保持
3756,サンシャイン,SS,3,P5,The,Story of Chocolate PROGRAM5,PROGRAM5 5-1,P65～P69,65,69,8,1,1,regard A as B,AをBとみなす,☆,1,,regard A as B,AをBとみなす,AをBとみなす,regard A as B,08.26SS3_KeyWords_P5_英日_問題.pdf,リガード エイ アズ ビー,,regard A as B,regard A as B,,AをBとみなす,複数語,1,原本保持
3757,サンシャイン,SS,3,P5,The,Story of Chocolate PROGRAM5,PROGRAM5 5-1,P65～P69,65,69,8,1,2,speech,"スピーチ, 演説",,0,,speech,"スピーチ, 演説","スピーチ, 演説",speech,08.26SS3_KeyWords_P5_英日_問題.pdf,スピチ,,speech,speech,,"スピーチ, 演説",単語,0,原本保持
3758,サンシャイン,SS,3,P5,The,Story of Chocolate PROGRAM5,PROGRAM5 5-1,P65～P69,65,69,8,1,3,medicine,薬,☆,1,,medicine,薬,薬,medicine,08.26SS3_KeyWords_P5_英日_問題.pdf,メダサン,,medicine,medicine,,薬,単語,0,原本保持
3759,サンシャイン,SS,3,P5,The,Story of Chocolate PROGRAM5,PROGRAM5 5-1,P65～P69,65,69,8,1,4,Europe,ヨーロッパ,,0,,Europe,ヨーロッパ,ヨーロッパ,Europe,08.26SS3_KeyWords_P5_英日_問題.pdf,ヨーロップ,,Europe,Europe,,ヨーロッパ,単語,0,原本保持
3760,サンシャイン,SS,3,P5,The,Story of Chocolate PROGRAM5,PROGRAM5 5-1,P65～P69,65,69,8,1,5,crush,"押しつぶす, 粉々にする",,0,,crush,"押しつぶす, 粉々にする","押しつぶす, 粉々にする",crush,08.26SS3_KeyWords_P5_英日_問題.pdf,クラシュ,,crush,crush,,"押しつぶす, 粉々にする",単語,0,原本保持
3761,サンシャイン,SS,3,P5,The,Story of Chocolate PROGRAM5,PROGRAM5 5-1,P65～P69,65,69,8,1,6,original,"最初の, 本来の",,0,,original,"最初の, 本来の","最初の, 本来の",original,08.26SS3_KeyWords_P5_英日_問題.pdf,アーイジャナル,,original,original,,"最初の, 本来の",単語,0,原本保持
3762,サンシャイン,SS,3,P5,The,Story of Chocolate PROGRAM5,PROGRAM5 5-1,P65～P69,65,69,8,1,7,website,ウェブサイト,,0,,website,ウェブサイト,ウェブサイト,website,08.26SS3_KeyWords_P5_英日_問題.pdf,ウェブサイト,,website,website,,ウェブサイト,単語,0,原本保持
3763,サンシャイン,SS,3,P5,The,Story of Chocolate PROGRAM5,PROGRAM5 5-1,P65～P69,65,69,8,1,8,limited,限られた,,0,,limited,限られた,限られた,limited,08.26SS3_KeyWords_P5_英日_問題.pdf,リマタッド,,limited,limited,,限られた,単語,0,原本保持
3764,サンシャイン,SS,3,P5,The,Story of Chocolate PROGRAM5,PROGRAM5 5-1,P65～P69,65,69,8,1,9,topic,"話題, テーマ",,0,,topic,"話題, テーマ","話題, テーマ",topic,08.26SS3_KeyWords_P5_英日_問題.pdf,タピック,,topic,topic,,"話題, テーマ",単語,0,原本保持
3765,サンシャイン,SS,3,P5,The,Story of Chocolate PROGRAM5,PROGRAM5 5-1,P65～P69,65,69,8,1,10,cacao,カカオ,,0,,cacao,カカオ,カカオ,cacao,08.26SS3_KeyWords_P5_英日_問題.pdf,カケイオウ,,cacao,cacao,,カカオ,単語,0,原本保持
3766,サンシャイン,SS,3,P5,The,Story of Chocolate PROGRAM5,PROGRAM5 5-2,P70,70,70,8,1,11,begin-began-begun,始める[原形-過去形-過去分詞形],☆,1,,begin-began-begun,始める[原形-過去形-過去分詞形],始める[原形-過去形-過去分詞形],begin-began-begun,08.26SS3_KeyWords_P5_英日_問題.pdf,ビギン・ビガン・ビガン,,begin-began-begun,begin-began-begun,,始める[原形-過去形-過去分詞形],単語,0,原本保持
3767,サンシャイン,SS,3,P5,The,Story of Chocolate PROGRAM5,PROGRAM5 5-2,P70,70,70,8,1,12,neck,首,,0,,neck,首,首,neck,08.26SS3_KeyWords_P5_英日_問題.pdf,ネック,,neck,neck,,首,単語,0,原本保持
3768,サンシャイン,SS,3,P5,The,Story of Chocolate PROGRAM5,PROGRAM5 5-2,P70,70,70,8,1,13,improve,"改善する, 向上させる",☆,1,,improve,"改善する, 向上させる","改善する, 向上させる",improve,08.26SS3_KeyWords_P5_英日_問題.pdf,イムプルヴ,,improve,improve,,"改善する, 向上させる",単語,0,原本保持
3769,サンシャイン,SS,3,P5,The,Story of Chocolate PROGRAM5,PROGRAM5 5-2,P70,70,70,8,1,14,male,"雄, 男性",,0,,male,"雄, 男性","雄, 男性",male,08.26SS3_KeyWords_P5_英日_問題.pdf,メイール,,male,male,,"雄, 男性",単語,0,原本保持
3770,サンシャイン,SS,3,P5,The,Story of Chocolate PROGRAM5,PROGRAM5 5-2,P70,70,70,8,1,15,consume,消費する,,0,,consume,消費する,消費する,consume,08.26SS3_KeyWords_P5_英日_問題.pdf,カンスム,,consume,consume,,消費する,単語,0,原本保持
3771,サンシャイン,SS,3,P5,The,Story of Chocolate PROGRAM5,PROGRAM5 5-2,P70,70,70,8,1,16,female,"雌, 女性",,0,,female,"雌, 女性","雌, 女性",female,08.26SS3_KeyWords_P5_英日_問題.pdf,フィメイール,,female,female,,"雌, 女性",単語,0,原本保持
3772,サンシャイン,SS,3,P5,The,Story of Chocolate PROGRAM5,PROGRAM5 5-2,P70,70,70,8,1,17,European,ヨーロッパ人,,0,,European,ヨーロッパ人,ヨーロッパ人,European,08.26SS3_KeyWords_P5_英日_問題.pdf,ユーロピアン,,European,European,,ヨーロッパ人,単語,0,原本保持
3773,サンシャイン,SS,3,P5,The,Story of Chocolate PROGRAM5,PROGRAM5 5-2,P70,70,70,8,1,18,graph,"図表, グラフ",,0,,graph,"図表, グラフ","図表, グラフ",graph,08.26SS3_KeyWords_P5_英日_問題.pdf,グラフ,,graph,graph,,"図表, グラフ",単語,0,原本保持
3774,サンシャイン,SS,3,P5,The,Story of Chocolate PROGRAM5,PROGRAM5 5-2,P70,70,70,8,1,19,century,世紀,,0,,century,世紀,世紀,century,08.26SS3_KeyWords_P5_英日_問題.pdf,センチャーイー,,century,century,,世紀,単語,0,原本保持
3775,サンシャイン,SS,3,P5,The,Story of Chocolate PROGRAM5,PROGRAM5 5-2,P70,70,70,8,1,20,solid,固体の,,0,,solid,固体の,固体の,solid,08.26SS3_KeyWords_P5_英日_問題.pdf,サラッド,,solid,solid,,固体の,単語,0,原本保持
3776,サンシャイン,SS,3,P5,The,Story of Chocolate PROGRAM5,PROGRAM5 5-2,P70,70,70,8,1,21,trunk,(ゾウの)鼻,,0,,trunk,(ゾウの)鼻,(ゾウの)鼻,trunk,08.26SS3_KeyWords_P5_英日_問題.pdf,トラングク,,trunk,trunk,,(ゾウの)鼻,単語,0,原本保持
3777,サンシャイン,SS,3,P5,The,Story of Chocolate PROGRAM5,PROGRAM5 5-2,P70,70,70,8,1,22,British,"イギリスの, イギリス人の",,0,,British,"イギリスの, イギリス人の","イギリスの, イギリス人の",British,08.26SS3_KeyWords_P5_英日_問題.pdf,ブリティッシュ,,British,British,,"イギリスの, イギリス人の",単語,0,原本保持
3778,サンシャイン,SS,3,P5,The,Story of Chocolate PROGRAM5,PROGRAM5 5-2,P70,70,70,8,1,23,stripe,しま,,0,,stripe,しま,しま,stripe,08.26SS3_KeyWords_P5_英日_問題.pdf,ストライプ,,stripe,stripe,,しま,単語,0,原本保持
3779,サンシャイン,SS,3,P5,The,Story of Chocolate PROGRAM5,PROGRAM5 5-3,P71～P74,71,74,8,1,24,perfect,完ぺきな,☆,1,,perfect,完ぺきな,完ぺきな,perfect,08.26SS3_KeyWords_P5_英日_問題.pdf,パーフェックト,,perfect,perfect,,完ぺきな,単語,0,原本保持
3780,サンシャイン,SS,3,P5,The,Story of Chocolate PROGRAM5,PROGRAM5 5-3,P71～P74,71,74,8,1,25,package,"パッケージ, 包装",,0,,package,"パッケージ, 包装","パッケージ, 包装",package,08.26SS3_KeyWords_P5_英日_問題.pdf,パカジ,,package,package,,"パッケージ, 包装",単語,0,原本保持
3781,サンシャイン,SS,3,P5,The,Story of Chocolate PROGRAM5,PROGRAM5 5-3,P71～P74,71,74,8,1,26,look for ~,~を探す,☆,1,,look for ~,~を探す,~を探す,look for ~,08.26SS3_KeyWords_P5_英日_問題.pdf,ルック フォー ～,,look for ~,look for ~,,~を探す,表現,1,原本保持
3782,サンシャイン,SS,3,P5,The,Story of Chocolate PROGRAM5,PROGRAM5 5-3,P71～P74,71,74,8,1,27,movement,(社会的な)運動,,0,,movement,(社会的な)運動,(社会的な)運動,movement,08.26SS3_KeyWords_P5_英日_問題.pdf,ムヴマント,,movement,movement,,(社会的な)運動,単語,0,原本保持
3783,サンシャイン,SS,3,P5,The,Story of Chocolate PROGRAM5,PROGRAM5 5-3,P71～P74,71,74,8,1,28,be forced to ~,~せざるを得ない,☆,1,,be forced to ~,~せざるを得ない,~せざるを得ない,be forced to ~,08.26SS3_KeyWords_P5_英日_問題.pdf,ビー フォースト トゥ ～,,be forced to ~,be forced to ~,,~せざるを得ない,表現,1,原本保持
3784,サンシャイン,SS,3,P5,The,Story of Chocolate PROGRAM5,PROGRAM5 5-3,P71～P74,71,74,8,1,29,image,"イメージ, 印象",,0,,image,"イメージ, 印象","イメージ, 印象",image,08.26SS3_KeyWords_P5_英日_問題.pdf,イマジ,,image,image,,"イメージ, 印象",単語,0,原本保持
3785,サンシャイン,SS,3,P5,The,Story of Chocolate PROGRAM5,PROGRAM5 5-3,P71～P74,71,74,8,1,30,serve,(飲食物を)出す,,0,,serve,(飲食物を)出す,(飲食物を)出す,serve,08.26SS3_KeyWords_P5_英日_問題.pdf,サーヴ,,serve,serve,,(飲食物を)出す,単語,0,原本保持
3786,サンシャイン,SS,3,P5,The,Story of Chocolate PROGRAM5,PROGRAM5 5-3,P71～P74,71,74,8,1,31,farm,"農園, 農場",,0,,farm,"農園, 農場","農園, 農場",farm,08.26SS3_KeyWords_P5_英日_問題.pdf,ファーム,,farm,farm,,"農園, 農場",単語,0,原本保持
3787,サンシャイン,SS,3,P5,The,Story of Chocolate PROGRAM5,PROGRAM5 5-3,P71～P74,71,74,8,1,32,yard,庭,,0,,yard,庭,庭,yard,08.26SS3_KeyWords_P5_英日_問題.pdf,ヤード,,yard,yard,,庭,単語,0,原本保持
3788,サンシャイン,SS,3,P5,The,Story of Chocolate PROGRAM5,PROGRAM5 5-3,P71～P74,71,74,8,1,33,fair trade,"フェアトレード, 公正取引",,0,,fair trade,"フェアトレード, 公正取引","フェアトレード, 公正取引",fair trade,08.26SS3_KeyWords_P5_英日_問題.pdf,フェー トレイド,,fair trade,fair trade,,"フェアトレード, 公正取引",複数語,1,原本保持
3789,サンシャイン,SS,3,P5,The,Story of Chocolate PROGRAM5,PROGRAM5 5-3,P71～P74,71,74,8,1,34,powder,"粉, 粉末",,0,,powder,"粉, 粉末","粉, 粉末",powder,08.26SS3_KeyWords_P5_英日_問題.pdf,パウダー,,powder,powder,,"粉, 粉末",単語,0,原本保持
3790,サンシャイン,SS,3,P5,The,Story of Chocolate PROGRAM5,PROGRAM5 5-3,P71～P74,71,74,8,1,35,magazine,雑誌,,0,,magazine,雑誌,雑誌,magazine,08.26SS3_KeyWords_P5_英日_問題.pdf,マガジン,,magazine,magazine,,雑誌,単語,0,原本保持
3791,サンシャイン,SS,3,P5,The,Story of Chocolate PROGRAM5,PROGRAM5 5-3,P71～P74,71,74,8,1,36,flavor,"風味, 味",,0,,flavor,"風味, 味","風味, 味",flavor,08.26SS3_KeyWords_P5_英日_問題.pdf,フレイヴァー,,flavor,flavor,,"風味, 味",単語,0,原本保持
3792,サンシャイン,SS,3,P5,The,Story of Chocolate PROGRAM5,PROGRAM5 5-3,P71～P74,71,74,8,1,37,scene,"シーン, 場面",,0,,scene,"シーン, 場面","シーン, 場面",scene,08.26SS3_KeyWords_P5_英日_問題.pdf,シン,,scene,scene,,"シーン, 場面",単語,0,原本保持
3793,サンシャイン,SS,3,P5,The,Story of Chocolate PROGRAM5,PROGRAM5 5-3,P71～P74,71,74,8,1,38,combination,組み合わせ,,0,,combination,組み合わせ,組み合わせ,combination,08.26SS3_KeyWords_P5_英日_問題.pdf,カムバネイシャン,,combination,combination,,組み合わせ,単語,0,原本保持
3794,サンシャイン,SS,3,P5,The,Story of Chocolate PROGRAM5,PROGRAM5 5-3,P71～P74,71,74,8,1,39,dark,暗い,,0,,dark,暗い,暗い,dark,08.26SS3_KeyWords_P5_英日_問題.pdf,ダーク,,dark,dark,,暗い,単語,0,原本保持
3795,サンシャイン,SS,3,P5,The,Story of Chocolate PROGRAM5,PROGRAM5 5-3,P71～P74,71,74,8,1,40,side,"側, 側面",,0,,side,"側, 側面","側, 側面",side,08.26SS3_KeyWords_P5_英日_問題.pdf,サイド,,side,side,,"側, 側面",単語,0,原本保持
3796,サンシャイン,SS,3,P5,The,Story of Chocolate PROGRAM5,PROGRAM5 5-3,P71～P74,71,74,8,1,41,dramatic,劇的な,,0,,dramatic,劇的な,劇的な,dramatic,08.26SS3_KeyWords_P5_英日_問題.pdf,ドラマティック,,dramatic,dramatic,,劇的な,単語,0,原本保持
3797,サンシャイン,SS,3,P5,The,Story of Chocolate PROGRAM5,PROGRAM5 5-3,P71～P74,71,74,8,1,42,price,"価格, 値段",,0,,price,"価格, 値段","価格, 値段",price,08.26SS3_KeyWords_P5_英日_問題.pdf,プライス,,price,price,,"価格, 値段",単語,0,原本保持
3798,サンシャイン,SS,3,P5,The,Story of Chocolate PROGRAM5,PROGRAM5 5-3,P71～P74,71,74,8,1,43,unfairly,"不当に, 不公平に",,0,,unfairly,"不当に, 不公平に","不当に, 不公平に",unfairly,08.26SS3_KeyWords_P5_英日_問題.pdf,アンフェーリ,,unfairly,unfairly,,"不当に, 不公平に",単語,0,原本保持
3799,サンシャイン,SS,3,P5,The,Story of Chocolate PROGRAM5,PROGRAM5 教科書本文,P69～P71,69,71,8,1,44,so A that B,あまりにもAなのでB,☆,1,,so A that B,あまりにもAなのでB,あまりにもAなのでB,so A that B,08.26SS3_KeyWords_P5_英日_問題.pdf,ソウ エイ ザット ビー,,so A that B,so A that B,,あまりにもAなのでB,複数語,1,原本保持
3800,サンシャイン,SS,3,P5,The,Story of Chocolate PROGRAM5,PROGRAM5 教科書本文,P69～P71,69,71,8,1,45,jeans,ジーンズ,,0,,jeans,ジーンズ,ジーンズ,jeans,08.26SS3_KeyWords_P5_英日_問題.pdf,ジンズ,,jeans,jeans,,ジーンズ,単語,0,原本保持
3801,サンシャイン,SS,3,P5,The,Story of Chocolate PROGRAM5,PROGRAM5 教科書本文,P69～P71,69,71,8,1,46,ship,"輸送する, 送る",,0,,ship,"輸送する, 送る","輸送する, 送る",ship,08.26SS3_KeyWords_P5_英日_問題.pdf,シップ,,ship,ship,,"輸送する, 送る",単語,0,原本保持
3802,サンシャイン,SS,3,P5,The,Story of Chocolate PROGRAM5,PROGRAM5 教科書本文,P69～P71,69,71,8,1,47,Mexico,メキシコ,,0,,Mexico,メキシコ,メキシコ,Mexico,08.26SS3_KeyWords_P5_英日_問題.pdf,メキシコ,,Mexico,Mexico,,メキシコ,単語,0,原本保持
3803,サンシャイン,SS,3,P5,The,Story of Chocolate PROGRAM5,PROGRAM5 教科書本文,P69～P71,69,71,8,1,48,spice,"香辛料, スパイス",,0,,spice,"香辛料, スパイス","香辛料, スパイス",spice,08.26SS3_KeyWords_P5_英日_問題.pdf,スパイス,,spice,spice,,"香辛料, スパイス",単語,0,原本保持
3804,サンシャイン,SS,3,P5,The,Story of Chocolate PROGRAM5,PROGRAM5 教科書本文,P69～P71,69,71,8,1,49,the Spanish,スペイン人,,0,,the Spanish,スペイン人,スペイン人,the Spanish,08.26SS3_KeyWords_P5_英日_問題.pdf,ザ スパニッシュ,,the Spanish,the Spanish,,スペイン人,複数語,1,原本保持
3805,サンシャイン,SS,3,P5,The,Story of Chocolate PROGRAM5,PROGRAM5 教科書本文,P69～P71,69,71,8,1,50,mark,"標章, 記号",,0,,mark,"標章, 記号","標章, 記号",mark,08.26SS3_KeyWords_P5_英日_問題.pdf,マーク,,mark,mark,,"標章, 記号",単語,0,原本保持
3806,サンシャイン,SS,3,P5,The,Story of Chocolate PROGRAM5,PROGRAM5 教科書本文,P69～P71,69,71,8,1,51,Swiss,"スイスの, スイス人の",,0,,Swiss,"スイスの, スイス人の","スイスの, スイス人の",Swiss,08.26SS3_KeyWords_P5_英日_問題.pdf,スイス,,Swiss,Swiss,,"スイスの, スイス人の",単語,0,原本保持
3807,サンシャイン,SS,3,P5,PROGRAM5 The,Story of Chocolate,PROGRAM5 5-1～3,P65～P74,65,74,8,2,52,original,"最初の, 本来の",☆,1,,original,"最初の, 本来の","最初の, 本来の",original,08.26SS3_KeyWords_P5_英日_問題.pdf,アーイジャナル,,original,original,,"最初の, 本来の",単語,0,原本保持
3808,サンシャイン,SS,3,P5,PROGRAM5 The,Story of Chocolate,PROGRAM5 5-1～3,P65～P74,65,74,8,2,53,movement,(社会的な)運動,☆,1,,movement,(社会的な)運動,(社会的な)運動,movement,08.26SS3_KeyWords_P5_英日_問題.pdf,ムヴマント,,movement,movement,,(社会的な)運動,単語,0,原本保持
3809,サンシャイン,SS,3,P5,PROGRAM5 The,Story of Chocolate,PROGRAM5 5-1～3,P65～P74,65,74,8,2,54,century,世紀,☆,1,,century,世紀,世紀,century,08.26SS3_KeyWords_P5_英日_問題.pdf,センチャーイー,,century,century,,世紀,単語,0,原本保持
3810,サンシャイン,SS,3,P5,PROGRAM5 The,Story of Chocolate,PROGRAM5 5-1～3,P65～P74,65,74,8,2,55,image,"イメージ, 印象",☆,1,,image,"イメージ, 印象","イメージ, 印象",image,08.26SS3_KeyWords_P5_英日_問題.pdf,イマジ,,image,image,,"イメージ, 印象",単語,0,原本保持
3811,サンシャイン,SS,3,P5,PROGRAM5 The,Story of Chocolate,PROGRAM5 5-1～3,P65～P74,65,74,8,2,56,price,"価格, 値段",☆,1,,price,"価格, 値段","価格, 値段",price,08.26SS3_KeyWords_P5_英日_問題.pdf,プライス,,price,price,,"価格, 値段",単語,0,原本保持
3812,サンシャイン,SS,3,P5,PROGRAM5 The,Story of Chocolate,PROGRAM5 5-1～3,P65～P74,65,74,8,2,57,magazine,雑誌,☆,1,,magazine,雑誌,雑誌,magazine,08.26SS3_KeyWords_P5_英日_問題.pdf,マガジン,,magazine,magazine,,雑誌,単語,0,原本保持
3813,サンシャイン,SS,3,P5,PROGRAM5 The,Story of Chocolate,Power-Up2 ポスターから情報を読み取ろう / Step4 ディスカッションで使う表現をおさえよう,"P75,P78",75,78,8,2,58,address,"住所, (Eメールの)アドレス",☆,1,,address,"住所, (Eメールの)アドレス","住所, (Eメールの)アドレス",address,08.26SS3_KeyWords_P5_英日_問題.pdf,アドレス,,address,address,,"住所, (Eメールの)アドレス",単語,0,原本保持
3814,サンシャイン,SS,3,P5,PROGRAM5 The,Story of Chocolate,Power-Up2 ポスターから情報を読み取ろう / Step4 ディスカッションで使う表現をおさえよう,"P75,P78",75,78,8,2,59,infant,幼児,,0,,infant,幼児,幼児,infant,08.26SS3_KeyWords_P5_英日_問題.pdf,インファント,,infant,infant,,幼児,単語,0,原本保持
3815,サンシャイン,SS,3,P5,PROGRAM5 The,Story of Chocolate,Power-Up2 ポスターから情報を読み取ろう / Step4 ディスカッションで使う表現をおさえよう,"P75,P78",75,78,8,2,60,entry,"入ること, 入場",,0,,entry,"入ること, 入場","入ること, 入場",entry,08.26SS3_KeyWords_P5_英日_問題.pdf,エントリ,,entry,entry,,"入ること, 入場",単語,0,原本保持
3816,サンシャイン,SS,3,P5,PROGRAM5 The,Story of Chocolate,Power-Up2 ポスターから情報を読み取ろう / Step4 ディスカッションで使う表現をおさえよう,"P75,P78",75,78,8,2,61,additional,追加の,,0,,additional,追加の,追加の,additional,08.26SS3_KeyWords_P5_英日_問題.pdf,アディシャナル,,additional,additional,,追加の,単語,0,原本保持
3817,サンシャイン,SS,3,P5,PROGRAM5 The,Story of Chocolate,Power-Up2 ポスターから情報を読み取ろう / Step4 ディスカッションで使う表現をおさえよう,"P75,P78",75,78,8,2,62,business,"商売, 取引",,0,,business,"商売, 取引","商売, 取引",business,08.26SS3_KeyWords_P5_英日_問題.pdf,ビズナス,,business,business,,"商売, 取引",単語,0,原本保持
3818,サンシャイン,SS,3,P5,PROGRAM5 The,Story of Chocolate,Power-Up2 ポスターから情報を読み取ろう / Step4 ディスカッションで使う表現をおさえよう,"P75,P78",75,78,8,2,63,in my opinion,私の意見では,☆,1,,in my opinion,私の意見では,私の意見では,in my opinion,08.26SS3_KeyWords_P5_英日_問題.pdf,イン マイ アピンヤン,,in my opinion,in my opinion,,私の意見では,複数語,1,原本保持
3819,サンシャイン,SS,3,P5,PROGRAM5 The,Story of Chocolate,Power-Up2 ポスターから情報を読み取ろう / Step4 ディスカッションで使う表現をおさえよう,"P75,P78",75,78,8,2,64,adult,"おとな, 成人",,0,,adult,"おとな, 成人","おとな, 成人",adult,08.26SS3_KeyWords_P5_英日_問題.pdf,アッドルト,,adult,adult,,"おとな, 成人",単語,0,原本保持
3820,サンシャイン,SS,3,P6,The,Great Pacific Garbage Patch PROGRAM6,PROGRAM6 6-1,P79～P83,79,83,9,1,1,get caught in ~,~にとらえられる,☆,1,,get caught in ~,~にとらえられる,~にとらえられる,get caught in ~,09.26SS3_KeyWords_P6_英日_問題.pdf,ゲット カト イン ～,,get caught in ~,get caught in ~,,~にとらえられる,表現,1,原本保持
3821,サンシャイン,SS,3,P6,The,Great Pacific Garbage Patch PROGRAM6,PROGRAM6 6-1,P79～P83,79,83,9,1,2,patch,土地[海面]の一区画,,0,,patch,土地[海面]の一区画,土地[海面]の一区画,patch,09.26SS3_KeyWords_P6_英日_問題.pdf,パチ,,patch,patch,,土地[海面]の一区画,単語,0,原本保持
3822,サンシャイン,SS,3,P6,The,Great Pacific Garbage Patch PROGRAM6,PROGRAM6 6-1,P79～P83,79,83,9,1,3,leave A behind,Aを置き去りにする,☆,1,,leave A behind,Aを置き去りにする,Aを置き去りにする,leave A behind,09.26SS3_KeyWords_P6_英日_問題.pdf,リーブ エイ ビハインド,,leave A behind,leave A behind,,Aを置き去りにする,複数語,1,原本保持
3823,サンシャイン,SS,3,P6,The,Great Pacific Garbage Patch PROGRAM6,PROGRAM6 6-1,P79～P83,79,83,9,1,4,trash,ごみ,,0,,trash,ごみ,ごみ,trash,09.26SS3_KeyWords_P6_英日_問題.pdf,トラシュ,,trash,trash,,ごみ,単語,0,原本保持
3824,サンシャイン,SS,3,P6,The,Great Pacific Garbage Patch PROGRAM6,PROGRAM6 6-1,P79～P83,79,83,9,1,5,it is said that ~,~だと言われている,☆,1,,it is said that ~,~だと言われている,~だと言われている,it is said that ~,09.26SS3_KeyWords_P6_英日_問題.pdf,イット イズ セッド ザット ～,,it is said that ~,it is said that ~,,~だと言われている,表現,1,原本保持
3825,サンシャイン,SS,3,P6,The,Great Pacific Garbage Patch PROGRAM6,PROGRAM6 6-1,P79～P83,79,83,9,1,6,net,"網, ネット",,0,,net,"網, ネット","網, ネット",net,09.26SS3_KeyWords_P6_英日_問題.pdf,ネット,,net,net,,"網, ネット",単語,0,原本保持
3826,サンシャイン,SS,3,P6,The,Great Pacific Garbage Patch PROGRAM6,PROGRAM6 6-1,P79～P83,79,83,9,1,7,kill,殺す,,0,,kill,殺す,殺す,kill,09.26SS3_KeyWords_P6_英日_問題.pdf,キル,,kill,kill,,殺す,単語,0,原本保持
3827,サンシャイン,SS,3,P6,The,Great Pacific Garbage Patch PROGRAM6,PROGRAM6 6-1,P79～P83,79,83,9,1,8,ice,氷,,0,,ice,氷,氷,ice,09.26SS3_KeyWords_P6_英日_問題.pdf,アイス,,ice,ice,,氷,単語,0,原本保持
3828,サンシャイン,SS,3,P6,The,Great Pacific Garbage Patch PROGRAM6,PROGRAM6 6-1,P79～P83,79,83,9,1,9,gather,集める,,0,,gather,集める,集める,gather,09.26SS3_KeyWords_P6_英日_問題.pdf,ガザー,,gather,gather,,集める,単語,0,原本保持
3829,サンシャイン,SS,3,P6,The,Great Pacific Garbage Patch PROGRAM6,PROGRAM6 6-1,P79～P83,79,83,9,1,10,bottle,"ボトル, びん",,0,,bottle,"ボトル, びん","ボトル, びん",bottle,09.26SS3_KeyWords_P6_英日_問題.pdf,バトル,,bottle,bottle,,"ボトル, びん",単語,0,原本保持
3830,サンシャイン,SS,3,P6,The,Great Pacific Garbage Patch PROGRAM6,PROGRAM6 6-1,P79～P83,79,83,9,1,11,contain,含む,,0,,contain,含む,含む,contain,09.26SS3_KeyWords_P6_英日_問題.pdf,カンテイン,,contain,contain,,含む,単語,0,原本保持
3831,サンシャイン,SS,3,P6,The,Great Pacific Garbage Patch PROGRAM6,PROGRAM6 6-1,P79～P83,79,83,9,1,12,plastic,プラスチック[ビニール]製の,,0,,plastic,プラスチック[ビニール]製の,プラスチック[ビニール]製の,plastic,09.26SS3_KeyWords_P6_英日_問題.pdf,プラスティック,,plastic,plastic,,プラスチック[ビニール]製の,単語,0,原本保持
3832,サンシャイン,SS,3,P6,The,Great Pacific Garbage Patch PROGRAM6,PROGRAM6 6-1,P79～P83,79,83,9,1,13,ton,トン(重量の単位),,0,,ton,トン(重量の単位),トン(重量の単位),ton,09.26SS3_KeyWords_P6_英日_問題.pdf,タン,,ton,ton,,トン(重量の単位),単語,0,原本保持
3833,サンシャイン,SS,3,P6,The,Great Pacific Garbage Patch PROGRAM6,PROGRAM6 6-1,P79～P83,79,83,9,1,14,mostly,大部分は,,0,,mostly,大部分は,大部分は,mostly,09.26SS3_KeyWords_P6_英日_問題.pdf,モストリ,,mostly,mostly,,大部分は,単語,0,原本保持
3834,サンシャイン,SS,3,P6,The,Great Pacific Garbage Patch PROGRAM6,PROGRAM6 6-1,P79～P83,79,83,9,1,15,researcher,"研究者, 調査者",,0,,researcher,"研究者, 調査者","研究者, 調査者",researcher,09.26SS3_KeyWords_P6_英日_問題.pdf,リサーチャー,,researcher,researcher,,"研究者, 調査者",単語,0,原本保持
3835,サンシャイン,SS,3,P6,The,Great Pacific Garbage Patch PROGRAM6,PROGRAM6 6-1,P79～P83,79,83,9,1,16,Canadian,カナダの,,0,,Canadian,カナダの,カナダの,Canadian,09.26SS3_KeyWords_P6_英日_問題.pdf,カナディアン,,Canadian,Canadian,,カナダの,単語,0,原本保持
3836,サンシャイン,SS,3,P6,The,Great Pacific Garbage Patch PROGRAM6,PROGRAM6 6-2,P84,84,84,9,1,17,collect,集める,☆,1,,collect,集める,集める,collect,09.26SS3_KeyWords_P6_英日_問題.pdf,カレックト,,collect,collect,,集める,単語,0,原本保持
3837,サンシャイン,SS,3,P6,The,Great Pacific Garbage Patch PROGRAM6,PROGRAM6 6-2,P84,84,84,9,1,18,system,"装置, 方法",,0,,system,"装置, 方法","装置, 方法",system,09.26SS3_KeyWords_P6_英日_問題.pdf,シスタム,,system,system,,"装置, 方法",単語,0,原本保持
3838,サンシャイン,SS,3,P6,The,Great Pacific Garbage Patch PROGRAM6,PROGRAM6 6-2,P84,84,84,9,1,19,at the age of ~,~歳のとき,☆,1,,at the age of ~,~歳のとき,~歳のとき,at the age of ~,09.26SS3_KeyWords_P6_英日_問題.pdf,アット ザ エイジ オブ ～,,at the age of ~,at the age of ~,,~歳のとき,表現,1,原本保持
3839,サンシャイン,SS,3,P6,The,Great Pacific Garbage Patch PROGRAM6,PROGRAM6 6-2,P84,84,84,9,1,20,balloon,風船,,0,,balloon,風船,風船,balloon,09.26SS3_KeyWords_P6_英日_問題.pdf,バルン,,balloon,balloon,,風船,単語,0,原本保持
3840,サンシャイン,SS,3,P6,The,Great Pacific Garbage Patch PROGRAM6,PROGRAM6 6-2,P84,84,84,9,1,21,hurt,傷つける,,0,,hurt,傷つける,傷つける,hurt,09.26SS3_KeyWords_P6_英日_問題.pdf,ハート,,hurt,hurt,,傷つける,単語,0,原本保持
3841,サンシャイン,SS,3,P6,The,Great Pacific Garbage Patch PROGRAM6,PROGRAM6 6-2,P84,84,84,9,1,22,shocked,衝撃を受けて,,0,,shocked,衝撃を受けて,衝撃を受けて,shocked,09.26SS3_KeyWords_P6_英日_問題.pdf,シャクト,,shocked,shocked,,衝撃を受けて,単語,0,原本保持
3842,サンシャイン,SS,3,P6,The,Great Pacific Garbage Patch PROGRAM6,PROGRAM6 6-2,P84,84,84,9,1,23,dive,"ダイビングする, 飛び込む",,0,,dive,"ダイビングする, 飛び込む","ダイビングする, 飛び込む",dive,09.26SS3_KeyWords_P6_英日_問題.pdf,ダイヴ,,dive,dive,,"ダイビングする, 飛び込む",単語,0,原本保持
3843,サンシャイン,SS,3,P6,The,Great Pacific Garbage Patch PROGRAM6,PROGRAM6 6-3,P85～P88,85,88,9,1,24,impossible,不可能な,☆,1,,impossible,不可能な,不可能な,impossible,09.26SS3_KeyWords_P6_英日_問題.pdf,イムパサッブル,,impossible,impossible,,不可能な,単語,0,原本保持
3844,サンシャイン,SS,3,P6,The,Great Pacific Garbage Patch PROGRAM6,PROGRAM6 6-3,P85～P88,85,88,9,1,25,mug,"マグ(カップ), ジョッキ",,0,,mug,"マグ(カップ), ジョッキ","マグ(カップ), ジョッキ",mug,09.26SS3_KeyWords_P6_英日_問題.pdf,マッグ,,mug,mug,,"マグ(カップ), ジョッキ",単語,0,原本保持
3845,サンシャイン,SS,3,P6,The,Great Pacific Garbage Patch PROGRAM6,PROGRAM6 6-3,P85～P88,85,88,9,1,26,throw A away,Aを捨てる,☆,1,,throw A away,Aを捨てる,Aを捨てる,throw A away,09.26SS3_KeyWords_P6_英日_問題.pdf,スロウ エイ アウェイ,,throw A away,throw A away,,Aを捨てる,複数語,1,原本保持
3846,サンシャイン,SS,3,P6,The,Great Pacific Garbage Patch PROGRAM6,PROGRAM6 6-3,P85～P88,85,88,9,1,27,stew,シチュー,,0,,stew,シチュー,シチュー,stew,09.26SS3_KeyWords_P6_英日_問題.pdf,ストゥ,,stew,stew,,シチュー,単語,0,原本保持
3847,サンシャイン,SS,3,P6,The,Great Pacific Garbage Patch PROGRAM6,PROGRAM6 6-3,P85～P88,85,88,9,1,28,swallow,飲み込む,,0,,swallow,飲み込む,飲み込む,swallow,09.26SS3_KeyWords_P6_英日_問題.pdf,スワロ,,swallow,swallow,,飲み込む,単語,0,原本保持
3848,サンシャイン,SS,3,P6,The,Great Pacific Garbage Patch PROGRAM6,PROGRAM6 6-3,P85～P88,85,88,9,1,29,waste,"ごみ, 廃棄物",,0,,waste,"ごみ, 廃棄物","ごみ, 廃棄物",waste,09.26SS3_KeyWords_P6_英日_問題.pdf,ウェイスト,,waste,waste,,"ごみ, 廃棄物",単語,0,原本保持
3849,サンシャイン,SS,3,P6,The,Great Pacific Garbage Patch PROGRAM6,PROGRAM6 6-3,P85～P88,85,88,9,1,30,remove,取り除く,,0,,remove,取り除く,取り除く,remove,09.26SS3_KeyWords_P6_英日_問題.pdf,リムヴ,,remove,remove,,取り除く,単語,0,原本保持
3850,サンシャイン,SS,3,P6,The,Great Pacific Garbage Patch PROGRAM6,PROGRAM6 6-3,P85～P88,85,88,9,1,31,mainly,主に,,0,,mainly,主に,主に,mainly,09.26SS3_KeyWords_P6_英日_問題.pdf,メインリ,,mainly,mainly,,主に,単語,0,原本保持
3851,サンシャイン,SS,3,P6,The,Great Pacific Garbage Patch PROGRAM6,PROGRAM6 教科書本文,P83～P85,83,85,9,1,32,jumbo jet,ジャンボジェット機,,0,,jumbo jet,ジャンボジェット機,ジャンボジェット機,jumbo jet,09.26SS3_KeyWords_P6_英日_問題.pdf,ジャムボ ジェット,,jumbo jet,jumbo jet,,ジャンボジェット機,複数語,1,原本保持
3852,サンシャイン,SS,3,P6,The,Great Pacific Garbage Patch PROGRAM6,PROGRAM6 教科書本文,P83～P85,83,85,9,1,33,kilogram,キログラム,,0,,kilogram,キログラム,キログラム,kilogram,09.26SS3_KeyWords_P6_英日_問題.pdf,キラグラム,,kilogram,kilogram,,キログラム,単語,0,原本保持
3853,サンシャイン,SS,3,P6,The,Great Pacific Garbage Patch PROGRAM6,PROGRAM6 教科書本文,P83～P85,83,85,9,1,34,the Great Pacific Garbage Patch,太平洋ごみベルト,,0,,the Great Pacific Garbage Patch,太平洋ごみベルト,太平洋ごみベルト,the Great Pacific Garbage Patch,09.26SS3_KeyWords_P6_英日_問題.pdf,ザ グレイト パシフィック ガーベジ パッチ,,the Great Pacific Garbage Patch,the Great Pacific Garbage Patch,,太平洋ごみベルト,複数語,1,原本保持
3854,サンシャイン,SS,3,P6,The,Great Pacific Garbage Patch PROGRAM6,PROGRAM6 教科書本文,P83～P85,83,85,9,1,35,cleanup,"大掃除, 浄化",,0,,cleanup,"大掃除, 浄化","大掃除, 浄化",cleanup,09.26SS3_KeyWords_P6_英日_問題.pdf,クリナップ,,cleanup,cleanup,,"大掃除, 浄化",単語,0,原本保持
3855,サンシャイン,SS,3,P6,The,Great Pacific Garbage Patch PROGRAM6,PROGRAM6 教科書本文,P83～P85,83,85,9,1,36,Greece,ギリシア,,0,,Greece,ギリシア,ギリシア,Greece,09.26SS3_KeyWords_P6_英日_問題.pdf,グリース,,Greece,Greece,,ギリシア,単語,0,原本保持
3856,サンシャイン,SS,3,P6,The,Great Pacific Garbage Patch PROGRAM6,PROGRAM6 教科書本文,P83～P85,83,85,9,1,37,The Ocean Cleanup,オーシャン・クリーンアップ,,0,,The Ocean Cleanup,オーシャン・クリーンアップ,オーシャン・クリーンアップ,The Ocean Cleanup,09.26SS3_KeyWords_P6_英日_問題.pdf,ザ オーシャン クリーンアップ,,The Ocean Cleanup,The Ocean Cleanup,,オーシャン・クリーンアップ,複数語,1,原本保持
3857,サンシャイン,SS,3,P6,The,Great Pacific Garbage Patch PROGRAM6,PROGRAM6 教科書本文,P83～P85,83,85,9,1,38,Boyan Slat,ボイヤン・スラット(人名),,0,,Boyan Slat,ボイヤン・スラット(人名),ボイヤン・スラット(人名),Boyan Slat,09.26SS3_KeyWords_P6_英日_問題.pdf,ボイヤン スラット,,Boyan Slat,Boyan Slat,,ボイヤン・スラット(人名),複数語,1,原本保持
3858,サンシャイン,SS,3,P6,The,Great Pacific Garbage Patch PROGRAM6,PROGRAM6 教科書本文,P83～P85,83,85,9,1,39,NPO,非営利組織,,0,,NPO,非営利組織,非営利組織,NPO,09.26SS3_KeyWords_P6_英日_問題.pdf,エヌピーオー,,NPO,NPO,,非営利組織,単語,0,原本保持
3859,サンシャイン,SS,3,P6,The,Great Pacific Garbage Patch PROGRAM6,PROGRAM6 6-1～3,P79～P88,79,88,9,1,40,contain,含む,☆,1,,contain,含む,含む,contain,09.26SS3_KeyWords_P6_英日_問題.pdf,カンテイン,,contain,contain,,含む,単語,0,原本保持
3860,サンシャイン,SS,3,P6,The,Great Pacific Garbage Patch PROGRAM6,PROGRAM6 6-1～3,P79～P88,79,88,9,1,41,remove,取り除く,☆,1,,remove,取り除く,取り除く,remove,09.26SS3_KeyWords_P6_英日_問題.pdf,リムヴ,,remove,remove,,取り除く,単語,0,原本保持
3861,サンシャイン,SS,3,P6,The,Great Pacific Garbage Patch PROGRAM6,PROGRAM6 6-1～3,P79～P88,79,88,9,1,42,hurt-hurt-hurt,傷つける[原形-過去形-過去分詞形],☆,1,,hurt-hurt-hurt,傷つける[原形-過去形-過去分詞形],傷つける[原形-過去形-過去分詞形],hurt-hurt-hurt,09.26SS3_KeyWords_P6_英日_問題.pdf,ハート・ハート・ハート,,hurt-hurt-hurt,hurt-hurt-hurt,,傷つける[原形-過去形-過去分詞形],単語,0,原本保持
3862,サンシャイン,SS,3,P6,PROGRAM6 The,Great Pacific Garbage Patch,Our Project8 レストランにSDGsの取り組みを提案しよう / Power-Up3 ラジオのCMを聞こう,P89～P94,89,94,9,2,43,anyone,[疑問文で]だれか,☆,1,,anyone,[疑問文で]だれか,[疑問文で]だれか,anyone,09.26SS3_KeyWords_P6_英日_問題.pdf,エニワン,,anyone,anyone,,[疑問文で]だれか,単語,0,原本保持
3863,サンシャイン,SS,3,P6,PROGRAM6 The,Great Pacific Garbage Patch,Our Project8 レストランにSDGsの取り組みを提案しよう / Power-Up3 ラジオのCMを聞こう,P89～P94,89,94,9,2,44,even if ~,たとえ~でも,☆,1,,even if ~,たとえ~でも,たとえ~でも,even if ~,09.26SS3_KeyWords_P6_英日_問題.pdf,イーヴィン イフ ～,,even if ~,even if ~,,たとえ~でも,表現,1,原本保持
3864,サンシャイン,SS,3,P6,PROGRAM6 The,Great Pacific Garbage Patch,Our Project8 レストランにSDGsの取り組みを提案しよう / Power-Up3 ラジオのCMを聞こう,P89～P94,89,94,9,2,45,suggestion,提案,,0,,suggestion,提案,提案,suggestion,09.26SS3_KeyWords_P6_英日_問題.pdf,サジェスチャン,,suggestion,suggestion,,提案,単語,0,原本保持
3865,サンシャイン,SS,3,P6,PROGRAM6 The,Great Pacific Garbage Patch,Our Project8 レストランにSDGsの取り組みを提案しよう / Power-Up3 ラジオのCMを聞こう,P89～P94,89,94,9,2,46,I'm sure (that)~,私はきっと~だと思う,☆,1,,I'm sure (that)~,私はきっと~だと思う,私はきっと~だと思う,I'm sure (that)~,09.26SS3_KeyWords_P6_英日_問題.pdf,アイム シュア ザット ～,,I'm sure (that)~,I'm sure ~,I'm sure that ~,私はきっと~だと思う,表現,1,個別正規化済み
3866,サンシャイン,SS,3,P6,PROGRAM6 The,Great Pacific Garbage Patch,Our Project8 レストランにSDGsの取り組みを提案しよう / Power-Up3 ラジオのCMを聞こう,P89～P94,89,94,9,2,47,challenge,"課題, 難問",,0,,challenge,"課題, 難問","課題, 難問",challenge,09.26SS3_KeyWords_P6_英日_問題.pdf,チャランジ,,challenge,challenge,,"課題, 難問",単語,0,原本保持
3867,サンシャイン,SS,3,P6,PROGRAM6 The,Great Pacific Garbage Patch,Our Project8 レストランにSDGsの取り組みを提案しよう / Power-Up3 ラジオのCMを聞こう,P89～P94,89,94,9,2,48,item,品物,,0,,item,品物,品物,item,09.26SS3_KeyWords_P6_英日_問題.pdf,アイタム,,item,item,,品物,単語,0,原本保持
3868,サンシャイン,SS,3,P6,PROGRAM6 The,Great Pacific Garbage Patch,Our Project8 レストランにSDGsの取り組みを提案しよう / Power-Up3 ラジオのCMを聞こう,P89～P94,89,94,9,2,49,measure,"対策, 手段",,0,,measure,"対策, 手段","対策, 手段",measure,09.26SS3_KeyWords_P6_英日_問題.pdf,メアー,,measure,measure,,"対策, 手段",単語,0,原本保持
3869,サンシャイン,SS,3,P6,PROGRAM6 The,Great Pacific Garbage Patch,Our Project8 レストランにSDGsの取り組みを提案しよう / Power-Up3 ラジオのCMを聞こう,P89～P94,89,94,9,2,50,choice,選択,,0,,choice,選択,選択,choice,09.26SS3_KeyWords_P6_英日_問題.pdf,チョイス,,choice,choice,,選択,単語,0,原本保持
3870,サンシャイン,SS,3,P6,PROGRAM6 The,Great Pacific Garbage Patch,Our Project8 レストランにSDGsの取り組みを提案しよう / Power-Up3 ラジオのCMを聞こう,P89～P94,89,94,9,2,51,leftover,"残り物, 食べ残し",,0,,leftover,"残り物, 食べ残し","残り物, 食べ残し",leftover,09.26SS3_KeyWords_P6_英日_問題.pdf,レフトヴァー,,leftover,leftover,,"残り物, 食べ残し",単語,0,原本保持
3871,サンシャイン,SS,3,P6,PROGRAM6 The,Great Pacific Garbage Patch,Our Project8 レストランにSDGsの取り組みを提案しよう / Power-Up3 ラジオのCMを聞こう,P89～P94,89,94,9,2,52,fashionable,"流行の, はやりの",,0,,fashionable,"流行の, はやりの","流行の, はやりの",fashionable,09.26SS3_KeyWords_P6_英日_問題.pdf,ファシャナッブル,,fashionable,fashionable,,"流行の, はやりの",単語,0,原本保持
3872,サンシャイン,SS,3,P6,PROGRAM6 The,Great Pacific Garbage Patch,Our Project8 レストランにSDGsの取り組みを提案しよう / Power-Up3 ラジオのCMを聞こう,P89～P94,89,94,9,2,53,purpose,"目的, 意図",,0,,purpose,"目的, 意図","目的, 意図",purpose,09.26SS3_KeyWords_P6_英日_問題.pdf,パーパス,,purpose,purpose,,"目的, 意図",単語,0,原本保持
3873,サンシャイン,SS,3,P6,PROGRAM6 The,Great Pacific Garbage Patch,Our Project8 レストランにSDGsの取り組みを提案しよう / Power-Up3 ラジオのCMを聞こう,P89～P94,89,94,9,2,54,instant,"即時の, 即席の",,0,,instant,"即時の, 即席の","即時の, 即席の",instant,09.26SS3_KeyWords_P6_英日_問題.pdf,インスタント,,instant,instant,,"即時の, 即席の",単語,0,原本保持
3874,サンシャイン,SS,3,P6,PROGRAM6 The,Great Pacific Garbage Patch,Our Project8 レストランにSDGsの取り組みを提案しよう / Power-Up3 ラジオのCMを聞こう,P89～P94,89,94,9,2,55,extra,"余分の, 追加の",,0,,extra,"余分の, 追加の","余分の, 追加の",extra,09.26SS3_KeyWords_P6_英日_問題.pdf,エックストラ,,extra,extra,,"余分の, 追加の",単語,0,原本保持
3875,サンシャイン,SS,3,P6,PROGRAM6 The,Great Pacific Garbage Patch,Our Project8 レストランにSDGsの取り組みを提案しよう / Power-Up3 ラジオのCMを聞こう,P89～P94,89,94,9,2,56,compact,"小型の, こぢんまりとした",,0,,compact,"小型の, こぢんまりとした","小型の, こぢんまりとした",compact,09.26SS3_KeyWords_P6_英日_問題.pdf,カムパックト,,compact,compact,,"小型の, こぢんまりとした",単語,0,原本保持
3876,サンシャイン,SS,3,P6,PROGRAM6 The,Great Pacific Garbage Patch,Our Project8 レストランにSDGsの取り組みを提案しよう / Power-Up3 ラジオのCMを聞こう,P89～P94,89,94,9,2,57,SDGs,持続可能な開発目標,,0,,SDGs,持続可能な開発目標,持続可能な開発目標,SDGs,09.26SS3_KeyWords_P6_英日_問題.pdf,エスディージーズ,,SDGs,SDGs,,持続可能な開発目標,単語,0,原本保持
3877,サンシャイン,SS,3,P6,PROGRAM6 The,Great Pacific Garbage Patch,Our Project8 レストランにSDGsの取り組みを提案しよう / Power-Up3 ラジオのCMを聞こう,P89～P94,89,94,9,2,58,what's more,そのうえ,,0,,what's more,そのうえ,そのうえ,what's more,09.26SS3_KeyWords_P6_英日_問題.pdf,ワット モー,,what's more,what's more,,そのうえ,複数語,1,原本保持
3878,サンシャイン,SS,3,P7,Robots,Can Improve Quality of Life PROGRAM7,"PROGRAM7 7-1, 2",P95～P100,95,100,10,1,1,dictionary,辞書,☆,1,,dictionary,辞書,辞書,dictionary,10.26SS3_KeyWords_P7_英日_問題.pdf,ディクショナリー,,dictionary,dictionary,,辞書,単語,0,原本保持
3879,サンシャイン,SS,3,P7,Robots,Can Improve Quality of Life PROGRAM7,"PROGRAM7 7-1, 2",P95～P100,95,100,10,1,2,simple,"単純な, 簡素な",☆,1,,simple,"単純な, 簡素な","単純な, 簡素な",simple,10.26SS3_KeyWords_P7_英日_問題.pdf,シムパル,,simple,simple,,"単純な, 簡素な",単語,0,原本保持
3880,サンシャイン,SS,3,P7,Robots,Can Improve Quality of Life PROGRAM7,"PROGRAM7 7-1, 2",P95～P100,95,100,10,1,3,weak,弱い,☆,1,,weak,弱い,弱い,weak,10.26SS3_KeyWords_P7_英日_問題.pdf,ウィク,,weak,weak,,弱い,単語,0,原本保持
3881,サンシャイン,SS,3,P7,Robots,Can Improve Quality of Life PROGRAM7,"PROGRAM7 7-1, 2",P95～P100,95,100,10,1,4,probably,"たぶん, おそらく",☆,1,,probably,"たぶん, おそらく","たぶん, おそらく",probably,10.26SS3_KeyWords_P7_英日_問題.pdf,プラバブリ,,probably,probably,,"たぶん, おそらく",単語,0,原本保持
3882,サンシャイン,SS,3,P7,Robots,Can Improve Quality of Life PROGRAM7,"PROGRAM7 7-1, 2",P95～P100,95,100,10,1,5,control,"制御する, 操作する",,0,,control,"制御する, 操作する","制御する, 操作する",control,10.26SS3_KeyWords_P7_英日_問題.pdf,カントロール,,control,control,,"制御する, 操作する",単語,0,原本保持
3883,サンシャイン,SS,3,P7,Robots,Can Improve Quality of Life PROGRAM7,"PROGRAM7 7-1, 2",P95～P100,95,100,10,1,6,abroad,"外国へ[に, で]",☆,1,,abroad,"外国へ[に, で]","外国へ[に, で]",abroad,10.26SS3_KeyWords_P7_英日_問題.pdf,アブロッド,,abroad,abroad,,"外国へ[に, で]",単語,0,原本保持
3884,サンシャイン,SS,3,P7,Robots,Can Improve Quality of Life PROGRAM7,"PROGRAM7 7-1, 2",P95～P100,95,100,10,1,7,patient,患者,,0,,patient,患者,患者,patient,10.26SS3_KeyWords_P7_英日_問題.pdf,ペイシャント,,patient,patient,,患者,単語,0,原本保持
3885,サンシャイン,SS,3,P7,Robots,Can Improve Quality of Life PROGRAM7,"PROGRAM7 7-1, 2",P95～P100,95,100,10,1,8,come true,実現する,☆,1,,come true,実現する,実現する,come true,10.26SS3_KeyWords_P7_英日_問題.pdf,カム トル,,come true,come true,,実現する,複数語,1,原本保持
3886,サンシャイン,SS,3,P7,Robots,Can Improve Quality of Life PROGRAM7,"PROGRAM7 7-1, 2",P95～P100,95,100,10,1,9,muscle,筋肉,,0,,muscle,筋肉,筋肉,muscle,10.26SS3_KeyWords_P7_英日_問題.pdf,マサル,,muscle,muscle,,筋肉,単語,0,原本保持
3887,サンシャイン,SS,3,P7,Robots,Can Improve Quality of Life PROGRAM7,"PROGRAM7 7-1, 2",P95～P100,95,100,10,1,10,belong to ~,~に所属する,☆,1,,belong to ~,~に所属する,~に所属する,belong to ~,10.26SS3_KeyWords_P7_英日_問題.pdf,ビロング トゥ ～,,belong to ~,belong to ~,,~に所属する,表現,1,原本保持
3888,サンシャイン,SS,3,P7,Robots,Can Improve Quality of Life PROGRAM7,"PROGRAM7 7-1, 2",P95～P100,95,100,10,1,11,disease,病気,,0,,disease,病気,病気,disease,10.26SS3_KeyWords_P7_英日_問題.pdf,ディジズ,,disease,disease,,病気,単語,0,原本保持
3889,サンシャイン,SS,3,P7,Robots,Can Improve Quality of Life PROGRAM7,"PROGRAM7 7-1, 2",P95～P100,95,100,10,1,12,imagine,想像する,,0,,imagine,想像する,想像する,imagine,10.26SS3_KeyWords_P7_英日_問題.pdf,イマジャン,,imagine,imagine,,想像する,単語,0,原本保持
3890,サンシャイン,SS,3,P7,Robots,Can Improve Quality of Life PROGRAM7,"PROGRAM7 7-1, 2",P95～P100,95,100,10,1,13,AI,人工知能,,0,,AI,人工知能,人工知能,AI,10.26SS3_KeyWords_P7_英日_問題.pdf,エーアイ,,AI,AI,,人工知能,単語,0,原本保持
3891,サンシャイン,SS,3,P7,Robots,Can Improve Quality of Life PROGRAM7,"PROGRAM7 7-1, 2",P95～P100,95,100,10,1,14,mask,仮面,,0,,mask,仮面,仮面,mask,10.26SS3_KeyWords_P7_英日_問題.pdf,マスク,,mask,mask,,仮面,単語,0,原本保持
3892,サンシャイン,SS,3,P7,Robots,Can Improve Quality of Life PROGRAM7,"PROGRAM7 7-1, 2",P95～P100,95,100,10,1,15,vacuum cleaner,電気掃除機,,0,,vacuum cleaner,電気掃除機,電気掃除機,vacuum cleaner,10.26SS3_KeyWords_P7_英日_問題.pdf,ヴァックユム クリナー,,vacuum cleaner,vacuum cleaner,,電気掃除機,複数語,1,原本保持
3893,サンシャイン,SS,3,P7,Robots,Can Improve Quality of Life PROGRAM7,"PROGRAM7 7-1, 2",P95～P100,95,100,10,1,16,imagination,想像,,0,,imagination,想像,想像,imagination,10.26SS3_KeyWords_P7_英日_問題.pdf,イマジャネイシャン,,imagination,imagination,,想像,単語,0,原本保持
3894,サンシャイン,SS,3,P7,Robots,Can Improve Quality of Life PROGRAM7,"PROGRAM7 7-1, 2",P95～P100,95,100,10,1,17,quality,質,,0,,quality,質,質,quality,10.26SS3_KeyWords_P7_英日_問題.pdf,クワラティ,,quality,quality,,質,単語,0,原本保持
3895,サンシャイン,SS,3,P7,Robots,Can Improve Quality of Life PROGRAM7,"PROGRAM7 7-1, 2",P95～P100,95,100,10,1,18,emotion,感情,,0,,emotion,感情,感情,emotion,10.26SS3_KeyWords_P7_英日_問題.pdf,イモシャン,,emotion,emotion,,感情,単語,0,原本保持
3896,サンシャイン,SS,3,P7,Robots,Can Improve Quality of Life PROGRAM7,"PROGRAM7 7-1, 2",P95～P100,95,100,10,1,19,wouldn't,would notの短縮形,,0,,wouldn't,would notの短縮形,would notの短縮形,wouldn't,10.26SS3_KeyWords_P7_英日_問題.pdf,ウダント,,wouldn't,wouldn't,,would notの短縮形,短縮形,0,原本保持
3897,サンシャイン,SS,3,P7,Robots,Can Improve Quality of Life PROGRAM7,"PROGRAM7 7-1, 2",P95～P100,95,100,10,1,20,musical,ミュージカル,,0,,musical,ミュージカル,ミュージカル,musical,10.26SS3_KeyWords_P7_英日_問題.pdf,ミュジックル,,musical,musical,,ミュージカル,単語,0,原本保持
3898,サンシャイン,SS,3,P7,Robots,Can Improve Quality of Life PROGRAM7,"PROGRAM7 7-1, 2",P95～P100,95,100,10,1,21,have a fever,"熱がある, 発熱する",,0,,have a fever,"熱がある, 発熱する","熱がある, 発熱する",have a fever,10.26SS3_KeyWords_P7_英日_問題.pdf,ハブ ア フィヴァー,,have a fever,have a fever,,"熱がある, 発熱する",複数語,1,原本保持
3899,サンシャイン,SS,3,P7,Robots,Can Improve Quality of Life PROGRAM7,"PROGRAM7 7-1, 2",P95～P100,95,100,10,1,22,band,"バンド, 楽団",,0,,band,"バンド, 楽団","バンド, 楽団",band,10.26SS3_KeyWords_P7_英日_問題.pdf,バンド,,band,band,,"バンド, 楽団",単語,0,原本保持
3900,サンシャイン,SS,3,P7,Robots,Can Improve Quality of Life PROGRAM7,"PROGRAM7 7-1, 2",P95～P100,95,100,10,1,23,these days,近ごろは,,0,,these days,近ごろは,近ごろは,these days,10.26SS3_KeyWords_P7_英日_問題.pdf,ジーズ デイズ,,these days,these days,,近ごろは,複数語,1,原本保持
3901,サンシャイン,SS,3,P7,Robots,Can Improve Quality of Life PROGRAM7,"PROGRAM7 7-1, 2",P95～P100,95,100,10,1,24,far away,はるか遠くに,,0,,far away,はるか遠くに,はるか遠くに,far away,10.26SS3_KeyWords_P7_英日_問題.pdf,ファー アウェイ,,far away,far away,,はるか遠くに,複数語,1,原本保持
3902,サンシャイン,SS,3,P7,Robots,Can Improve Quality of Life PROGRAM7,PROGRAM7 7-3,P101～P104,101,104,10,1,25,wish,~ならばよいのに,☆,1,,wish,~ならばよいのに,~ならばよいのに,wish,10.26SS3_KeyWords_P7_英日_問題.pdf,ウィッシュ,,wish,wish,,~ならばよいのに,単語,0,原本保持
3903,サンシャイン,SS,3,P7,Robots,Can Improve Quality of Life PROGRAM7,PROGRAM7 7-3,P101～P104,101,104,10,1,26,lift,持ち上げる,,0,,lift,持ち上げる,持ち上げる,lift,10.26SS3_KeyWords_P7_英日_問題.pdf,リフト,,lift,lift,,持ち上げる,単語,0,原本保持
3904,サンシャイン,SS,3,P7,Robots,Can Improve Quality of Life PROGRAM7,PROGRAM7 7-3,P101～P104,101,104,10,1,27,alone,"孤独な, たったひとりの",☆,1,,alone,"孤独な, たったひとりの","孤独な, たったひとりの",alone,10.26SS3_KeyWords_P7_英日_問題.pdf,アロン,,alone,alone,,"孤独な, たったひとりの",単語,0,原本保持
3905,サンシャイン,SS,3,P7,Robots,Can Improve Quality of Life PROGRAM7,PROGRAM7 7-3,P101～P104,101,104,10,1,28,password,"パスワード, 合言葉",,0,,password,"パスワード, 合言葉","パスワード, 合言葉",password,10.26SS3_KeyWords_P7_英日_問題.pdf,パスワード,,password,password,,"パスワード, 合言葉",単語,0,原本保持
3906,サンシャイン,SS,3,P7,Robots,Can Improve Quality of Life PROGRAM7,PROGRAM7 7-3,P101～P104,101,104,10,1,29,powerful,"強力な, たくましい",☆,1,,powerful,"強力な, たくましい","強力な, たくましい",powerful,10.26SS3_KeyWords_P7_英日_問題.pdf,パウアーファル,,powerful,powerful,,"強力な, たくましい",単語,0,原本保持
3907,サンシャイン,SS,3,P7,Robots,Can Improve Quality of Life PROGRAM7,PROGRAM7 7-3,P101～P104,101,104,10,1,30,document,文書,,0,,document,文書,文書,document,10.26SS3_KeyWords_P7_英日_問題.pdf,ダクヤメント,,document,document,,文書,単語,0,原本保持
3908,サンシャイン,SS,3,P7,Robots,Can Improve Quality of Life PROGRAM7,PROGRAM7 7-3,P101～P104,101,104,10,1,31,certainly,確かに,☆,1,,certainly,確かに,確かに,certainly,10.26SS3_KeyWords_P7_英日_問題.pdf,サータンリ,,certainly,certainly,,確かに,単語,0,原本保持
3909,サンシャイン,SS,3,P7,Robots,Can Improve Quality of Life PROGRAM7,PROGRAM7 7-3,P101～P104,101,104,10,1,32,society,社会,,0,,society,社会,社会,society,10.26SS3_KeyWords_P7_英日_問題.pdf,ササイアティ,,society,society,,社会,単語,0,原本保持
3910,サンシャイン,SS,3,P7,Robots,Can Improve Quality of Life PROGRAM7,PROGRAM7 7-3,P101～P104,101,104,10,1,33,take part in ~,~に参加する,☆,1,,take part in ~,~に参加する,~に参加する,take part in ~,10.26SS3_KeyWords_P7_英日_問題.pdf,テイク パート イン ～,,take part in ~,take part in ~,,~に参加する,表現,1,原本保持
3911,サンシャイン,SS,3,P7,Robots,Can Improve Quality of Life PROGRAM7,PROGRAM7 7-3,P101～P104,101,104,10,1,34,loneliness,"孤独, さびしさ",,0,,loneliness,"孤独, さびしさ","孤独, さびしさ",loneliness,10.26SS3_KeyWords_P7_英日_問題.pdf,ロンリナス,,loneliness,loneliness,,"孤独, さびしさ",単語,0,原本保持
3912,サンシャイン,SS,3,P7,Robots,Can Improve Quality of Life PROGRAM7,PROGRAM7 7-3,P101～P104,101,104,10,1,35,get along with ~,~と仲よくやっていく,☆,1,,get along with ~,~と仲よくやっていく,~と仲よくやっていく,get along with ~,10.26SS3_KeyWords_P7_英日_問題.pdf,ゲット アロング ウィズ ～,,get along with ~,get along with ~,,~と仲よくやっていく,表現,1,原本保持
3913,サンシャイン,SS,3,P7,Robots,Can Improve Quality of Life PROGRAM7,PROGRAM7 7-3,P101～P104,101,104,10,1,36,inventor,"発明者, 発明家",,0,,inventor,"発明者, 発明家","発明者, 発明家",inventor,10.26SS3_KeyWords_P7_英日_問題.pdf,インヴェンター,,inventor,inventor,,"発明者, 発明家",単語,0,原本保持
3914,サンシャイン,SS,3,P7,Robots,Can Improve Quality of Life PROGRAM7,PROGRAM7 7-3,P101～P104,101,104,10,1,37,no longer ~,もはや~でない,☆,1,,no longer ~,もはや~でない,もはや~でない,no longer ~,10.26SS3_KeyWords_P7_英日_問題.pdf,ノウ ロングガー ～,,no longer ~,no longer ~,,もはや~でない,表現,1,原本保持
3915,サンシャイン,SS,3,P7,Robots,Can Improve Quality of Life PROGRAM7,PROGRAM7 7-3,P101～P104,101,104,10,1,38,heater,"暖房器具, ヒーター",,0,,heater,"暖房器具, ヒーター","暖房器具, ヒーター",heater,10.26SS3_KeyWords_P7_英日_問題.pdf,ヒター,,heater,heater,,"暖房器具, ヒーター",単語,0,原本保持
3916,サンシャイン,SS,3,P7,Robots,Can Improve Quality of Life PROGRAM7,PROGRAM7 7-3,P101～P104,101,104,10,1,39,shrink,"縮ませる, 減らす",,0,,shrink,"縮ませる, 減らす","縮ませる, 減らす",shrink,10.26SS3_KeyWords_P7_英日_問題.pdf,シュリングク,,shrink,shrink,,"縮ませる, 減らす",単語,0,原本保持
3917,サンシャイン,SS,3,P7,Robots,Can Improve Quality of Life PROGRAM7,PROGRAM7 7-3,P101～P104,101,104,10,1,40,rather,むしろ,,0,,rather,むしろ,むしろ,rather,10.26SS3_KeyWords_P7_英日_問題.pdf,ラザー,,rather,rather,,むしろ,単語,0,原本保持
3918,サンシャイン,SS,3,P7,Robots,Can Improve Quality of Life PROGRAM7,PROGRAM7 7-3,P101～P104,101,104,10,1,41,connect,"つながる, 親しくなる",,0,,connect,"つながる, 親しくなる","つながる, 親しくなる",connect,10.26SS3_KeyWords_P7_英日_問題.pdf,カネックト,,connect,connect,,"つながる, 親しくなる",単語,0,原本保持
3919,サンシャイン,SS,3,P7,Robots,Can Improve Quality of Life PROGRAM7,PROGRAM7 7-3,P101～P104,101,104,10,1,42,shake hands with ~,~と握手する,,0,,shake hands with ~,~と握手する,~と握手する,shake hands with ~,10.26SS3_KeyWords_P7_英日_問題.pdf,シェイク ハンドズ ウィズ ～,,shake hands with ~,shake hands with ~,,~と握手する,表現,1,原本保持
3920,サンシャイン,SS,3,P7,Robots,Can Improve Quality of Life PROGRAM7,PROGRAM7 教科書本文,P99～P101,99,101,10,1,43,including,~を含めて,,0,,including,~を含めて,~を含めて,including,10.26SS3_KeyWords_P7_英日_問題.pdf,インクルディング,,including,including,,~を含めて,単語,0,原本保持
3921,サンシャイン,SS,3,P7,Robots,Can Improve Quality of Life PROGRAM7,PROGRAM7 教科書本文,P99～P101,99,101,10,1,44,Anywhere Door,どこでもドア(『ドラえもん』に登場する未来の道具),,0,最終監査修正: 途中空白除去,Anywhere Door,どこでもドア(『ドラえもん』に登場する未来の道具),どこでもドア(『ドラえもん』に登場する未来の道具),Anywhere Door,10.26SS3_KeyWords_P7_英日_問題.pdf,エニウェア ドア,,Anywhere Door,Anywhere Door,,どこでもドア(『ドラえもん』に登場する未来の道具),複数語,1,原本保持
3922,サンシャイン,SS,3,P7,Robots,Can Improve Quality of Life PROGRAM7,PROGRAM7 教科書本文,P99～P101,99,101,10,1,45,trash can,くず入れ,,0,,trash can,くず入れ,くず入れ,trash can,10.26SS3_KeyWords_P7_英日_問題.pdf,トラシュ キャン,,trash can,trash can,,くず入れ,複数語,1,原本保持
3923,サンシャイン,SS,3,P7,Robots,Can Improve Quality of Life PROGRAM7,PROGRAM7 教科書本文,P99～P101,99,101,10,1,46,itself,"それ自体, そのもの",,0,,itself,"それ自体, そのもの","それ自体, そのもの",itself,10.26SS3_KeyWords_P7_英日_問題.pdf,イットセルフ,,itself,itself,,"それ自体, そのもの",単語,0,原本保持
3924,サンシャイン,SS,3,P7,Robots,Can Improve Quality of Life PROGRAM7,PROGRAM7 教科書本文,P99～P101,99,101,10,1,47,ALS,筋萎縮性側索硬化症,,0,,ALS,筋萎縮性側索硬化症,筋萎縮性側索硬化症,ALS,10.26SS3_KeyWords_P7_英日_問題.pdf,エーエルエス,,ALS,ALS,,筋萎縮性側索硬化症,単語,0,原本保持
3925,サンシャイン,SS,3,P7,Robots,Can Improve Quality of Life PROGRAM7,PROGRAM7 教科書本文,P99～P101,99,101,10,1,48,noh mask,能面,,0,,noh mask,能面,能面,noh mask,10.26SS3_KeyWords_P7_英日_問題.pdf,ノ マスク,,noh mask,noh mask,,能面,複数語,1,原本保持
3926,サンシャイン,SS,3,P7,Robots,Can Improve Quality of Life PROGRAM7,PROGRAM7 7-1～3,P95～P104,95,104,10,1,49,patient,患者,☆,1,,patient,患者,患者,patient,10.26SS3_KeyWords_P7_英日_問題.pdf,ペイシャント,,patient,patient,,患者,単語,0,原本保持
3927,サンシャイン,SS,3,P7,Robots,Can Improve Quality of Life PROGRAM7,PROGRAM7 7-1～3,P95～P104,95,104,10,1,50,far away,はるか遠くに,☆,1,,far away,はるか遠くに,はるか遠くに,far away,10.26SS3_KeyWords_P7_英日_問題.pdf,ファー アウェイ,,far away,far away,,はるか遠くに,複数語,1,原本保持
3928,サンシャイン,SS,3,P7,Robots,Can Improve Quality of Life PROGRAM7,PROGRAM7 7-1～3,P95～P104,95,104,10,1,51,have a fever,"熱がある, 発熱する",☆,1,,have a fever,"熱がある, 発熱する","熱がある, 発熱する",have a fever,10.26SS3_KeyWords_P7_英日_問題.pdf,ハブ ア フィヴァー,,have a fever,have a fever,,"熱がある, 発熱する",複数語,1,原本保持
3929,サンシャイン,SS,3,P7,Robots,Can Improve Quality of Life PROGRAM7,PROGRAM7 7-1～3,P95～P104,95,104,10,1,52,shake hands with ~,~と握手する,☆,1,,shake hands with ~,~と握手する,~と握手する,shake hands with ~,10.26SS3_KeyWords_P7_英日_問題.pdf,シェイク ハンドズ ウィズ ～,,shake hands with ~,shake hands with ~,,~と握手する,表現,1,原本保持
3930,サンシャイン,SS,3,P7,PROGRAM7 Robots,Can Improve Quality of Life,Power-Up4 ウェブサイトで学校を紹介しよう,P105,105,105,10,2,53,several,いくつかの,☆,1,,several,いくつかの,いくつかの,several,10.26SS3_KeyWords_P7_英日_問題.pdf,セヴラル,,several,several,,いくつかの,単語,0,原本保持
3931,サンシャイン,SS,3,P7,PROGRAM7 Robots,Can Improve Quality of Life,Power-Up4 ウェブサイトで学校を紹介しよう,P105,105,105,10,2,54,inter-class,クラス対抗の,,0,,inter-class,クラス対抗の,クラス対抗の,inter-class,10.26SS3_KeyWords_P7_英日_問題.pdf,インター・クラス,,inter-class,inter-class,,クラス対抗の,単語,0,原本保持
3932,サンシャイン,SS,3,P7,PROGRAM7 Robots,Can Improve Quality of Life,Power-Up4 ウェブサイトで学校を紹介しよう,P105,105,105,10,2,55,against,"~に対抗して, 反対して",☆,1,,against,"~に対抗して, 反対して","~に対抗して, 反対して",against,10.26SS3_KeyWords_P7_英日_問題.pdf,アゲンスト,,against,against,,"~に対抗して, 反対して",単語,0,原本保持
3933,サンシャイン,SS,3,P7,PROGRAM7 Robots,Can Improve Quality of Life,Power-Up4 ウェブサイトで学校を紹介しよう,P105,105,105,10,2,56,school trip,修学旅行,,0,,school trip,修学旅行,修学旅行,school trip,10.26SS3_KeyWords_P7_英日_問題.pdf,スクール トリップ,,school trip,school trip,,修学旅行,複数語,1,原本保持
3934,サンシャイン,SS,3,P7,PROGRAM7 Robots,Can Improve Quality of Life,Power-Up4 ウェブサイトで学校を紹介しよう,P105,105,105,10,2,57,race,"競走, レース",,0,,race,"競走, レース","競走, レース",race,10.26SS3_KeyWords_P7_英日_問題.pdf,レイス,,race,race,,"競走, レース",単語,0,原本保持
3935,サンシャイン,SS,3,P7,PROGRAM7 Robots,Can Improve Quality of Life,Power-Up4 ウェブサイトで学校を紹介しよう,P105,105,105,10,2,58,field trip,校外見学,,0,,field trip,校外見学,校外見学,field trip,10.26SS3_KeyWords_P7_英日_問題.pdf,フィールド トリップ,,field trip,field trip,,校外見学,複数語,1,原本保持
3936,サンシャイン,SS,3,P7,PROGRAM7 Robots,Can Improve Quality of Life,Power-Up4 ウェブサイトで学校を紹介しよう,P105,105,105,10,2,59,introduction,紹介,,0,,introduction,紹介,紹介,introduction,10.26SS3_KeyWords_P7_英日_問題.pdf,イントラダックシャン,,introduction,introduction,,紹介,単語,0,原本保持
3937,サンシャイン,SS,3,P7,PROGRAM7 Robots,Can Improve Quality of Life,Power-Up4 ウェブサイトで学校を紹介しよう,P105,105,105,10,2,60,ball game tournament,球技大会,,0,,ball game tournament,球技大会,球技大会,ball game tournament,10.26SS3_KeyWords_P7_英日_問題.pdf,ボール ゲーム トゥーナマント,,ball game tournament,ball game tournament,,球技大会,複数語,1,原本保持
3938,サンシャイン,SS,3,P7,PROGRAM7 Robots,Can Improve Quality of Life,Power-Up4 ウェブサイトで学校を紹介しよう,P105,105,105,10,2,61,exhibition,"展覧会, 展示会",,0,,exhibition,"展覧会, 展示会","展覧会, 展示会",exhibition,10.26SS3_KeyWords_P7_英日_問題.pdf,エックサビシャン,,exhibition,exhibition,,"展覧会, 展示会",単語,0,原本保持
3939,サンシャイン,SS,3,P7,PROGRAM7 Robots,Can Improve Quality of Life,Power-Up4 ウェブサイトで学校を紹介しよう,P105,105,105,10,2,62,chorus contest,合唱コンテスト,,0,,chorus contest,合唱コンテスト,合唱コンテスト,chorus contest,10.26SS3_KeyWords_P7_英日_問題.pdf,コラス カンテスト,,chorus contest,chorus contest,,合唱コンテスト,複数語,1,原本保持
3940,サンシャイン,SS,3,P7,PROGRAM7 Robots,Can Improve Quality of Life,Power-Up4 ウェブサイトで学校を紹介しよう,P105,105,105,10,2,63,access,"接近方法, 交通手段",,0,,access,"接近方法, 交通手段","接近方法, 交通手段",access,10.26SS3_KeyWords_P7_英日_問題.pdf,アックセス,,access,access,,"接近方法, 交通手段",単語,0,原本保持
3941,サンシャイン,SS,3,R2,Malala's,Voice for the Future Reading2,Reading2 教科書本文,P106～P111,106,111,11,1,1,freely,自由に,☆,1,,freely,自由に,自由に,freely,11.26SS3_KeyWords_R2_英日_問題.pdf,フリリ,,freely,freely,,自由に,単語,0,原本保持
3942,サンシャイン,SS,3,R2,Malala's,Voice for the Future Reading2,Reading2 教科書本文,P106～P111,106,111,11,1,2,word,"ことば, 発言, 単語",,0,,word,"ことば, 発言, 単語","ことば, 発言, 単語",word,11.26SS3_KeyWords_R2_英日_問題.pdf,ワード,,word,word,,"ことば, 発言, 単語",単語,0,原本保持
3943,サンシャイン,SS,3,R2,Malala's,Voice for the Future Reading2,Reading2 教科書本文,P106～P111,106,111,11,1,3,immediately,"ただちに, すぐに",☆,1,,immediately,"ただちに, すぐに","ただちに, すぐに",immediately,11.26SS3_KeyWords_R2_英日_問題.pdf,イミディアットリ,,immediately,immediately,,"ただちに, すぐに",単語,0,原本保持
3944,サンシャイン,SS,3,R2,Malala's,Voice for the Future Reading2,Reading2 教科書本文,P106～P111,106,111,11,1,4,shawl,"ショール, 肩掛け",,0,,shawl,"ショール, 肩掛け","ショール, 肩掛け",shawl,11.26SS3_KeyWords_R2_英日_問題.pdf,ショール,,shawl,shawl,,"ショール, 肩掛け",単語,0,原本保持
3945,サンシャイン,SS,3,R2,Malala's,Voice for the Future Reading2,Reading2 教科書本文,P106～P111,106,111,11,1,5,raise,上げる,,0,,raise,上げる,上げる,raise,11.26SS3_KeyWords_R2_英日_問題.pdf,レイズ,,raise,raise,,上げる,単語,0,原本保持
3946,サンシャイン,SS,3,R2,Malala's,Voice for the Future Reading2,Reading2 教科書本文,P106～P111,106,111,11,1,6,the Nobel Peace Prize,ノーベル平和賞,,0,,the Nobel Peace Prize,ノーベル平和賞,ノーベル平和賞,the Nobel Peace Prize,11.26SS3_KeyWords_R2_英日_問題.pdf,ザ ノーベル ピース プライズ,,the Nobel Peace Prize,the Nobel Peace Prize,,ノーベル平和賞,複数語,1,原本保持
3947,サンシャイン,SS,3,R2,Malala's,Voice for the Future Reading2,Reading2 教科書本文,P106～P111,106,111,11,1,7,prize,賞,,0,,prize,賞,賞,prize,11.26SS3_KeyWords_R2_英日_問題.pdf,プライズ,,prize,prize,,賞,単語,0,原本保持
3948,サンシャイン,SS,3,R2,Malala's,Voice for the Future Reading2,Reading2 教科書本文,P106～P111,106,111,11,1,8,Taliban,タリバン(イスラム教過激派組織),,0,,Taliban,タリバン(イスラム教過激派組織),タリバン(イスラム教過激派組織),Taliban,11.26SS3_KeyWords_R2_英日_問題.pdf,タリバン,,Taliban,Taliban,,タリバン(イスラム教過激派組織),単語,0,原本保持
3949,サンシャイン,SS,3,R2,Malala's,Voice for the Future Reading2,Reading2 教科書本文,P106～P111,106,111,11,1,9,whole,"全体の, すべての",,0,,whole,"全体の, すべての","全体の, すべての",whole,11.26SS3_KeyWords_R2_英日_問題.pdf,ホール,,whole,whole,,"全体の, すべての",単語,0,原本保持
3950,サンシャイン,SS,3,R2,Malala's,Voice for the Future Reading2,Reading2 教科書本文,P106～P111,106,111,11,1,10,the Swat Valley,スワート渓谷,,0,,the Swat Valley,スワート渓谷,スワート渓谷,the Swat Valley,11.26SS3_KeyWords_R2_英日_問題.pdf,ザ スワット バレー,,the Swat Valley,the Swat Valley,,スワート渓谷,複数語,1,原本保持
3951,サンシャイン,SS,3,R2,Malala's,Voice for the Future Reading2,Reading2 教科書本文,P106～P111,106,111,11,1,11,recover,回復する,,0,,recover,回復する,回復する,recover,11.26SS3_KeyWords_R2_英日_問題.pdf,リカヴァー,,recover,recover,,回復する,単語,0,原本保持
3952,サンシャイン,SS,3,R2,Malala's,Voice for the Future Reading2,Reading2 教科書本文,P106～P111,106,111,11,1,12,Pakistan,パキスタン,,0,,Pakistan,パキスタン,パキスタン,Pakistan,11.26SS3_KeyWords_R2_英日_問題.pdf,パキスタン,,Pakistan,Pakistan,,パキスタン,単語,0,原本保持
3953,サンシャイン,SS,3,R2,Malala's,Voice for the Future Reading2,Reading2 教科書本文,P106～P111,106,111,11,1,13,award,"与える, 授与する",,0,,award,"与える, 授与する","与える, 授与する",award,11.26SS3_KeyWords_R2_英日_問題.pdf,アウォード,,award,award,,"与える, 授与する",単語,0,原本保持
3954,サンシャイン,SS,3,R2,Malala's,Voice for the Future Reading2,Reading2 教科書本文,P106～P111,106,111,11,1,14,Pakistani,パキスタンの,,0,,Pakistani,パキスタンの,パキスタンの,Pakistani,11.26SS3_KeyWords_R2_英日_問題.pdf,パキスタニ,,Pakistani,Pakistani,,パキスタンの,単語,0,原本保持
3955,サンシャイン,SS,3,R2,Malala's,Voice for the Future Reading2,Reading2 教科書本文,P106～P111,106,111,11,1,15,hide,隠す,,0,,hide,隠す,隠す,hide,11.26SS3_KeyWords_R2_英日_問題.pdf,ハイド,,hide,hide,,隠す,単語,0,原本保持
3956,サンシャイン,SS,3,R2,Malala's,Voice for the Future Reading2,Reading2 教科書本文,P106～P111,106,111,11,1,16,the United Nations (the U.N.),国際連合,,0,,the United Nations (the U.N.),国際連合,国際連合,the United Nations (the U.N.),11.26SS3_KeyWords_R2_英日_問題.pdf,ザ ユナイテッド ネーションズ（ザ ユーエヌ）,,the United Nations (the U.N.),the United Nations,the U.N.,国際連合,複数語,1,個別正規化済み
3957,サンシャイン,SS,3,R2,Malala's,Voice for the Future Reading2,Reading2 教科書本文,P106～P111,106,111,11,1,17,hometown,故郷,,0,,hometown,故郷,故郷,hometown,11.26SS3_KeyWords_R2_英日_問題.pdf,ホムタウン,,hometown,hometown,,故郷,単語,0,原本保持
3958,サンシャイン,SS,3,R2,Malala's,Voice for the Future Reading2,Reading2 教科書本文,P106～P111,106,111,11,1,18,soldier,兵士,,0,,soldier,兵士,兵士,soldier,11.26SS3_KeyWords_R2_英日_問題.pdf,ソールジャー,,soldier,soldier,,兵士,単語,0,原本保持
3959,サンシャイン,SS,3,R2,Malala's,Voice for the Future Reading2,Reading2 教科書本文,P106～P111,106,111,11,1,19,Malala Yousafzai,マララ・ユスフザイ(人名),,0,,Malala Yousafzai,マララ・ユスフザイ(人名),マララ・ユスフザイ(人名),Malala Yousafzai,11.26SS3_KeyWords_R2_英日_問題.pdf,マララ ユスフザイ,,Malala Yousafzai,Malala Yousafzai,,マララ・ユスフザイ(人名),複数語,1,原本保持
3960,サンシャイン,SS,3,R2,Malala's,Voice for the Future Reading2,Reading2 教科書本文,P106～P111,106,111,11,1,20,reality,現実,,0,,reality,現実,現実,reality,11.26SS3_KeyWords_R2_英日_問題.pdf,リアラティ,,reality,reality,,現実,単語,0,原本保持
3961,サンシャイン,SS,3,R2,Malala's,Voice for the Future Reading2,Reading2 教科書本文,P106～P111,106,111,11,1,21,silent,"静かな, 沈黙した",,0,,silent,"静かな, 沈黙した","静かな, 沈黙した",silent,11.26SS3_KeyWords_R2_英日_問題.pdf,サイラント,,silent,silent,,"静かな, 沈黙した",単語,0,原本保持
3962,サンシャイン,SS,3,R2,Malala's,Voice for the Future Reading2,Reading2 教科書本文,P106～P111,106,111,11,1,22,gunman,殺し屋,,0,,gunman,殺し屋,殺し屋,gunman,11.26SS3_KeyWords_R2_英日_問題.pdf,ガンマン,,gunman,gunman,,殺し屋,単語,0,原本保持
3963,サンシャイン,SS,3,R2,Malala's,Voice for the Future Reading2,Reading2 教科書本文,P106～P111,106,111,11,1,23,northern,北の,,0,,northern,北の,北の,northern,11.26SS3_KeyWords_R2_英日_問題.pdf,ノーザーン,,northern,northern,,北の,単語,0,原本保持
3964,サンシャイン,SS,3,R2,Malala's,Voice for the Future Reading2,Reading2 教科書本文,P106～P111,106,111,11,1,24,group,"一団, 集団",,0,,group,"一団, 集団","一団, 集団",group,11.26SS3_KeyWords_R2_英日_問題.pdf,グルプ,,group,group,,"一団, 集団",単語,0,原本保持
3965,サンシャイン,SS,3,R2,Malala's,Voice for the Future Reading2,Reading2 教科書本文,P106～P111,106,111,11,1,25,miserable,"みじめな, 不幸な",,0,,miserable,"みじめな, 不幸な","みじめな, 不幸な",miserable,11.26SS3_KeyWords_R2_英日_問題.pdf,ミザーアッブル,,miserable,miserable,,"みじめな, 不幸な",単語,0,原本保持
3966,サンシャイン,SS,3,R2,Malala's,Voice for the Future Reading2,Reading2 教科書本文,P106～P111,106,111,11,1,26,freedom,自由,,0,,freedom,自由,自由,freedom,11.26SS3_KeyWords_R2_英日_問題.pdf,フリダム,,freedom,freedom,,自由,単語,0,原本保持
3967,サンシャイン,SS,3,R2,Malala's,Voice for the Future Reading2,Reading2 教科書本文,P106～P111,106,111,11,1,27,miraculously,奇跡的に,,0,,miraculously,奇跡的に,奇跡的に,miraculously,11.26SS3_KeyWords_R2_英日_問題.pdf,マーアックヤラスリ,,miraculously,miraculously,,奇跡的に,単語,0,原本保持
3968,サンシャイン,SS,3,R2,Malala's,Voice for the Future Reading2,Reading2 教科書本文,P106～P111,106,111,11,1,28,blog,ブログ,,0,,blog,ブログ,ブログ,blog,11.26SS3_KeyWords_R2_英日_問題.pdf,ブロッグ,,blog,blog,,ブログ,単語,0,原本保持
3969,サンシャイン,SS,3,R2,Malala's,Voice for the Future Reading2,Reading2 教科書本文,P106～P111,106,111,11,1,29,speak out,率直に意見を述べる,,0,,speak out,率直に意見を述べる,率直に意見を述べる,speak out,11.26SS3_KeyWords_R2_英日_問題.pdf,スピーク アウト,,speak out,speak out,,率直に意見を述べる,複数語,1,原本保持
3970,サンシャイン,SS,3,R2,Malala's,Voice for the Future Reading2,Special Project 中学校の思い出を残そう,P112 ～P114,112,114,11,1,30,graduation,卒業,☆,1,,graduation,卒業,卒業,graduation,11.26SS3_KeyWords_R2_英日_問題.pdf,グラジュエイシャン,,graduation,graduation,,卒業,単語,0,原本保持
3971,サンシャイン,SS,3,R2,Malala's,Voice for the Future Reading2,Special Project 中学校の思い出を残そう,P112 ～P114,112,114,11,1,31,victory,勝利,,0,,victory,勝利,勝利,victory,11.26SS3_KeyWords_R2_英日_問題.pdf,ヴィックターイー,,victory,victory,,勝利,単語,0,原本保持
3972,サンシャイン,SS,3,R2,Malala's,Voice for the Future Reading2,Special Project 中学校の思い出を残そう,P112 ～P114,112,114,11,1,32,memory,思い出,☆,1,,memory,思い出,思い出,memory,11.26SS3_KeyWords_R2_英日_問題.pdf,メマーイー,,memory,memory,,思い出,単語,0,原本保持
3973,サンシャイン,SS,3,R2,Malala's,Voice for the Future Reading2,Special Project 中学校の思い出を残そう,P112 ～P114,112,114,11,1,33,harmony,"ハーモニー, 和音",,0,,harmony,"ハーモニー, 和音","ハーモニー, 和音",harmony,11.26SS3_KeyWords_R2_英日_問題.pdf,ハーマニ,,harmony,harmony,,"ハーモニー, 和音",単語,0,原本保持
3974,サンシャイン,SS,3,R2,Malala's,Voice for the Future Reading2,Special Project 中学校の思い出を残そう,P112 ～P114,112,114,11,1,34,Congratulations on ~.,~おめでとう。,☆,1,,Congratulations on ~.,~おめでとう。,~おめでとう。,Congratulations on ~.,11.26SS3_KeyWords_R2_英日_問題.pdf,コングラチュレーションズ オン ～,,Congratulations on ~.,Congratulations on ~.,,~おめでとう。,表現,1,原本保持
3975,サンシャイン,SS,3,R2,Malala's,Voice for the Future Reading2,Special Project 中学校の思い出を残そう,P112 ～P114,112,114,11,1,35,kindness,"親切, やさしさ",,0,,kindness,"親切, やさしさ","親切, やさしさ",kindness,11.26SS3_KeyWords_R2_英日_問題.pdf,カインドナス,,kindness,kindness,,"親切, やさしさ",単語,0,原本保持